[0.000000] (-) TimerEvent: {}
[0.000267] (-) JobUnselected: {'identifier': 'baldor'}
[0.000384] (-) JobUnselected: {'identifier': 'criutils'}
[0.000396] (-) JobUnselected: {'identifier': 'draw_x'}
[0.000407] (-) JobUnselected: {'identifier': 'fixed_position_pick'}
[0.000417] (-) JobUnselected: {'identifier': 'grasp_tutorials'}
[0.000427] (-) JobUnselected: {'identifier': 'handeye'}
[0.000438] (-) JobUnselected: {'identifier': 'handeye_dashboard'}
[0.000448] (-) JobUnselected: {'identifier': 'handeye_target_detection'}
[0.000457] (-) JobUnselected: {'identifier': 'handeye_tf_service'}
[0.000467] (-) JobUnselected: {'identifier': 'random_pick'}
[0.000482] (-) JobUnselected: {'identifier': 'realsense_examples'}
[0.000492] (-) JobUnselected: {'identifier': 'recognize_pick'}
[0.000501] (-) JobUnselected: {'identifier': 'robot_interface'}
[0.000511] (-) JobUnselected: {'identifier': 'ur_description'}
[0.000523] (grasp_msgs) JobQueued: {'identifier': 'grasp_msgs', 'dependencies': OrderedDict()}
[0.000535] (moveit_msgs) JobQueued: {'identifier': 'moveit_msgs', 'dependencies': OrderedDict()}
[0.000546] (realsense_msgs) JobQueued: {'identifier': 'realsense_msgs', 'dependencies': OrderedDict()}
[0.000555] (grasp_ros2) JobQueued: {'identifier': 'grasp_ros2', 'dependencies': OrderedDict([('grasp_msgs', '/root/ros2_ws/install/grasp_msgs'), ('moveit_msgs', '/root/ros2_ws/install/moveit_msgs')])}
[0.000568] (realsense_ros) JobQueued: {'identifier': 'realsense_ros', 'dependencies': OrderedDict([('realsense_msgs', '/root/ros2_ws/install/realsense_msgs')])}
[0.000590] (realsense_node) JobQueued: {'identifier': 'realsense_node', 'dependencies': OrderedDict([('realsense_msgs', '/root/ros2_ws/install/realsense_msgs'), ('realsense_ros', '/root/ros2_ws/install/realsense_ros')])}
[0.000603] (realsense_msgs) JobStarted: {'identifier': 'realsense_msgs'}
[0.004891] (grasp_msgs) JobStarted: {'identifier': 'grasp_msgs'}
[0.007826] (moveit_msgs) JobStarted: {'identifier': 'moveit_msgs'}
[0.012355] (realsense_msgs) JobProgress: {'identifier': 'realsense_msgs', 'progress': 'cmake'}
[0.012692] (realsense_msgs) Command: {'cmd': ['/usr/local/bin/cmake', '/root/ros2_ws/src/ros2_intel_realsense/realsense_msgs', '-DAMENT_CMAKE_SYMLINK_INSTALL=1', '-DCMAKE_INSTALL_PREFIX=/root/ros2_ws/install/realsense_msgs'], 'cwd': '/root/ros2_ws/build/realsense_msgs', 'env': OrderedDict([('LESSOPEN', '| /usr/bin/lesspipe %s'), ('HOSTNAME', '1bd1ca9b3cba'), ('LD_LIBRARY_PATH', '/opt/ros/dashing/opt/yaml_cpp_vendor/lib:/opt/ros/dashing/opt/rviz_ogre_vendor/lib:/opt/ros/dashing/lib'), ('SHLVL', '1'), ('OLDPWD', '/root'), ('HOME', '/root'), ('ROS_PYTHON_VERSION', '3'), ('ROS_DISTRO', 'dashing'), ('_', '/usr/bin/colcon'), ('ROS_VERSION', '2'), ('TERM', 'xterm'), ('PATH', '/opt/ros/dashing/bin:/usr/local/sbin:/usr/local/bin:/usr/sbin:/usr/bin:/sbin:/bin'), ('DISPLAY', ':0'), ('LS_COLORS', 'rs=0:di=01;34:ln=01;36:mh=00:pi=40;33:so=01;35:do=01;35:bd=40;33;01:cd=40;33;01:or=40;31;01:mi=00:su=37;41:sg=30;43:ca=30;41:tw=30;42:ow=34;42:st=37;44:ex=01;32:*.tar=01;31:*.tgz=01;31:*.arc=01;31:*.arj=01;31:*.taz=01;31:*.lha=01;31:*.lz4=01;31:*.lzh=01;31:*.lzma=01;31:*.tlz=01;31:*.txz=01;31:*.tzo=01;31:*.t7z=01;31:*.zip=01;31:*.z=01;31:*.Z=01;31:*.dz=01;31:*.gz=01;31:*.lrz=01;31:*.lz=01;31:*.lzo=01;31:*.xz=01;31:*.zst=01;31:*.tzst=01;31:*.bz2=01;31:*.bz=01;31:*.tbz=01;31:*.tbz2=01;31:*.tz=01;31:*.deb=01;31:*.rpm=01;31:*.jar=01;31:*.war=01;31:*.ear=01;31:*.sar=01;31:*.rar=01;31:*.alz=01;31:*.ace=01;31:*.zoo=01;31:*.cpio=01;31:*.7z=01;31:*.rz=01;31:*.cab=01;31:*.wim=01;31:*.swm=01;31:*.dwm=01;31:*.esd=01;31:*.jpg=01;35:*.jpeg=01;35:*.mjpg=01;35:*.mjpeg=01;35:*.gif=01;35:*.bmp=01;35:*.pbm=01;35:*.pgm=01;35:*.ppm=01;35:*.tga=01;35:*.xbm=01;35:*.xpm=01;35:*.tif=01;35:*.tiff=01;35:*.png=01;35:*.svg=01;35:*.svgz=01;35:*.mng=01;35:*.pcx=01;35:*.mov=01;35:*.mpg=01;35:*.mpeg=01;35:*.m2v=01;35:*.mkv=01;35:*.webm=01;35:*.ogm=01;35:*.mp4=01;35:*.m4v=01;35:*.mp4v=01;35:*.vob=01;35:*.qt=01;35:*.nuv=01;35:*.wmv=01;35:*.asf=01;35:*.rm=01;35:*.rmvb=01;35:*.flc=01;35:*.avi=01;35:*.fli=01;35:*.flv=01;35:*.gl=01;35:*.dl=01;35:*.xcf=01;35:*.xwd=01;35:*.yuv=01;35:*.cgm=01;35:*.emf=01;35:*.ogv=01;35:*.ogx=01;35:*.aac=00;36:*.au=00;36:*.flac=00;36:*.m4a=00;36:*.mid=00;36:*.midi=00;36:*.mka=00;36:*.mp3=00;36:*.mpc=00;36:*.ogg=00;36:*.ra=00;36:*.wav=00;36:*.oga=00;36:*.opus=00;36:*.spx=00;36:*.xspf=00;36:'), ('AMENT_PREFIX_PATH', '/opt/ros/dashing'), ('LESSCLOSE', '/usr/bin/lesspipe %s %s'), ('PWD', '/root/ros2_ws/build/realsense_msgs'), ('PYTHONPATH', '/opt/ros/dashing/lib/python3.6/site-packages'), ('NVIDIA_VISIBLE_DEVICES', 'all'), ('COLCON', '1'), ('CMAKE_PREFIX_PATH', '/opt/ros/dashing')]), 'shell': False}
[0.014926] (grasp_msgs) JobProgress: {'identifier': 'grasp_msgs', 'progress': 'cmake'}
[0.015791] (grasp_msgs) Command: {'cmd': ['/usr/local/bin/cmake', '/root/ros2_ws/src/ros2_grasp_library/grasp_msgs', '-DAMENT_CMAKE_SYMLINK_INSTALL=1', '-DCMAKE_INSTALL_PREFIX=/root/ros2_ws/install/grasp_msgs'], 'cwd': '/root/ros2_ws/build/grasp_msgs', 'env': OrderedDict([('LESSOPEN', '| /usr/bin/lesspipe %s'), ('HOSTNAME', '1bd1ca9b3cba'), ('LD_LIBRARY_PATH', '/opt/ros/dashing/opt/yaml_cpp_vendor/lib:/opt/ros/dashing/opt/rviz_ogre_vendor/lib:/opt/ros/dashing/lib'), ('SHLVL', '1'), ('OLDPWD', '/root'), ('HOME', '/root'), ('ROS_PYTHON_VERSION', '3'), ('ROS_DISTRO', 'dashing'), ('_', '/usr/bin/colcon'), ('ROS_VERSION', '2'), ('TERM', 'xterm'), ('PATH', '/opt/ros/dashing/bin:/usr/local/sbin:/usr/local/bin:/usr/sbin:/usr/bin:/sbin:/bin'), ('DISPLAY', ':0'), ('LS_COLORS', 'rs=0:di=01;34:ln=01;36:mh=00:pi=40;33:so=01;35:do=01;35:bd=40;33;01:cd=40;33;01:or=40;31;01:mi=00:su=37;41:sg=30;43:ca=30;41:tw=30;42:ow=34;42:st=37;44:ex=01;32:*.tar=01;31:*.tgz=01;31:*.arc=01;31:*.arj=01;31:*.taz=01;31:*.lha=01;31:*.lz4=01;31:*.lzh=01;31:*.lzma=01;31:*.tlz=01;31:*.txz=01;31:*.tzo=01;31:*.t7z=01;31:*.zip=01;31:*.z=01;31:*.Z=01;31:*.dz=01;31:*.gz=01;31:*.lrz=01;31:*.lz=01;31:*.lzo=01;31:*.xz=01;31:*.zst=01;31:*.tzst=01;31:*.bz2=01;31:*.bz=01;31:*.tbz=01;31:*.tbz2=01;31:*.tz=01;31:*.deb=01;31:*.rpm=01;31:*.jar=01;31:*.war=01;31:*.ear=01;31:*.sar=01;31:*.rar=01;31:*.alz=01;31:*.ace=01;31:*.zoo=01;31:*.cpio=01;31:*.7z=01;31:*.rz=01;31:*.cab=01;31:*.wim=01;31:*.swm=01;31:*.dwm=01;31:*.esd=01;31:*.jpg=01;35:*.jpeg=01;35:*.mjpg=01;35:*.mjpeg=01;35:*.gif=01;35:*.bmp=01;35:*.pbm=01;35:*.pgm=01;35:*.ppm=01;35:*.tga=01;35:*.xbm=01;35:*.xpm=01;35:*.tif=01;35:*.tiff=01;35:*.png=01;35:*.svg=01;35:*.svgz=01;35:*.mng=01;35:*.pcx=01;35:*.mov=01;35:*.mpg=01;35:*.mpeg=01;35:*.m2v=01;35:*.mkv=01;35:*.webm=01;35:*.ogm=01;35:*.mp4=01;35:*.m4v=01;35:*.mp4v=01;35:*.vob=01;35:*.qt=01;35:*.nuv=01;35:*.wmv=01;35:*.asf=01;35:*.rm=01;35:*.rmvb=01;35:*.flc=01;35:*.avi=01;35:*.fli=01;35:*.flv=01;35:*.gl=01;35:*.dl=01;35:*.xcf=01;35:*.xwd=01;35:*.yuv=01;35:*.cgm=01;35:*.emf=01;35:*.ogv=01;35:*.ogx=01;35:*.aac=00;36:*.au=00;36:*.flac=00;36:*.m4a=00;36:*.mid=00;36:*.midi=00;36:*.mka=00;36:*.mp3=00;36:*.mpc=00;36:*.ogg=00;36:*.ra=00;36:*.wav=00;36:*.oga=00;36:*.opus=00;36:*.spx=00;36:*.xspf=00;36:'), ('AMENT_PREFIX_PATH', '/opt/ros/dashing'), ('LESSCLOSE', '/usr/bin/lesspipe %s %s'), ('PWD', '/root/ros2_ws/build/grasp_msgs'), ('PYTHONPATH', '/opt/ros/dashing/lib/python3.6/site-packages'), ('NVIDIA_VISIBLE_DEVICES', 'all'), ('COLCON', '1'), ('CMAKE_PREFIX_PATH', '/opt/ros/dashing')]), 'shell': False}
[0.016962] (moveit_msgs) JobProgress: {'identifier': 'moveit_msgs', 'progress': 'cmake'}
[0.017296] (moveit_msgs) Command: {'cmd': ['/usr/local/bin/cmake', '/root/ros2_ws/src/ros2_grasp_library/moveit_msgs_light', '-DAMENT_CMAKE_SYMLINK_INSTALL=1', '-DCMAKE_INSTALL_PREFIX=/root/ros2_ws/install/moveit_msgs'], 'cwd': '/root/ros2_ws/build/moveit_msgs', 'env': OrderedDict([('LESSOPEN', '| /usr/bin/lesspipe %s'), ('HOSTNAME', '1bd1ca9b3cba'), ('LD_LIBRARY_PATH', '/opt/ros/dashing/opt/yaml_cpp_vendor/lib:/opt/ros/dashing/opt/rviz_ogre_vendor/lib:/opt/ros/dashing/lib'), ('SHLVL', '1'), ('OLDPWD', '/root'), ('HOME', '/root'), ('ROS_PYTHON_VERSION', '3'), ('ROS_DISTRO', 'dashing'), ('_', '/usr/bin/colcon'), ('ROS_VERSION', '2'), ('TERM', 'xterm'), ('PATH', '/opt/ros/dashing/bin:/usr/local/sbin:/usr/local/bin:/usr/sbin:/usr/bin:/sbin:/bin'), ('DISPLAY', ':0'), ('LS_COLORS', 'rs=0:di=01;34:ln=01;36:mh=00:pi=40;33:so=01;35:do=01;35:bd=40;33;01:cd=40;33;01:or=40;31;01:mi=00:su=37;41:sg=30;43:ca=30;41:tw=30;42:ow=34;42:st=37;44:ex=01;32:*.tar=01;31:*.tgz=01;31:*.arc=01;31:*.arj=01;31:*.taz=01;31:*.lha=01;31:*.lz4=01;31:*.lzh=01;31:*.lzma=01;31:*.tlz=01;31:*.txz=01;31:*.tzo=01;31:*.t7z=01;31:*.zip=01;31:*.z=01;31:*.Z=01;31:*.dz=01;31:*.gz=01;31:*.lrz=01;31:*.lz=01;31:*.lzo=01;31:*.xz=01;31:*.zst=01;31:*.tzst=01;31:*.bz2=01;31:*.bz=01;31:*.tbz=01;31:*.tbz2=01;31:*.tz=01;31:*.deb=01;31:*.rpm=01;31:*.jar=01;31:*.war=01;31:*.ear=01;31:*.sar=01;31:*.rar=01;31:*.alz=01;31:*.ace=01;31:*.zoo=01;31:*.cpio=01;31:*.7z=01;31:*.rz=01;31:*.cab=01;31:*.wim=01;31:*.swm=01;31:*.dwm=01;31:*.esd=01;31:*.jpg=01;35:*.jpeg=01;35:*.mjpg=01;35:*.mjpeg=01;35:*.gif=01;35:*.bmp=01;35:*.pbm=01;35:*.pgm=01;35:*.ppm=01;35:*.tga=01;35:*.xbm=01;35:*.xpm=01;35:*.tif=01;35:*.tiff=01;35:*.png=01;35:*.svg=01;35:*.svgz=01;35:*.mng=01;35:*.pcx=01;35:*.mov=01;35:*.mpg=01;35:*.mpeg=01;35:*.m2v=01;35:*.mkv=01;35:*.webm=01;35:*.ogm=01;35:*.mp4=01;35:*.m4v=01;35:*.mp4v=01;35:*.vob=01;35:*.qt=01;35:*.nuv=01;35:*.wmv=01;35:*.asf=01;35:*.rm=01;35:*.rmvb=01;35:*.flc=01;35:*.avi=01;35:*.fli=01;35:*.flv=01;35:*.gl=01;35:*.dl=01;35:*.xcf=01;35:*.xwd=01;35:*.yuv=01;35:*.cgm=01;35:*.emf=01;35:*.ogv=01;35:*.ogx=01;35:*.aac=00;36:*.au=00;36:*.flac=00;36:*.m4a=00;36:*.mid=00;36:*.midi=00;36:*.mka=00;36:*.mp3=00;36:*.mpc=00;36:*.ogg=00;36:*.ra=00;36:*.wav=00;36:*.oga=00;36:*.opus=00;36:*.spx=00;36:*.xspf=00;36:'), ('AMENT_PREFIX_PATH', '/opt/ros/dashing'), ('LESSCLOSE', '/usr/bin/lesspipe %s %s'), ('PWD', '/root/ros2_ws/build/moveit_msgs'), ('PYTHONPATH', '/opt/ros/dashing/lib/python3.6/site-packages'), ('NVIDIA_VISIBLE_DEVICES', 'all'), ('COLCON', '1'), ('CMAKE_PREFIX_PATH', '/opt/ros/dashing')]), 'shell': False}
[0.035182] (grasp_msgs) StdoutLine: {'line': b'-- Found ament_cmake: 0.7.6 (/opt/ros/dashing/share/ament_cmake/cmake)\n'}
[0.035302] (realsense_msgs) StdoutLine: {'line': b'-- Found ament_cmake: 0.7.6 (/opt/ros/dashing/share/ament_cmake/cmake)\n'}
[0.037057] (moveit_msgs) StdoutLine: {'line': b'-- Found ament_cmake: 0.7.6 (/opt/ros/dashing/share/ament_cmake/cmake)\n'}
[0.059461] (moveit_msgs) StdoutLine: {'line': b'-- Found PythonInterp: /usr/bin/python3 (found suitable version "3.6.9", minimum required is "3") \n'}
[0.059577] (moveit_msgs) StdoutLine: {'line': b'-- Using PYTHON_EXECUTABLE: /usr/bin/python3\n'}
[0.059622] (grasp_msgs) StdoutLine: {'line': b'-- Found PythonInterp: /usr/bin/python3 (found suitable version "3.6.9", minimum required is "3") \n'}
[0.059666] (grasp_msgs) StdoutLine: {'line': b'-- Using PYTHON_EXECUTABLE: /usr/bin/python3\n'}
[0.059704] (realsense_msgs) StdoutLine: {'line': b'-- Found PythonInterp: /usr/bin/python3 (found suitable version "3.6.9", minimum required is "3") \n'}
[0.059747] (realsense_msgs) StdoutLine: {'line': b'-- Using PYTHON_EXECUTABLE: /usr/bin/python3\n'}
[0.099793] (-) TimerEvent: {}
[0.155548] (moveit_msgs) StdoutLine: {'line': b'-- Override CMake install command with custom implementation using symlinks instead of copying resources\n'}
[0.155703] (grasp_msgs) StdoutLine: {'line': b'-- Override CMake install command with custom implementation using symlinks instead of copying resources\n'}
[0.155757] (realsense_msgs) StdoutLine: {'line': b'-- Override CMake install command with custom implementation using symlinks instead of copying resources\n'}
[0.189410] (realsense_msgs) StdoutLine: {'line': b'-- Found rosidl_default_generators: 0.7.0 (/opt/ros/dashing/share/rosidl_default_generators/cmake)\n'}
[0.189543] (grasp_msgs) StdoutLine: {'line': b'-- Found rosidl_default_generators: 0.7.0 (/opt/ros/dashing/share/rosidl_default_generators/cmake)\n'}
[0.189592] (moveit_msgs) StdoutLine: {'line': b'-- Found rosidl_default_generators: 0.7.0 (/opt/ros/dashing/share/rosidl_default_generators/cmake)\n'}
[0.199915] (-) TimerEvent: {}
[0.300119] (-) TimerEvent: {}
[0.304917] (realsense_msgs) StdoutLine: {'line': b'-- Found OpenSSL: /usr/lib/x86_64-linux-gnu/libcrypto.so (found version "1.1.1")  \n'}
[0.305208] (moveit_msgs) StdoutLine: {'line': b'-- Found OpenSSL: /usr/lib/x86_64-linux-gnu/libcrypto.so (found version "1.1.1")  \n'}
[0.305298] (grasp_msgs) StdoutLine: {'line': b'-- Found OpenSSL: /usr/lib/x86_64-linux-gnu/libcrypto.so (found version "1.1.1")  \n'}
[0.335198] (moveit_msgs) StdoutLine: {'line': b'-- Found FastRTPS: /opt/ros/dashing/include  \n'}
[0.335509] (grasp_msgs) StdoutLine: {'line': b'-- Found FastRTPS: /opt/ros/dashing/include  \n'}
[0.335648] (realsense_msgs) StdoutLine: {'line': b'-- Found FastRTPS: /opt/ros/dashing/include  \n'}
[0.375504] (grasp_msgs) StdoutLine: {'line': b'-- Found rosidl_adapter: 0.7.10 (/opt/ros/dashing/share/rosidl_adapter/cmake)\n'}
[0.375595] (moveit_msgs) StdoutLine: {'line': b'-- Found rosidl_adapter: 0.7.10 (/opt/ros/dashing/share/rosidl_adapter/cmake)\n'}
[0.375643] (realsense_msgs) StdoutLine: {'line': b'-- Found rosidl_adapter: 0.7.10 (/opt/ros/dashing/share/rosidl_adapter/cmake)\n'}
[0.400239] (-) TimerEvent: {}
[0.500493] (-) TimerEvent: {}
[0.540707] (realsense_msgs) StdoutLine: {'line': b'-- Found std_msgs: 0.7.1 (/opt/ros/dashing/share/std_msgs/cmake)\n'}
[0.541047] (moveit_msgs) StdoutLine: {'line': b'-- Found builtin_interfaces: 0.7.4 (/opt/ros/dashing/share/builtin_interfaces/cmake)\n'}
[0.541120] (grasp_msgs) StdoutLine: {'line': b'-- Found builtin_interfaces: 0.7.4 (/opt/ros/dashing/share/builtin_interfaces/cmake)\n'}
[0.558646] (grasp_msgs) StdoutLine: {'line': b'-- Found std_msgs: 0.7.1 (/opt/ros/dashing/share/std_msgs/cmake)\n'}
[0.558821] (moveit_msgs) StdoutLine: {'line': b'-- Found std_msgs: 0.7.1 (/opt/ros/dashing/share/std_msgs/cmake)\n'}
[0.572975] (grasp_msgs) StdoutLine: {'line': b'-- Found geometry_msgs: 0.7.1 (/opt/ros/dashing/share/geometry_msgs/cmake)\n'}
[0.573134] (moveit_msgs) StdoutLine: {'line': b'-- Found geometry_msgs: 0.7.1 (/opt/ros/dashing/share/geometry_msgs/cmake)\n'}
[0.589661] (realsense_msgs) StdoutLine: {'line': b'-- Found PythonInterp: /usr/bin/python3 (found version "3.6.9") \n'}
[0.591957] (moveit_msgs) StdoutLine: {'line': b'-- Found shape_msgs: 0.7.1 (/opt/ros/dashing/share/shape_msgs/cmake)\n'}
[0.600623] (-) TimerEvent: {}
[0.609040] (grasp_msgs) StdoutLine: {'line': b'-- Found PythonInterp: /usr/bin/python3 (found version "3.6.9") \n'}
[0.614649] (moveit_msgs) StdoutLine: {'line': b'-- Found trajectory_msgs: 0.7.1 (/opt/ros/dashing/share/trajectory_msgs/cmake)\n'}
[0.668174] (moveit_msgs) StdoutLine: {'line': b'-- Found PythonInterp: /usr/bin/python3 (found version "3.6.9") \n'}
[0.700759] (-) TimerEvent: {}
[0.801024] (-) TimerEvent: {}
[0.806119] (realsense_msgs) StdoutLine: {'line': b'-- Using single matching rosidl_typesupport_c: rosidl_typesupport_fastrtps_c\n'}
[0.821877] (realsense_msgs) StdoutLine: {'line': b'-- Found ament_cmake_cppcheck: 0.7.12 (/opt/ros/dashing/share/ament_cmake_cppcheck/cmake)\n'}
[0.825216] (realsense_msgs) StdoutLine: {'line': b'-- Found ament_cmake_cpplint: 0.7.12 (/opt/ros/dashing/share/ament_cmake_cpplint/cmake)\n'}
[0.828568] (realsense_msgs) StdoutLine: {'line': b'-- Found ament_cmake_uncrustify: 0.7.12 (/opt/ros/dashing/share/ament_cmake_uncrustify/cmake)\n'}
[0.901164] (-) TimerEvent: {}
[0.908121] (realsense_msgs) StdoutLine: {'line': b'-- Using single matching rosidl_typesupport_cpp: rosidl_typesupport_fastrtps_cpp\n'}
[0.957973] (grasp_msgs) StdoutLine: {'line': b'-- Using single matching rosidl_typesupport_c: rosidl_typesupport_fastrtps_c\n'}
[0.980250] (grasp_msgs) StdoutLine: {'line': b'-- Found ament_cmake_cppcheck: 0.7.12 (/opt/ros/dashing/share/ament_cmake_cppcheck/cmake)\n'}
[0.983071] (grasp_msgs) StdoutLine: {'line': b'-- Found ament_cmake_cpplint: 0.7.12 (/opt/ros/dashing/share/ament_cmake_cpplint/cmake)\n'}
[0.985967] (grasp_msgs) StdoutLine: {'line': b'-- Found ament_cmake_uncrustify: 0.7.12 (/opt/ros/dashing/share/ament_cmake_uncrustify/cmake)\n'}
[1.001315] (-) TimerEvent: {}
[1.087160] (moveit_msgs) StdoutLine: {'line': b'-- Using single matching rosidl_typesupport_c: rosidl_typesupport_fastrtps_c\n'}
[1.101445] (-) TimerEvent: {}
[1.134201] (grasp_msgs) StdoutLine: {'line': b'-- Using single matching rosidl_typesupport_cpp: rosidl_typesupport_fastrtps_cpp\n'}
[1.138431] (moveit_msgs) StdoutLine: {'line': b'-- Found ament_cmake_cppcheck: 0.7.12 (/opt/ros/dashing/share/ament_cmake_cppcheck/cmake)\n'}
[1.141369] (moveit_msgs) StdoutLine: {'line': b'-- Found ament_cmake_cpplint: 0.7.12 (/opt/ros/dashing/share/ament_cmake_cpplint/cmake)\n'}
[1.144471] (moveit_msgs) StdoutLine: {'line': b'-- Found ament_cmake_uncrustify: 0.7.12 (/opt/ros/dashing/share/ament_cmake_uncrustify/cmake)\n'}
[1.201581] (-) TimerEvent: {}
[1.301764] (-) TimerEvent: {}
[1.316463] (moveit_msgs) StdoutLine: {'line': b'-- Using single matching rosidl_typesupport_cpp: rosidl_typesupport_fastrtps_cpp\n'}
[1.401866] (-) TimerEvent: {}
[1.502088] (-) TimerEvent: {}
[1.601456] (realsense_msgs) StdoutLine: {'line': b'-- Found rmw_implementation_cmake: 0.7.2 (/opt/ros/dashing/share/rmw_implementation_cmake/cmake)\n'}
[1.602164] (-) TimerEvent: {}
[1.621771] (realsense_msgs) StdoutLine: {'line': b'-- Found PythonInterp: /usr/bin/python3 (found suitable version "3.6.9", minimum required is "3.5") \n'}
[1.623939] (realsense_msgs) StdoutLine: {'line': b'-- Found python_cmake_module: 0.7.11 (/opt/ros/dashing/share/python_cmake_module/cmake)\n'}
[1.649652] (realsense_msgs) StdoutLine: {'line': b'-- Found PythonLibs: /usr/lib/x86_64-linux-gnu/libpython3.6m.so (found suitable version "3.6.9", minimum required is "3.5") \n'}
[1.649908] (realsense_msgs) StdoutLine: {'line': b'-- Using PYTHON_EXECUTABLE: /usr/bin/python3\n'}
[1.649983] (realsense_msgs) StdoutLine: {'line': b'-- Using PYTHON_INCLUDE_DIRS: /usr/include/python3.6m\n'}
[1.650027] (realsense_msgs) StdoutLine: {'line': b'-- Using PYTHON_LIBRARIES: /usr/lib/x86_64-linux-gnu/libpython3.6m.so\n'}
[1.664586] (realsense_msgs) StdoutLine: {'line': b'-- Found PythonExtra: .so  \n'}
[1.702305] (-) TimerEvent: {}
[1.802483] (-) TimerEvent: {}
[1.902716] (-) TimerEvent: {}
[1.933473] (realsense_msgs) StdoutLine: {'line': b'-- Found ament_cmake_flake8: 0.7.12 (/opt/ros/dashing/share/ament_cmake_flake8/cmake)\n'}
[1.936911] (realsense_msgs) StdoutLine: {'line': b'-- Found ament_cmake_pep257: 0.7.12 (/opt/ros/dashing/share/ament_cmake_pep257/cmake)\n'}
[1.961793] (realsense_msgs) StdoutLine: {'line': b'-- Configuring done\n'}
[2.002849] (-) TimerEvent: {}
[2.075488] (realsense_msgs) StdoutLine: {'line': b'-- Generating done\n'}
[2.079336] (realsense_msgs) StdoutLine: {'line': b'-- Build files have been written to: /root/ros2_ws/build/realsense_msgs\n'}
[2.083339] (realsense_msgs) CommandEnded: {'returncode': 0}
[2.083762] (realsense_msgs) JobProgress: {'identifier': 'realsense_msgs', 'progress': 'build'}
[2.084284] (realsense_msgs) Command: {'cmd': ['/usr/local/bin/cmake', '--build', '/root/ros2_ws/build/realsense_msgs', '--', '-j16', '-l16'], 'cwd': '/root/ros2_ws/build/realsense_msgs', 'env': OrderedDict([('LESSOPEN', '| /usr/bin/lesspipe %s'), ('HOSTNAME', '1bd1ca9b3cba'), ('LD_LIBRARY_PATH', '/opt/ros/dashing/opt/yaml_cpp_vendor/lib:/opt/ros/dashing/opt/rviz_ogre_vendor/lib:/opt/ros/dashing/lib'), ('SHLVL', '1'), ('OLDPWD', '/root'), ('HOME', '/root'), ('ROS_PYTHON_VERSION', '3'), ('ROS_DISTRO', 'dashing'), ('_', '/usr/bin/colcon'), ('ROS_VERSION', '2'), ('TERM', 'xterm'), ('PATH', '/opt/ros/dashing/bin:/usr/local/sbin:/usr/local/bin:/usr/sbin:/usr/bin:/sbin:/bin'), ('DISPLAY', ':0'), ('LS_COLORS', 'rs=0:di=01;34:ln=01;36:mh=00:pi=40;33:so=01;35:do=01;35:bd=40;33;01:cd=40;33;01:or=40;31;01:mi=00:su=37;41:sg=30;43:ca=30;41:tw=30;42:ow=34;42:st=37;44:ex=01;32:*.tar=01;31:*.tgz=01;31:*.arc=01;31:*.arj=01;31:*.taz=01;31:*.lha=01;31:*.lz4=01;31:*.lzh=01;31:*.lzma=01;31:*.tlz=01;31:*.txz=01;31:*.tzo=01;31:*.t7z=01;31:*.zip=01;31:*.z=01;31:*.Z=01;31:*.dz=01;31:*.gz=01;31:*.lrz=01;31:*.lz=01;31:*.lzo=01;31:*.xz=01;31:*.zst=01;31:*.tzst=01;31:*.bz2=01;31:*.bz=01;31:*.tbz=01;31:*.tbz2=01;31:*.tz=01;31:*.deb=01;31:*.rpm=01;31:*.jar=01;31:*.war=01;31:*.ear=01;31:*.sar=01;31:*.rar=01;31:*.alz=01;31:*.ace=01;31:*.zoo=01;31:*.cpio=01;31:*.7z=01;31:*.rz=01;31:*.cab=01;31:*.wim=01;31:*.swm=01;31:*.dwm=01;31:*.esd=01;31:*.jpg=01;35:*.jpeg=01;35:*.mjpg=01;35:*.mjpeg=01;35:*.gif=01;35:*.bmp=01;35:*.pbm=01;35:*.pgm=01;35:*.ppm=01;35:*.tga=01;35:*.xbm=01;35:*.xpm=01;35:*.tif=01;35:*.tiff=01;35:*.png=01;35:*.svg=01;35:*.svgz=01;35:*.mng=01;35:*.pcx=01;35:*.mov=01;35:*.mpg=01;35:*.mpeg=01;35:*.m2v=01;35:*.mkv=01;35:*.webm=01;35:*.ogm=01;35:*.mp4=01;35:*.m4v=01;35:*.mp4v=01;35:*.vob=01;35:*.qt=01;35:*.nuv=01;35:*.wmv=01;35:*.asf=01;35:*.rm=01;35:*.rmvb=01;35:*.flc=01;35:*.avi=01;35:*.fli=01;35:*.flv=01;35:*.gl=01;35:*.dl=01;35:*.xcf=01;35:*.xwd=01;35:*.yuv=01;35:*.cgm=01;35:*.emf=01;35:*.ogv=01;35:*.ogx=01;35:*.aac=00;36:*.au=00;36:*.flac=00;36:*.m4a=00;36:*.mid=00;36:*.midi=00;36:*.mka=00;36:*.mp3=00;36:*.mpc=00;36:*.ogg=00;36:*.ra=00;36:*.wav=00;36:*.oga=00;36:*.opus=00;36:*.spx=00;36:*.xspf=00;36:'), ('AMENT_PREFIX_PATH', '/opt/ros/dashing'), ('LESSCLOSE', '/usr/bin/lesspipe %s %s'), ('PWD', '/root/ros2_ws/build/realsense_msgs'), ('PYTHONPATH', '/opt/ros/dashing/lib/python3.6/site-packages'), ('NVIDIA_VISIBLE_DEVICES', 'all'), ('COLCON', '1'), ('CMAKE_PREFIX_PATH', '/opt/ros/dashing')]), 'shell': False}
[2.101222] (realsense_msgs) StdoutLine: {'line': b'\x1b[35m\x1b[1mScanning dependencies of target realsense_msgs__cpp\x1b[0m\n'}
[2.101362] (realsense_msgs) StdoutLine: {'line': b'[  3%] \x1b[34m\x1b[1mGenerating C code for ROS interfaces\x1b[0m\n'}
[2.102929] (-) TimerEvent: {}
[2.104619] (realsense_msgs) StdoutLine: {'line': b'[  6%] \x1b[34m\x1b[1mGenerating C++ code for ROS interfaces\x1b[0m\n'}
[2.203031] (-) TimerEvent: {}
[2.277150] (realsense_msgs) StdoutLine: {'line': b'[  6%] Built target realsense_msgs__cpp\n'}
[2.280448] (realsense_msgs) StdoutLine: {'line': b'[ 10%] \x1b[34m\x1b[1mGenerating C++ type support for eProsima Fast-RTPS\x1b[0m\n'}
[2.280587] (realsense_msgs) StdoutLine: {'line': b'[ 13%] \x1b[34m\x1b[1mGenerating C++ introspection for ROS interfaces\x1b[0m\n'}
[2.287541] (realsense_msgs) StdoutLine: {'line': b'\x1b[35m\x1b[1mScanning dependencies of target realsense_msgs__rosidl_generator_c\x1b[0m\n'}
[2.292847] (grasp_msgs) StdoutLine: {'line': b'-- Found rmw_implementation_cmake: 0.7.2 (/opt/ros/dashing/share/rmw_implementation_cmake/cmake)\n'}
[2.294971] (realsense_msgs) StdoutLine: {'line': b'[ 17%] \x1b[32mBuilding C object CMakeFiles/realsense_msgs__rosidl_generator_c.dir/rosidl_generator_c/realsense_msgs/msg/imu_info__functions.c.o\x1b[0m\n'}
[2.303167] (-) TimerEvent: {}
[2.314018] (grasp_msgs) StdoutLine: {'line': b'-- Found PythonInterp: /usr/bin/python3 (found suitable version "3.6.9", minimum required is "3.5") \n'}
[2.315658] (grasp_msgs) StdoutLine: {'line': b'-- Found python_cmake_module: 0.7.11 (/opt/ros/dashing/share/python_cmake_module/cmake)\n'}
[2.323208] (realsense_msgs) StdoutLine: {'line': b'[ 20%] \x1b[32m\x1b[1mLinking C shared library librealsense_msgs__rosidl_generator_c.so\x1b[0m\n'}
[2.341152] (realsense_msgs) StdoutLine: {'line': b'[ 20%] Built target realsense_msgs__rosidl_generator_c\n'}
[2.341409] (grasp_msgs) StdoutLine: {'line': b'-- Found PythonLibs: /usr/lib/x86_64-linux-gnu/libpython3.6m.so (found suitable version "3.6.9", minimum required is "3.5") \n'}
[2.341875] (grasp_msgs) StdoutLine: {'line': b'-- Using PYTHON_EXECUTABLE: /usr/bin/python3\n'}
[2.341959] (grasp_msgs) StdoutLine: {'line': b'-- Using PYTHON_INCLUDE_DIRS: /usr/include/python3.6m\n'}
[2.342008] (grasp_msgs) StdoutLine: {'line': b'-- Using PYTHON_LIBRARIES: /usr/lib/x86_64-linux-gnu/libpython3.6m.so\n'}
[2.344752] (realsense_msgs) StdoutLine: {'line': b'[ 24%] \x1b[34m\x1b[1mGenerating C introspection for ROS interfaces\x1b[0m\n'}
[2.358273] (grasp_msgs) StdoutLine: {'line': b'-- Found PythonExtra: .so  \n'}
[2.403327] (-) TimerEvent: {}
[2.441101] (realsense_msgs) StdoutLine: {'line': b'\x1b[35m\x1b[1mScanning dependencies of target realsense_msgs__rosidl_typesupport_introspection_cpp\x1b[0m\n'}
[2.447025] (realsense_msgs) StdoutLine: {'line': b'\x1b[35m\x1b[1mScanning dependencies of target realsense_msgs__rosidl_typesupport_fastrtps_cpp\x1b[0m\n'}
[2.448929] (realsense_msgs) StdoutLine: {'line': b'[ 27%] \x1b[32mBuilding CXX object CMakeFiles/realsense_msgs__rosidl_typesupport_introspection_cpp.dir/rosidl_typesupport_introspection_cpp/realsense_msgs/msg/imu_info__type_support.cpp.o\x1b[0m\n'}
[2.455944] (realsense_msgs) StdoutLine: {'line': b'[ 31%] \x1b[32mBuilding CXX object CMakeFiles/realsense_msgs__rosidl_typesupport_fastrtps_cpp.dir/rosidl_typesupport_fastrtps_cpp/realsense_msgs/msg/dds_fastrtps/imu_info__type_support.cpp.o\x1b[0m\n'}
[2.503540] (-) TimerEvent: {}
[2.505592] (realsense_msgs) StdoutLine: {'line': b'\x1b[35m\x1b[1mScanning dependencies of target realsense_msgs__rosidl_typesupport_introspection_c\x1b[0m\n'}
[2.512322] (realsense_msgs) StdoutLine: {'line': b'[ 34%] \x1b[32mBuilding C object CMakeFiles/realsense_msgs__rosidl_typesupport_introspection_c.dir/rosidl_typesupport_introspection_c/realsense_msgs/msg/imu_info__type_support.c.o\x1b[0m\n'}
[2.528633] (realsense_msgs) StdoutLine: {'line': b'[ 37%] \x1b[32m\x1b[1mLinking C shared library librealsense_msgs__rosidl_typesupport_introspection_c.so\x1b[0m\n'}
[2.542009] (realsense_msgs) StdoutLine: {'line': b'[ 37%] Built target realsense_msgs__rosidl_typesupport_introspection_c\n'}
[2.591462] (realsense_msgs) StdoutLine: {'line': b'[ 41%] \x1b[32m\x1b[1mLinking CXX shared library librealsense_msgs__rosidl_typesupport_introspection_cpp.so\x1b[0m\n'}
[2.603679] (-) TimerEvent: {}
[2.610618] (realsense_msgs) StdoutLine: {'line': b'[ 41%] Built target realsense_msgs__rosidl_typesupport_introspection_cpp\n'}
[2.658483] (realsense_msgs) StdoutLine: {'line': b'[ 44%] \x1b[32m\x1b[1mLinking CXX shared library librealsense_msgs__rosidl_typesupport_fastrtps_cpp.so\x1b[0m\n'}
[2.701744] (realsense_msgs) StdoutLine: {'line': b'[ 44%] Built target realsense_msgs__rosidl_typesupport_fastrtps_cpp\n'}
[2.703746] (-) TimerEvent: {}
[2.705107] (realsense_msgs) StdoutLine: {'line': b'[ 48%] \x1b[34m\x1b[1mGenerating C++ type support dispatch for ROS interfaces\x1b[0m\n'}
[2.705198] (realsense_msgs) StdoutLine: {'line': b'[ 51%] \x1b[34m\x1b[1mGenerating C type support for eProsima Fast-RTPS\x1b[0m\n'}
[2.709232] (grasp_msgs) StdoutLine: {'line': b'-- Found ament_cmake_flake8: 0.7.12 (/opt/ros/dashing/share/ament_cmake_flake8/cmake)\n'}
[2.712103] (grasp_msgs) StdoutLine: {'line': b'-- Found ament_cmake_pep257: 0.7.12 (/opt/ros/dashing/share/ament_cmake_pep257/cmake)\n'}
[2.735623] (grasp_msgs) StdoutLine: {'line': b'-- Configuring done\n'}
[2.803899] (-) TimerEvent: {}
[2.818176] (moveit_msgs) StdoutLine: {'line': b'-- Found rmw_implementation_cmake: 0.7.2 (/opt/ros/dashing/share/rmw_implementation_cmake/cmake)\n'}
[2.839664] (moveit_msgs) StdoutLine: {'line': b'-- Found PythonInterp: /usr/bin/python3 (found suitable version "3.6.9", minimum required is "3.5") \n'}
[2.841272] (moveit_msgs) StdoutLine: {'line': b'-- Found python_cmake_module: 0.7.11 (/opt/ros/dashing/share/python_cmake_module/cmake)\n'}
[2.850644] (realsense_msgs) StdoutLine: {'line': b'\x1b[35m\x1b[1mScanning dependencies of target realsense_msgs__rosidl_typesupport_cpp\x1b[0m\n'}
[2.858201] (realsense_msgs) StdoutLine: {'line': b'[ 55%] \x1b[32mBuilding CXX object CMakeFiles/realsense_msgs__rosidl_typesupport_cpp.dir/rosidl_typesupport_cpp/realsense_msgs/msg/imu_info__type_support.cpp.o\x1b[0m\n'}
[2.864647] (realsense_msgs) StdoutLine: {'line': b'\x1b[35m\x1b[1mScanning dependencies of target realsense_msgs__rosidl_typesupport_fastrtps_c\x1b[0m\n'}
[2.866352] (moveit_msgs) StdoutLine: {'line': b'-- Found PythonLibs: /usr/lib/x86_64-linux-gnu/libpython3.6m.so (found suitable version "3.6.9", minimum required is "3.5") \n'}
[2.866648] (moveit_msgs) StdoutLine: {'line': b'-- Using PYTHON_EXECUTABLE: /usr/bin/python3\n'}
[2.866734] (moveit_msgs) StdoutLine: {'line': b'-- Using PYTHON_INCLUDE_DIRS: /usr/include/python3.6m\n'}
[2.866797] (moveit_msgs) StdoutLine: {'line': b'-- Using PYTHON_LIBRARIES: /usr/lib/x86_64-linux-gnu/libpython3.6m.so\n'}
[2.873577] (realsense_msgs) StdoutLine: {'line': b'[ 58%] \x1b[32mBuilding CXX object CMakeFiles/realsense_msgs__rosidl_typesupport_fastrtps_c.dir/rosidl_typesupport_fastrtps_c/realsense_msgs/msg/imu_info__type_support_c.cpp.o\x1b[0m\n'}
[2.882654] (moveit_msgs) StdoutLine: {'line': b'-- Found PythonExtra: .so  \n'}
[2.891621] (grasp_msgs) StdoutLine: {'line': b'-- Generating done\n'}
[2.895742] (grasp_msgs) StdoutLine: {'line': b'-- Build files have been written to: /root/ros2_ws/build/grasp_msgs\n'}
[2.900236] (grasp_msgs) CommandEnded: {'returncode': 0}
[2.900651] (grasp_msgs) JobProgress: {'identifier': 'grasp_msgs', 'progress': 'build'}
[2.900863] (grasp_msgs) Command: {'cmd': ['/usr/local/bin/cmake', '--build', '/root/ros2_ws/build/grasp_msgs', '--', '-j16', '-l16'], 'cwd': '/root/ros2_ws/build/grasp_msgs', 'env': OrderedDict([('LESSOPEN', '| /usr/bin/lesspipe %s'), ('HOSTNAME', '1bd1ca9b3cba'), ('LD_LIBRARY_PATH', '/opt/ros/dashing/opt/yaml_cpp_vendor/lib:/opt/ros/dashing/opt/rviz_ogre_vendor/lib:/opt/ros/dashing/lib'), ('SHLVL', '1'), ('OLDPWD', '/root'), ('HOME', '/root'), ('ROS_PYTHON_VERSION', '3'), ('ROS_DISTRO', 'dashing'), ('_', '/usr/bin/colcon'), ('ROS_VERSION', '2'), ('TERM', 'xterm'), ('PATH', '/opt/ros/dashing/bin:/usr/local/sbin:/usr/local/bin:/usr/sbin:/usr/bin:/sbin:/bin'), ('DISPLAY', ':0'), ('LS_COLORS', 'rs=0:di=01;34:ln=01;36:mh=00:pi=40;33:so=01;35:do=01;35:bd=40;33;01:cd=40;33;01:or=40;31;01:mi=00:su=37;41:sg=30;43:ca=30;41:tw=30;42:ow=34;42:st=37;44:ex=01;32:*.tar=01;31:*.tgz=01;31:*.arc=01;31:*.arj=01;31:*.taz=01;31:*.lha=01;31:*.lz4=01;31:*.lzh=01;31:*.lzma=01;31:*.tlz=01;31:*.txz=01;31:*.tzo=01;31:*.t7z=01;31:*.zip=01;31:*.z=01;31:*.Z=01;31:*.dz=01;31:*.gz=01;31:*.lrz=01;31:*.lz=01;31:*.lzo=01;31:*.xz=01;31:*.zst=01;31:*.tzst=01;31:*.bz2=01;31:*.bz=01;31:*.tbz=01;31:*.tbz2=01;31:*.tz=01;31:*.deb=01;31:*.rpm=01;31:*.jar=01;31:*.war=01;31:*.ear=01;31:*.sar=01;31:*.rar=01;31:*.alz=01;31:*.ace=01;31:*.zoo=01;31:*.cpio=01;31:*.7z=01;31:*.rz=01;31:*.cab=01;31:*.wim=01;31:*.swm=01;31:*.dwm=01;31:*.esd=01;31:*.jpg=01;35:*.jpeg=01;35:*.mjpg=01;35:*.mjpeg=01;35:*.gif=01;35:*.bmp=01;35:*.pbm=01;35:*.pgm=01;35:*.ppm=01;35:*.tga=01;35:*.xbm=01;35:*.xpm=01;35:*.tif=01;35:*.tiff=01;35:*.png=01;35:*.svg=01;35:*.svgz=01;35:*.mng=01;35:*.pcx=01;35:*.mov=01;35:*.mpg=01;35:*.mpeg=01;35:*.m2v=01;35:*.mkv=01;35:*.webm=01;35:*.ogm=01;35:*.mp4=01;35:*.m4v=01;35:*.mp4v=01;35:*.vob=01;35:*.qt=01;35:*.nuv=01;35:*.wmv=01;35:*.asf=01;35:*.rm=01;35:*.rmvb=01;35:*.flc=01;35:*.avi=01;35:*.fli=01;35:*.flv=01;35:*.gl=01;35:*.dl=01;35:*.xcf=01;35:*.xwd=01;35:*.yuv=01;35:*.cgm=01;35:*.emf=01;35:*.ogv=01;35:*.ogx=01;35:*.aac=00;36:*.au=00;36:*.flac=00;36:*.m4a=00;36:*.mid=00;36:*.midi=00;36:*.mka=00;36:*.mp3=00;36:*.mpc=00;36:*.ogg=00;36:*.ra=00;36:*.wav=00;36:*.oga=00;36:*.opus=00;36:*.spx=00;36:*.xspf=00;36:'), ('AMENT_PREFIX_PATH', '/opt/ros/dashing'), ('LESSCLOSE', '/usr/bin/lesspipe %s %s'), ('PWD', '/root/ros2_ws/build/grasp_msgs'), ('PYTHONPATH', '/opt/ros/dashing/lib/python3.6/site-packages'), ('NVIDIA_VISIBLE_DEVICES', 'all'), ('COLCON', '1'), ('CMAKE_PREFIX_PATH', '/opt/ros/dashing')]), 'shell': False}
[2.903991] (-) TimerEvent: {}
[2.919201] (grasp_msgs) StdoutLine: {'line': b'\x1b[35m\x1b[1mScanning dependencies of target grasp_msgs__cpp\x1b[0m\n'}
[2.919522] (grasp_msgs) StdoutLine: {'line': b'[  2%] \x1b[34m\x1b[1mGenerating C code for ROS interfaces\x1b[0m\n'}
[2.923114] (grasp_msgs) StdoutLine: {'line': b'[  4%] \x1b[34m\x1b[1mGenerating C++ code for ROS interfaces\x1b[0m\n'}
[3.004090] (-) TimerEvent: {}
[3.039723] (realsense_msgs) StdoutLine: {'line': b'[ 62%] \x1b[32m\x1b[1mLinking CXX shared library librealsense_msgs__rosidl_typesupport_fastrtps_c.so\x1b[0m\n'}
[3.047117] (realsense_msgs) StdoutLine: {'line': b'[ 65%] \x1b[32m\x1b[1mLinking CXX shared library librealsense_msgs__rosidl_typesupport_cpp.so\x1b[0m\n'}
[3.088378] (realsense_msgs) StdoutLine: {'line': b'[ 65%] Built target realsense_msgs__rosidl_typesupport_fastrtps_c\n'}
[3.092197] (realsense_msgs) StdoutLine: {'line': b'[ 68%] \x1b[34m\x1b[1mGenerating C type support dispatch for ROS interfaces\x1b[0m\n'}
[3.093512] (realsense_msgs) StdoutLine: {'line': b'[ 68%] Built target realsense_msgs__rosidl_typesupport_cpp\n'}
[3.104155] (-) TimerEvent: {}
[3.204382] (-) TimerEvent: {}
[3.248714] (realsense_msgs) StdoutLine: {'line': b'\x1b[35m\x1b[1mScanning dependencies of target realsense_msgs__rosidl_typesupport_c\x1b[0m\n'}
[3.255068] (realsense_msgs) StdoutLine: {'line': b'[ 72%] \x1b[32mBuilding CXX object CMakeFiles/realsense_msgs__rosidl_typesupport_c.dir/rosidl_typesupport_c/realsense_msgs/msg/imu_info__type_support.cpp.o\x1b[0m\n'}
[3.271745] (realsense_msgs) StdoutLine: {'line': b'[ 75%] \x1b[32m\x1b[1mLinking CXX shared library librealsense_msgs__rosidl_typesupport_c.so\x1b[0m\n'}
[3.272130] (grasp_msgs) StdoutLine: {'line': b'[  4%] Built target grasp_msgs__cpp\n'}
[3.276075] (grasp_msgs) StdoutLine: {'line': b'[  6%] \x1b[34m\x1b[1mGenerating C++ type support for eProsima Fast-RTPS\x1b[0m\n'}
[3.276313] (grasp_msgs) StdoutLine: {'line': b'[  8%] \x1b[34m\x1b[1mGenerating C++ introspection for ROS interfaces\x1b[0m\n'}
[3.299734] (grasp_msgs) StdoutLine: {'line': b'\x1b[35m\x1b[1mScanning dependencies of target grasp_msgs__rosidl_generator_c\x1b[0m\n'}
[3.302169] (realsense_msgs) StdoutLine: {'line': b'[ 75%] Built target realsense_msgs__rosidl_typesupport_c\n'}
[3.304437] (-) TimerEvent: {}
[3.305149] (realsense_msgs) StdoutLine: {'line': b'\x1b[35m\x1b[1mScanning dependencies of target realsense_msgs\x1b[0m\n'}
[3.308647] (realsense_msgs) StdoutLine: {'line': b'[ 75%] Built target realsense_msgs\n'}
[3.308769] (grasp_msgs) StdoutLine: {'line': b'[ 11%] \x1b[32mBuilding C object CMakeFiles/grasp_msgs__rosidl_generator_c.dir/rosidl_generator_c/grasp_msgs/msg/grasp_config__functions.c.o\x1b[0m\n'}
[3.308937] (grasp_msgs) StdoutLine: {'line': b'[ 13%] \x1b[32mBuilding C object CMakeFiles/grasp_msgs__rosidl_generator_c.dir/rosidl_generator_c/grasp_msgs/msg/grasp_config_list__functions.c.o\x1b[0m\n'}
[3.309062] (grasp_msgs) StdoutLine: {'line': b'[ 15%] \x1b[32mBuilding C object CMakeFiles/grasp_msgs__rosidl_generator_c.dir/rosidl_generator_c/grasp_msgs/msg/samples_msg__functions.c.o\x1b[0m\n'}
[3.311838] (realsense_msgs) StdoutLine: {'line': b'\x1b[35m\x1b[1mScanning dependencies of target realsense_msgs__py\x1b[0m\n'}
[3.315516] (realsense_msgs) StdoutLine: {'line': b'[ 79%] \x1b[34m\x1b[1mGenerating Python code for ROS interfaces\x1b[0m\n'}
[3.330284] (grasp_msgs) StdoutLine: {'line': b'[ 17%] \x1b[32m\x1b[1mLinking C shared library libgrasp_msgs__rosidl_generator_c.so\x1b[0m\n'}
[3.341074] (moveit_msgs) StdoutLine: {'line': b'-- Found ament_cmake_flake8: 0.7.12 (/opt/ros/dashing/share/ament_cmake_flake8/cmake)\n'}
[3.344087] (moveit_msgs) StdoutLine: {'line': b'-- Found ament_cmake_pep257: 0.7.12 (/opt/ros/dashing/share/ament_cmake_pep257/cmake)\n'}
[3.351382] (grasp_msgs) StdoutLine: {'line': b'[ 17%] Built target grasp_msgs__rosidl_generator_c\n'}
[3.355392] (grasp_msgs) StdoutLine: {'line': b'[ 20%] \x1b[34m\x1b[1mGenerating C introspection for ROS interfaces\x1b[0m\n'}
[3.374557] (moveit_msgs) StdoutLine: {'line': b'-- Configuring done\n'}
[3.404587] (-) TimerEvent: {}
[3.504842] (-) TimerEvent: {}
[3.605190] (-) TimerEvent: {}
[3.673417] (realsense_msgs) StdoutLine: {'line': b'[ 79%] Built target realsense_msgs__py\n'}
[3.677028] (realsense_msgs) StdoutLine: {'line': b'\x1b[35m\x1b[1mScanning dependencies of target realsense_msgs__python\x1b[0m\n'}
[3.677439] (grasp_msgs) StdoutLine: {'line': b'\x1b[35m\x1b[1mScanning dependencies of target grasp_msgs__rosidl_typesupport_introspection_cpp\x1b[0m\n'}
[3.685714] (grasp_msgs) StdoutLine: {'line': b'[ 22%] \x1b[32mBuilding CXX object CMakeFiles/grasp_msgs__rosidl_typesupport_introspection_cpp.dir/rosidl_typesupport_introspection_cpp/grasp_msgs/msg/grasp_config__type_support.cpp.o\x1b[0m\n'}
[3.686013] (grasp_msgs) StdoutLine: {'line': b'[ 24%] \x1b[32mBuilding CXX object CMakeFiles/grasp_msgs__rosidl_typesupport_introspection_cpp.dir/rosidl_typesupport_introspection_cpp/grasp_msgs/msg/grasp_config_list__type_support.cpp.o\x1b[0m\n'}
[3.686140] (grasp_msgs) StdoutLine: {'line': b'[ 26%] \x1b[32mBuilding CXX object CMakeFiles/grasp_msgs__rosidl_typesupport_introspection_cpp.dir/rosidl_typesupport_introspection_cpp/grasp_msgs/msg/samples_msg__type_support.cpp.o\x1b[0m\n'}
[3.696425] (grasp_msgs) StdoutLine: {'line': b'\x1b[35m\x1b[1mScanning dependencies of target grasp_msgs__rosidl_typesupport_fastrtps_cpp\x1b[0m\n'}
[3.701392] (realsense_msgs) StdoutLine: {'line': b'[ 82%] \x1b[32mBuilding C object CMakeFiles/realsense_msgs__python.dir/rosidl_generator_py/realsense_msgs/msg/_imu_info_s.c.o\x1b[0m\n'}
[3.703365] (moveit_msgs) StdoutLine: {'line': b'-- Generating done\n'}
[3.705258] (-) TimerEvent: {}
[3.706935] (grasp_msgs) StdoutLine: {'line': b'[ 28%] \x1b[32mBuilding CXX object CMakeFiles/grasp_msgs__rosidl_typesupport_fastrtps_cpp.dir/rosidl_typesupport_fastrtps_cpp/grasp_msgs/msg/dds_fastrtps/grasp_config__type_support.cpp.o\x1b[0m\n'}
[3.707635] (grasp_msgs) StdoutLine: {'line': b'[ 31%] \x1b[32mBuilding CXX object CMakeFiles/grasp_msgs__rosidl_typesupport_fastrtps_cpp.dir/rosidl_typesupport_fastrtps_cpp/grasp_msgs/msg/dds_fastrtps/grasp_config_list__type_support.cpp.o\x1b[0m\n'}
[3.707795] (moveit_msgs) StdoutLine: {'line': b'-- Build files have been written to: /root/ros2_ws/build/moveit_msgs\n'}
[3.707910] (grasp_msgs) StdoutLine: {'line': b'[ 33%] \x1b[32mBuilding CXX object CMakeFiles/grasp_msgs__rosidl_typesupport_fastrtps_cpp.dir/rosidl_typesupport_fastrtps_cpp/grasp_msgs/msg/dds_fastrtps/samples_msg__type_support.cpp.o\x1b[0m\n'}
[3.714571] (moveit_msgs) CommandEnded: {'returncode': 0}
[3.715297] (moveit_msgs) JobProgress: {'identifier': 'moveit_msgs', 'progress': 'build'}
[3.715695] (moveit_msgs) Command: {'cmd': ['/usr/local/bin/cmake', '--build', '/root/ros2_ws/build/moveit_msgs', '--', '-j16', '-l16'], 'cwd': '/root/ros2_ws/build/moveit_msgs', 'env': OrderedDict([('LESSOPEN', '| /usr/bin/lesspipe %s'), ('HOSTNAME', '1bd1ca9b3cba'), ('LD_LIBRARY_PATH', '/opt/ros/dashing/opt/yaml_cpp_vendor/lib:/opt/ros/dashing/opt/rviz_ogre_vendor/lib:/opt/ros/dashing/lib'), ('SHLVL', '1'), ('OLDPWD', '/root'), ('HOME', '/root'), ('ROS_PYTHON_VERSION', '3'), ('ROS_DISTRO', 'dashing'), ('_', '/usr/bin/colcon'), ('ROS_VERSION', '2'), ('TERM', 'xterm'), ('PATH', '/opt/ros/dashing/bin:/usr/local/sbin:/usr/local/bin:/usr/sbin:/usr/bin:/sbin:/bin'), ('DISPLAY', ':0'), ('LS_COLORS', 'rs=0:di=01;34:ln=01;36:mh=00:pi=40;33:so=01;35:do=01;35:bd=40;33;01:cd=40;33;01:or=40;31;01:mi=00:su=37;41:sg=30;43:ca=30;41:tw=30;42:ow=34;42:st=37;44:ex=01;32:*.tar=01;31:*.tgz=01;31:*.arc=01;31:*.arj=01;31:*.taz=01;31:*.lha=01;31:*.lz4=01;31:*.lzh=01;31:*.lzma=01;31:*.tlz=01;31:*.txz=01;31:*.tzo=01;31:*.t7z=01;31:*.zip=01;31:*.z=01;31:*.Z=01;31:*.dz=01;31:*.gz=01;31:*.lrz=01;31:*.lz=01;31:*.lzo=01;31:*.xz=01;31:*.zst=01;31:*.tzst=01;31:*.bz2=01;31:*.bz=01;31:*.tbz=01;31:*.tbz2=01;31:*.tz=01;31:*.deb=01;31:*.rpm=01;31:*.jar=01;31:*.war=01;31:*.ear=01;31:*.sar=01;31:*.rar=01;31:*.alz=01;31:*.ace=01;31:*.zoo=01;31:*.cpio=01;31:*.7z=01;31:*.rz=01;31:*.cab=01;31:*.wim=01;31:*.swm=01;31:*.dwm=01;31:*.esd=01;31:*.jpg=01;35:*.jpeg=01;35:*.mjpg=01;35:*.mjpeg=01;35:*.gif=01;35:*.bmp=01;35:*.pbm=01;35:*.pgm=01;35:*.ppm=01;35:*.tga=01;35:*.xbm=01;35:*.xpm=01;35:*.tif=01;35:*.tiff=01;35:*.png=01;35:*.svg=01;35:*.svgz=01;35:*.mng=01;35:*.pcx=01;35:*.mov=01;35:*.mpg=01;35:*.mpeg=01;35:*.m2v=01;35:*.mkv=01;35:*.webm=01;35:*.ogm=01;35:*.mp4=01;35:*.m4v=01;35:*.mp4v=01;35:*.vob=01;35:*.qt=01;35:*.nuv=01;35:*.wmv=01;35:*.asf=01;35:*.rm=01;35:*.rmvb=01;35:*.flc=01;35:*.avi=01;35:*.fli=01;35:*.flv=01;35:*.gl=01;35:*.dl=01;35:*.xcf=01;35:*.xwd=01;35:*.yuv=01;35:*.cgm=01;35:*.emf=01;35:*.ogv=01;35:*.ogx=01;35:*.aac=00;36:*.au=00;36:*.flac=00;36:*.m4a=00;36:*.mid=00;36:*.midi=00;36:*.mka=00;36:*.mp3=00;36:*.mpc=00;36:*.ogg=00;36:*.ra=00;36:*.wav=00;36:*.oga=00;36:*.opus=00;36:*.spx=00;36:*.xspf=00;36:'), ('AMENT_PREFIX_PATH', '/opt/ros/dashing'), ('LESSCLOSE', '/usr/bin/lesspipe %s %s'), ('PWD', '/root/ros2_ws/build/moveit_msgs'), ('PYTHONPATH', '/opt/ros/dashing/lib/python3.6/site-packages'), ('NVIDIA_VISIBLE_DEVICES', 'all'), ('COLCON', '1'), ('CMAKE_PREFIX_PATH', '/opt/ros/dashing')]), 'shell': False}
[3.737614] (moveit_msgs) StdoutLine: {'line': b'[  1%] \x1b[34m\x1b[1mGenerating C code for ROS interfaces\x1b[0m\n'}
[3.738931] (moveit_msgs) StdoutLine: {'line': b'\x1b[35m\x1b[1mScanning dependencies of target moveit_msgs__cpp\x1b[0m\n'}
[3.745668] (moveit_msgs) StdoutLine: {'line': b'[  2%] \x1b[34m\x1b[1mGenerating C++ code for ROS interfaces\x1b[0m\n'}
[3.779730] (grasp_msgs) StdoutLine: {'line': b'\x1b[35m\x1b[1mScanning dependencies of target grasp_msgs__rosidl_typesupport_introspection_c\x1b[0m\n'}
[3.793064] (realsense_msgs) StdoutLine: {'line': b'[ 86%] \x1b[32m\x1b[1mLinking C shared library rosidl_generator_py/realsense_msgs/librealsense_msgs__python.so\x1b[0m\n'}
[3.796345] (grasp_msgs) StdoutLine: {'line': b'[ 35%] \x1b[32mBuilding C object CMakeFiles/grasp_msgs__rosidl_typesupport_introspection_c.dir/rosidl_typesupport_introspection_c/grasp_msgs/msg/grasp_config__type_support.c.o\x1b[0m\n'}
[3.796629] (grasp_msgs) StdoutLine: {'line': b'[ 37%] \x1b[32mBuilding C object CMakeFiles/grasp_msgs__rosidl_typesupport_introspection_c.dir/rosidl_typesupport_introspection_c/grasp_msgs/msg/grasp_config_list__type_support.c.o\x1b[0m\n'}
[3.796806] (grasp_msgs) StdoutLine: {'line': b'[ 40%] \x1b[32mBuilding C object CMakeFiles/grasp_msgs__rosidl_typesupport_introspection_c.dir/rosidl_typesupport_introspection_c/grasp_msgs/msg/samples_msg__type_support.c.o\x1b[0m\n'}
[3.805390] (-) TimerEvent: {}
[3.827075] (grasp_msgs) StdoutLine: {'line': b'[ 42%] \x1b[32m\x1b[1mLinking C shared library libgrasp_msgs__rosidl_typesupport_introspection_c.so\x1b[0m\n'}
[3.844004] (realsense_msgs) StdoutLine: {'line': b'[ 86%] Built target realsense_msgs__python\n'}
[3.847988] (realsense_msgs) StdoutLine: {'line': b'\x1b[35m\x1b[1mScanning dependencies of target realsense_msgs__rosidl_typesupport_c__pyext\x1b[0m\n'}
[3.848628] (realsense_msgs) StdoutLine: {'line': b'\x1b[35m\x1b[1mScanning dependencies of target realsense_msgs__rosidl_typesupport_fastrtps_c__pyext\x1b[0m\n'}
[3.851589] (grasp_msgs) StdoutLine: {'line': b'[ 42%] Built target grasp_msgs__rosidl_typesupport_introspection_c\n'}
[3.857233] (grasp_msgs) StdoutLine: {'line': b'[ 44%] \x1b[32m\x1b[1mLinking CXX shared library libgrasp_msgs__rosidl_typesupport_introspection_cpp.so\x1b[0m\n'}
[3.865817] (realsense_msgs) StdoutLine: {'line': b'[ 89%] \x1b[32mBuilding C object CMakeFiles/realsense_msgs__rosidl_typesupport_fastrtps_c__pyext.dir/rosidl_generator_py/realsense_msgs/_realsense_msgs_s.ep.rosidl_typesupport_fastrtps_c.c.o\x1b[0m\n'}
[3.866085] (realsense_msgs) StdoutLine: {'line': b'[ 93%] \x1b[32mBuilding C object CMakeFiles/realsense_msgs__rosidl_typesupport_c__pyext.dir/rosidl_generator_py/realsense_msgs/_realsense_msgs_s.ep.rosidl_typesupport_c.c.o\x1b[0m\n'}
[3.898287] (grasp_msgs) StdoutLine: {'line': b'[ 44%] Built target grasp_msgs__rosidl_typesupport_introspection_cpp\n'}
[3.905497] (-) TimerEvent: {}
[3.907608] (realsense_msgs) StdoutLine: {'line': b'[ 96%] \x1b[32m\x1b[1mLinking C shared library rosidl_generator_py/realsense_msgs/realsense_msgs_s__rosidl_typesupport_fastrtps_c.cpython-36m-x86_64-linux-gnu.so\x1b[0m\n'}
[3.907833] (realsense_msgs) StdoutLine: {'line': b'[100%] \x1b[32m\x1b[1mLinking C shared library rosidl_generator_py/realsense_msgs/realsense_msgs_s__rosidl_typesupport_c.cpython-36m-x86_64-linux-gnu.so\x1b[0m\n'}
[3.940987] (realsense_msgs) StdoutLine: {'line': b'[100%] Built target realsense_msgs__rosidl_typesupport_fastrtps_c__pyext\n'}
[3.941187] (realsense_msgs) StdoutLine: {'line': b'[100%] Built target realsense_msgs__rosidl_typesupport_c__pyext\n'}
[3.944508] (realsense_msgs) CommandEnded: {'returncode': 0}
[3.972622] (realsense_msgs) JobProgress: {'identifier': 'realsense_msgs', 'progress': 'install'}
[3.976843] (realsense_msgs) Command: {'cmd': ['/usr/local/bin/cmake', '--build', '/root/ros2_ws/build/realsense_msgs', '--target', 'install', '--', '-j16', '-l16'], 'cwd': '/root/ros2_ws/build/realsense_msgs', 'env': OrderedDict([('LESSOPEN', '| /usr/bin/lesspipe %s'), ('HOSTNAME', '1bd1ca9b3cba'), ('LD_LIBRARY_PATH', '/opt/ros/dashing/opt/yaml_cpp_vendor/lib:/opt/ros/dashing/opt/rviz_ogre_vendor/lib:/opt/ros/dashing/lib'), ('SHLVL', '1'), ('OLDPWD', '/root'), ('HOME', '/root'), ('ROS_PYTHON_VERSION', '3'), ('ROS_DISTRO', 'dashing'), ('_', '/usr/bin/colcon'), ('ROS_VERSION', '2'), ('TERM', 'xterm'), ('PATH', '/opt/ros/dashing/bin:/usr/local/sbin:/usr/local/bin:/usr/sbin:/usr/bin:/sbin:/bin'), ('DISPLAY', ':0'), ('LS_COLORS', 'rs=0:di=01;34:ln=01;36:mh=00:pi=40;33:so=01;35:do=01;35:bd=40;33;01:cd=40;33;01:or=40;31;01:mi=00:su=37;41:sg=30;43:ca=30;41:tw=30;42:ow=34;42:st=37;44:ex=01;32:*.tar=01;31:*.tgz=01;31:*.arc=01;31:*.arj=01;31:*.taz=01;31:*.lha=01;31:*.lz4=01;31:*.lzh=01;31:*.lzma=01;31:*.tlz=01;31:*.txz=01;31:*.tzo=01;31:*.t7z=01;31:*.zip=01;31:*.z=01;31:*.Z=01;31:*.dz=01;31:*.gz=01;31:*.lrz=01;31:*.lz=01;31:*.lzo=01;31:*.xz=01;31:*.zst=01;31:*.tzst=01;31:*.bz2=01;31:*.bz=01;31:*.tbz=01;31:*.tbz2=01;31:*.tz=01;31:*.deb=01;31:*.rpm=01;31:*.jar=01;31:*.war=01;31:*.ear=01;31:*.sar=01;31:*.rar=01;31:*.alz=01;31:*.ace=01;31:*.zoo=01;31:*.cpio=01;31:*.7z=01;31:*.rz=01;31:*.cab=01;31:*.wim=01;31:*.swm=01;31:*.dwm=01;31:*.esd=01;31:*.jpg=01;35:*.jpeg=01;35:*.mjpg=01;35:*.mjpeg=01;35:*.gif=01;35:*.bmp=01;35:*.pbm=01;35:*.pgm=01;35:*.ppm=01;35:*.tga=01;35:*.xbm=01;35:*.xpm=01;35:*.tif=01;35:*.tiff=01;35:*.png=01;35:*.svg=01;35:*.svgz=01;35:*.mng=01;35:*.pcx=01;35:*.mov=01;35:*.mpg=01;35:*.mpeg=01;35:*.m2v=01;35:*.mkv=01;35:*.webm=01;35:*.ogm=01;35:*.mp4=01;35:*.m4v=01;35:*.mp4v=01;35:*.vob=01;35:*.qt=01;35:*.nuv=01;35:*.wmv=01;35:*.asf=01;35:*.rm=01;35:*.rmvb=01;35:*.flc=01;35:*.avi=01;35:*.fli=01;35:*.flv=01;35:*.gl=01;35:*.dl=01;35:*.xcf=01;35:*.xwd=01;35:*.yuv=01;35:*.cgm=01;35:*.emf=01;35:*.ogv=01;35:*.ogx=01;35:*.aac=00;36:*.au=00;36:*.flac=00;36:*.m4a=00;36:*.mid=00;36:*.midi=00;36:*.mka=00;36:*.mp3=00;36:*.mpc=00;36:*.ogg=00;36:*.ra=00;36:*.wav=00;36:*.oga=00;36:*.opus=00;36:*.spx=00;36:*.xspf=00;36:'), ('AMENT_PREFIX_PATH', '/opt/ros/dashing'), ('LESSCLOSE', '/usr/bin/lesspipe %s %s'), ('PWD', '/root/ros2_ws/build/realsense_msgs'), ('PYTHONPATH', '/opt/ros/dashing/lib/python3.6/site-packages'), ('NVIDIA_VISIBLE_DEVICES', 'all'), ('COLCON', '1'), ('CMAKE_PREFIX_PATH', '/opt/ros/dashing')]), 'shell': False}
[3.978693] (grasp_msgs) StdoutLine: {'line': b'[ 46%] \x1b[32m\x1b[1mLinking CXX shared library libgrasp_msgs__rosidl_typesupport_fastrtps_cpp.so\x1b[0m\n'}
[3.996975] (realsense_msgs) StdoutLine: {'line': b'[  3%] Built target realsense_msgs__cpp\n'}
[3.998486] (realsense_msgs) StdoutLine: {'line': b'[ 13%] Built target realsense_msgs__rosidl_generator_c\n'}
[4.005125] (realsense_msgs) StdoutLine: {'line': b'[ 24%] Built target realsense_msgs__rosidl_typesupport_introspection_cpp\n'}
[4.005549] (-) TimerEvent: {}
[4.006454] (realsense_msgs) StdoutLine: {'line': b'[ 34%] Built target realsense_msgs__rosidl_typesupport_introspection_c\n'}
[4.007635] (realsense_msgs) StdoutLine: {'line': b'[ 44%] Built target realsense_msgs__rosidl_typesupport_fastrtps_cpp\n'}
[4.018746] (realsense_msgs) StdoutLine: {'line': b'[ 65%] Built target realsense_msgs__rosidl_typesupport_fastrtps_c\n'}
[4.018970] (realsense_msgs) StdoutLine: {'line': b'[ 65%] Built target realsense_msgs__rosidl_typesupport_cpp\n'}
[4.026021] (grasp_msgs) StdoutLine: {'line': b'[ 46%] Built target grasp_msgs__rosidl_typesupport_fastrtps_cpp\n'}
[4.029299] (realsense_msgs) StdoutLine: {'line': b'[ 75%] Built target realsense_msgs__rosidl_typesupport_c\n'}
[4.029545] (grasp_msgs) StdoutLine: {'line': b'[ 48%] \x1b[34m\x1b[1mGenerating C type support for eProsima Fast-RTPS\x1b[0m\n'}
[4.029664] (grasp_msgs) StdoutLine: {'line': b'[ 51%] \x1b[34m\x1b[1mGenerating C++ type support dispatch for ROS interfaces\x1b[0m\n'}
[4.035576] (realsense_msgs) StdoutLine: {'line': b'[ 75%] Built target realsense_msgs\n'}
[4.042209] (realsense_msgs) StdoutLine: {'line': b'[ 79%] Built target realsense_msgs__py\n'}
[4.053192] (realsense_msgs) StdoutLine: {'line': b'[ 86%] Built target realsense_msgs__python\n'}
[4.064181] (realsense_msgs) StdoutLine: {'line': b'[ 93%] Built target realsense_msgs__rosidl_typesupport_fastrtps_c__pyext\n'}
[4.064367] (realsense_msgs) StdoutLine: {'line': b'[100%] Built target realsense_msgs__rosidl_typesupport_c__pyext\n'}
[4.069463] (realsense_msgs) StdoutLine: {'line': b'\x1b[36mInstall the project...\x1b[0m\n'}
[4.071964] (realsense_msgs) StdoutLine: {'line': b'-- Install configuration: ""\n'}
[4.073294] (realsense_msgs) StdoutLine: {'line': b'-- Execute custom install script\n'}
[4.074018] (realsense_msgs) StdoutLine: {'line': b'-- Symlinking: /root/ros2_ws/install/realsense_msgs/share/ament_index/resource_index/rosidl_interfaces/realsense_msgs\n'}
[4.076884] (realsense_msgs) StdoutLine: {'line': b'-- Symlinking: /root/ros2_ws/install/realsense_msgs/lib/librealsense_msgs__rosidl_typesupport_c.so\n'}
[4.079473] (realsense_msgs) StdoutLine: {'line': b'-- Symlinking: /root/ros2_ws/install/realsense_msgs/share/realsense_msgs/environment/library_path.sh\n'}
[4.082407] (realsense_msgs) StdoutLine: {'line': b'-- Symlinking: /root/ros2_ws/install/realsense_msgs/lib/librealsense_msgs__rosidl_typesupport_cpp.so\n'}
[4.085510] (realsense_msgs) StdoutLine: {'line': b'-- Symlinking: /root/ros2_ws/install/realsense_msgs/include/realsense_msgs/msg/imu_info__rosidl_typesupport_fastrtps_c.h\n'}
[4.087659] (realsense_msgs) StdoutLine: {'line': b'-- Symlinking: /root/ros2_ws/install/realsense_msgs/include/realsense_msgs/msg/rosidl_typesupport_fastrtps_c__visibility_control.h\n'}
[4.090244] (realsense_msgs) StdoutLine: {'line': b'-- Symlinking: /root/ros2_ws/install/realsense_msgs/lib/librealsense_msgs__rosidl_typesupport_fastrtps_c.so\n'}
[4.093071] (realsense_msgs) StdoutLine: {'line': b'-- Symlinking: /root/ros2_ws/install/realsense_msgs/include/realsense_msgs/msg/imu_info.h\n'}
[4.095248] (realsense_msgs) StdoutLine: {'line': b'-- Symlinking: /root/ros2_ws/install/realsense_msgs/include/realsense_msgs/msg/imu_info__functions.h\n'}
[4.097263] (realsense_msgs) StdoutLine: {'line': b'-- Symlinking: /root/ros2_ws/install/realsense_msgs/include/realsense_msgs/msg/imu_info__struct.h\n'}
[4.099517] (realsense_msgs) StdoutLine: {'line': b'-- Symlinking: /root/ros2_ws/install/realsense_msgs/include/realsense_msgs/msg/imu_info__type_support.h\n'}
[4.101404] (realsense_msgs) StdoutLine: {'line': b'-- Symlinking: /root/ros2_ws/install/realsense_msgs/include/realsense_msgs/msg/rosidl_generator_c__visibility_control.h\n'}
[4.104149] (realsense_msgs) StdoutLine: {'line': b'-- Symlinking: /root/ros2_ws/install/realsense_msgs/lib/librealsense_msgs__rosidl_generator_c.so\n'}
[4.105642] (-) TimerEvent: {}
[4.107309] (realsense_msgs) StdoutLine: {'line': b'-- Symlinking: /root/ros2_ws/install/realsense_msgs/include/realsense_msgs/msg/imu_info__rosidl_typesupport_fastrtps_cpp.hpp\n'}
[4.109324] (realsense_msgs) StdoutLine: {'line': b'-- Symlinking: /root/ros2_ws/install/realsense_msgs/include/realsense_msgs/msg/rosidl_typesupport_fastrtps_cpp__visibility_control.h\n'}
[4.112033] (realsense_msgs) StdoutLine: {'line': b'-- Symlinking: /root/ros2_ws/install/realsense_msgs/lib/librealsense_msgs__rosidl_typesupport_fastrtps_cpp.so\n'}
[4.114988] (realsense_msgs) StdoutLine: {'line': b'-- Symlinking: /root/ros2_ws/install/realsense_msgs/include/realsense_msgs/msg/imu_info.hpp\n'}
[4.117025] (realsense_msgs) StdoutLine: {'line': b'-- Symlinking: /root/ros2_ws/install/realsense_msgs/include/realsense_msgs/msg/imu_info__struct.hpp\n'}
[4.119365] (realsense_msgs) StdoutLine: {'line': b'-- Symlinking: /root/ros2_ws/install/realsense_msgs/include/realsense_msgs/msg/imu_info__traits.hpp\n'}
[4.122209] (realsense_msgs) StdoutLine: {'line': b'-- Symlinking: /root/ros2_ws/install/realsense_msgs/include/realsense_msgs/msg/imu_info__rosidl_typesupport_introspection_c.h\n'}
[4.124341] (realsense_msgs) StdoutLine: {'line': b'-- Symlinking: /root/ros2_ws/install/realsense_msgs/include/realsense_msgs/msg/rosidl_typesupport_introspection_c__visibility_control.h\n'}
[4.127145] (realsense_msgs) StdoutLine: {'line': b'-- Symlinking: /root/ros2_ws/install/realsense_msgs/lib/librealsense_msgs__rosidl_typesupport_introspection_c.so\n'}
[4.130152] (realsense_msgs) StdoutLine: {'line': b'-- Symlinking: /root/ros2_ws/install/realsense_msgs/include/realsense_msgs/msg/imu_info__rosidl_typesupport_introspection_cpp.hpp\n'}
[4.132818] (realsense_msgs) StdoutLine: {'line': b'-- Symlinking: /root/ros2_ws/install/realsense_msgs/lib/librealsense_msgs__rosidl_typesupport_introspection_cpp.so\n'}
[4.135312] (realsense_msgs) StdoutLine: {'line': b'-- Symlinking: /root/ros2_ws/install/realsense_msgs/share/realsense_msgs/environment/pythonpath.sh\n'}
[4.137939] (realsense_msgs) StdoutLine: {'line': b'-- Symlinking: /root/ros2_ws/install/realsense_msgs/lib/python3.6/site-packages/realsense_msgs/__init__.py\n'}
[4.141915] (realsense_msgs) StdoutLine: {'line': b'-- Symlinking: /root/ros2_ws/install/realsense_msgs/lib/python3.6/site-packages/realsense_msgs/msg/__init__.py\n'}
[4.144382] (realsense_msgs) StdoutLine: {'line': b'-- Symlinking: /root/ros2_ws/install/realsense_msgs/lib/python3.6/site-packages/realsense_msgs/msg/_imu_info.py\n'}
[4.147695] (realsense_msgs) StdoutLine: {'line': b'-- Symlinking: /root/ros2_ws/install/realsense_msgs/lib/python3.6/site-packages/realsense_msgs/realsense_msgs_s__rosidl_typesupport_c.cpython-36m-x86_64-linux-gnu.so\n'}
[4.151063] (realsense_msgs) StdoutLine: {'line': b'-- Symlinking: /root/ros2_ws/install/realsense_msgs/lib/python3.6/site-packages/realsense_msgs/realsense_msgs_s__rosidl_typesupport_fastrtps_c.cpython-36m-x86_64-linux-gnu.so\n'}
[4.154311] (realsense_msgs) StdoutLine: {'line': b'-- Symlinking: /root/ros2_ws/install/realsense_msgs/lib/librealsense_msgs__python.so\n'}
[4.157117] (realsense_msgs) StdoutLine: {'line': b'-- Symlinking: /root/ros2_ws/install/realsense_msgs/share/realsense_msgs/msg/IMUInfo.idl\n'}
[4.160152] (realsense_msgs) StdoutLine: {'line': b'-- Symlinking: /root/ros2_ws/install/realsense_msgs/share/realsense_msgs/msg/IMUInfo.msg\n'}
[4.163043] (realsense_msgs) StdoutLine: {'line': b'-- Symlinking: /root/ros2_ws/install/realsense_msgs/share/ament_index/resource_index/package_run_dependencies/realsense_msgs\n'}
[4.165823] (realsense_msgs) StdoutLine: {'line': b'-- Symlinking: /root/ros2_ws/install/realsense_msgs/share/ament_index/resource_index/parent_prefix_path/realsense_msgs\n'}
[4.168602] (realsense_msgs) StdoutLine: {'line': b'-- Symlinking: /root/ros2_ws/install/realsense_msgs/share/realsense_msgs/environment/ament_prefix_path.sh\n'}
[4.171371] (realsense_msgs) StdoutLine: {'line': b'-- Symlinking: /root/ros2_ws/install/realsense_msgs/share/realsense_msgs/environment/path.sh\n'}
[4.174038] (realsense_msgs) StdoutLine: {'line': b'-- Symlinking: /root/ros2_ws/install/realsense_msgs/share/realsense_msgs/local_setup.bash\n'}
[4.176802] (realsense_msgs) StdoutLine: {'line': b'-- Symlinking: /root/ros2_ws/install/realsense_msgs/share/realsense_msgs/local_setup.sh\n'}
[4.179605] (realsense_msgs) StdoutLine: {'line': b'-- Symlinking: /root/ros2_ws/install/realsense_msgs/share/realsense_msgs/local_setup.zsh\n'}
[4.182440] (realsense_msgs) StdoutLine: {'line': b'-- Symlinking: /root/ros2_ws/install/realsense_msgs/share/ament_index/resource_index/packages/realsense_msgs\n'}
[4.185106] (realsense_msgs) StdoutLine: {'line': b'-- Symlinking: /root/ros2_ws/install/realsense_msgs/share/realsense_msgs/cmake/rosidl_cmake-extras.cmake\n'}
[4.187838] (realsense_msgs) StdoutLine: {'line': b'-- Symlinking: /root/ros2_ws/install/realsense_msgs/share/realsense_msgs/cmake/ament_cmake_export_dependencies-extras.cmake\n'}
[4.190709] (realsense_msgs) StdoutLine: {'line': b'-- Symlinking: /root/ros2_ws/install/realsense_msgs/share/realsense_msgs/cmake/ament_cmake_export_libraries-extras.cmake\n'}
[4.193481] (realsense_msgs) StdoutLine: {'line': b'-- Symlinking: /root/ros2_ws/install/realsense_msgs/share/realsense_msgs/cmake/ament_cmake_export_include_directories-extras.cmake\n'}
[4.196335] (realsense_msgs) StdoutLine: {'line': b'-- Symlinking: /root/ros2_ws/install/realsense_msgs/share/realsense_msgs/cmake/realsense_msgsConfig.cmake\n'}
[4.198741] (realsense_msgs) StdoutLine: {'line': b'-- Symlinking: /root/ros2_ws/install/realsense_msgs/share/realsense_msgs/cmake/realsense_msgsConfig-version.cmake\n'}
[4.201496] (realsense_msgs) StdoutLine: {'line': b'-- Symlinking: /root/ros2_ws/install/realsense_msgs/share/realsense_msgs/package.xml\n'}
[4.205726] (-) TimerEvent: {}
[4.229936] (realsense_msgs) StdoutLine: {'line': b"Compiling '/root/ros2_ws/install/realsense_msgs/lib/python3.6/site-packages/realsense_msgs/__init__.py'...\n"}
[4.235835] (realsense_msgs) CommandEnded: {'returncode': 0}
[4.280009] (realsense_msgs) JobEnded: {'identifier': 'realsense_msgs', 'rc': 0}
[4.280971] (realsense_ros) JobStarted: {'identifier': 'realsense_ros'}
[4.285794] (realsense_ros) JobProgress: {'identifier': 'realsense_ros', 'progress': 'cmake'}
[4.285953] (realsense_ros) Command: {'cmd': ['/usr/local/bin/cmake', '/root/ros2_ws/src/ros2_intel_realsense/realsense_ros', '-DAMENT_CMAKE_SYMLINK_INSTALL=1', '-DCMAKE_INSTALL_PREFIX=/root/ros2_ws/install/realsense_ros'], 'cwd': '/root/ros2_ws/build/realsense_ros', 'env': OrderedDict([('LESSOPEN', '| /usr/bin/lesspipe %s'), ('HOSTNAME', '1bd1ca9b3cba'), ('LD_LIBRARY_PATH', '/root/ros2_ws/install/realsense_msgs/lib:/opt/ros/dashing/opt/yaml_cpp_vendor/lib:/opt/ros/dashing/opt/rviz_ogre_vendor/lib:/opt/ros/dashing/lib'), ('SHLVL', '1'), ('OLDPWD', '/root'), ('HOME', '/root'), ('ROS_PYTHON_VERSION', '3'), ('ROS_DISTRO', 'dashing'), ('_', '/usr/bin/colcon'), ('ROS_VERSION', '2'), ('TERM', 'xterm'), ('PATH', '/opt/ros/dashing/bin:/usr/local/sbin:/usr/local/bin:/usr/sbin:/usr/bin:/sbin:/bin'), ('DISPLAY', ':0'), ('LS_COLORS', 'rs=0:di=01;34:ln=01;36:mh=00:pi=40;33:so=01;35:do=01;35:bd=40;33;01:cd=40;33;01:or=40;31;01:mi=00:su=37;41:sg=30;43:ca=30;41:tw=30;42:ow=34;42:st=37;44:ex=01;32:*.tar=01;31:*.tgz=01;31:*.arc=01;31:*.arj=01;31:*.taz=01;31:*.lha=01;31:*.lz4=01;31:*.lzh=01;31:*.lzma=01;31:*.tlz=01;31:*.txz=01;31:*.tzo=01;31:*.t7z=01;31:*.zip=01;31:*.z=01;31:*.Z=01;31:*.dz=01;31:*.gz=01;31:*.lrz=01;31:*.lz=01;31:*.lzo=01;31:*.xz=01;31:*.zst=01;31:*.tzst=01;31:*.bz2=01;31:*.bz=01;31:*.tbz=01;31:*.tbz2=01;31:*.tz=01;31:*.deb=01;31:*.rpm=01;31:*.jar=01;31:*.war=01;31:*.ear=01;31:*.sar=01;31:*.rar=01;31:*.alz=01;31:*.ace=01;31:*.zoo=01;31:*.cpio=01;31:*.7z=01;31:*.rz=01;31:*.cab=01;31:*.wim=01;31:*.swm=01;31:*.dwm=01;31:*.esd=01;31:*.jpg=01;35:*.jpeg=01;35:*.mjpg=01;35:*.mjpeg=01;35:*.gif=01;35:*.bmp=01;35:*.pbm=01;35:*.pgm=01;35:*.ppm=01;35:*.tga=01;35:*.xbm=01;35:*.xpm=01;35:*.tif=01;35:*.tiff=01;35:*.png=01;35:*.svg=01;35:*.svgz=01;35:*.mng=01;35:*.pcx=01;35:*.mov=01;35:*.mpg=01;35:*.mpeg=01;35:*.m2v=01;35:*.mkv=01;35:*.webm=01;35:*.ogm=01;35:*.mp4=01;35:*.m4v=01;35:*.mp4v=01;35:*.vob=01;35:*.qt=01;35:*.nuv=01;35:*.wmv=01;35:*.asf=01;35:*.rm=01;35:*.rmvb=01;35:*.flc=01;35:*.avi=01;35:*.fli=01;35:*.flv=01;35:*.gl=01;35:*.dl=01;35:*.xcf=01;35:*.xwd=01;35:*.yuv=01;35:*.cgm=01;35:*.emf=01;35:*.ogv=01;35:*.ogx=01;35:*.aac=00;36:*.au=00;36:*.flac=00;36:*.m4a=00;36:*.mid=00;36:*.midi=00;36:*.mka=00;36:*.mp3=00;36:*.mpc=00;36:*.ogg=00;36:*.ra=00;36:*.wav=00;36:*.oga=00;36:*.opus=00;36:*.spx=00;36:*.xspf=00;36:'), ('AMENT_PREFIX_PATH', '/root/ros2_ws/install/realsense_msgs:/opt/ros/dashing'), ('LESSCLOSE', '/usr/bin/lesspipe %s %s'), ('PWD', '/root/ros2_ws/build/realsense_ros'), ('PYTHONPATH', '/root/ros2_ws/install/realsense_msgs/lib/python3.6/site-packages:/opt/ros/dashing/lib/python3.6/site-packages'), ('NVIDIA_VISIBLE_DEVICES', 'all'), ('COLCON', '1'), ('CMAKE_PREFIX_PATH', '/root/ros2_ws/install/realsense_msgs:/opt/ros/dashing')]), 'shell': False}
[4.305856] (-) TimerEvent: {}
[4.342954] (realsense_ros) StdoutLine: {'line': b'-- The C compiler identification is GNU 7.5.0\n'}
[4.367261] (grasp_msgs) StdoutLine: {'line': b'\x1b[35m\x1b[1mScanning dependencies of target grasp_msgs__rosidl_typesupport_cpp\x1b[0m\n'}
[4.377341] (grasp_msgs) StdoutLine: {'line': b'[ 55%] \x1b[32mBuilding CXX object CMakeFiles/grasp_msgs__rosidl_typesupport_cpp.dir/rosidl_typesupport_cpp/grasp_msgs/msg/grasp_config_list__type_support.cpp.o\x1b[0m\n'}
[4.377584] (grasp_msgs) StdoutLine: {'line': b'[ 55%] \x1b[32mBuilding CXX object CMakeFiles/grasp_msgs__rosidl_typesupport_cpp.dir/rosidl_typesupport_cpp/grasp_msgs/msg/grasp_config__type_support.cpp.o\x1b[0m\n'}
[4.377696] (grasp_msgs) StdoutLine: {'line': b'[ 57%] \x1b[32mBuilding CXX object CMakeFiles/grasp_msgs__rosidl_typesupport_cpp.dir/rosidl_typesupport_cpp/grasp_msgs/msg/samples_msg__type_support.cpp.o\x1b[0m\n'}
[4.390527] (grasp_msgs) StdoutLine: {'line': b'\x1b[35m\x1b[1mScanning dependencies of target grasp_msgs__rosidl_typesupport_fastrtps_c\x1b[0m\n'}
[4.401829] (realsense_ros) StdoutLine: {'line': b'-- The CXX compiler identification is GNU 7.5.0\n'}
[4.405910] (-) TimerEvent: {}
[4.406132] (grasp_msgs) StdoutLine: {'line': b'[ 60%] \x1b[32mBuilding CXX object CMakeFiles/grasp_msgs__rosidl_typesupport_fastrtps_c.dir/rosidl_typesupport_fastrtps_c/grasp_msgs/msg/grasp_config__type_support_c.cpp.o\x1b[0m\n'}
[4.406766] (grasp_msgs) StdoutLine: {'line': b'[ 64%] \x1b[32mBuilding CXX object CMakeFiles/grasp_msgs__rosidl_typesupport_fastrtps_c.dir/rosidl_typesupport_fastrtps_c/grasp_msgs/msg/grasp_config_list__type_support_c.cpp.o\x1b[0m\n'}
[4.406897] (grasp_msgs) StdoutLine: {'line': b'[ 64%] \x1b[32mBuilding CXX object CMakeFiles/grasp_msgs__rosidl_typesupport_fastrtps_c.dir/rosidl_typesupport_fastrtps_c/grasp_msgs/msg/samples_msg__type_support_c.cpp.o\x1b[0m\n'}
[4.415270] (realsense_ros) StdoutLine: {'line': b'-- Check for working C compiler: /usr/bin/cc\n'}
[4.459840] (realsense_ros) StdoutLine: {'line': b'-- Check for working C compiler: /usr/bin/cc -- works\n'}
[4.464802] (realsense_ros) StdoutLine: {'line': b'-- Detecting C compiler ABI info\n'}
[4.506027] (-) TimerEvent: {}
[4.523175] (realsense_ros) StdoutLine: {'line': b'-- Detecting C compiler ABI info - done\n'}
[4.596921] (realsense_ros) StdoutLine: {'line': b'-- Detecting C compile features\n'}
[4.606104] (-) TimerEvent: {}
[4.657349] (moveit_msgs) StdoutLine: {'line': b'[  2%] Built target moveit_msgs__cpp\n'}
[4.663434] (moveit_msgs) StdoutLine: {'line': b'[  3%] \x1b[34m\x1b[1mGenerating C++ introspection for ROS interfaces\x1b[0m\n'}
[4.664171] (moveit_msgs) StdoutLine: {'line': b'[  5%] \x1b[34m\x1b[1mGenerating C++ type support for eProsima Fast-RTPS\x1b[0m\n'}
[4.666276] (moveit_msgs) StdoutLine: {'line': b'\x1b[35m\x1b[1mScanning dependencies of target moveit_msgs__rosidl_generator_c\x1b[0m\n'}
[4.679987] (moveit_msgs) StdoutLine: {'line': b'[  6%] \x1b[32mBuilding C object CMakeFiles/moveit_msgs__rosidl_generator_c.dir/rosidl_generator_c/moveit_msgs/msg/collision_object__functions.c.o\x1b[0m\n'}
[4.680228] (grasp_msgs) StdoutLine: {'line': b'[ 66%] \x1b[32m\x1b[1mLinking CXX shared library libgrasp_msgs__rosidl_typesupport_cpp.so\x1b[0m\n'}
[4.680303] (moveit_msgs) StdoutLine: {'line': b'[  7%] \x1b[32mBuilding C object CMakeFiles/moveit_msgs__rosidl_generator_c.dir/rosidl_generator_c/moveit_msgs/msg/grasp__functions.c.o\x1b[0m\n'}
[4.680777] (moveit_msgs) StdoutLine: {'line': b'[  9%] \x1b[32mBuilding C object CMakeFiles/moveit_msgs__rosidl_generator_c.dir/rosidl_generator_c/moveit_msgs/msg/gripper_translation__functions.c.o\x1b[0m\n'}
[4.680991] (moveit_msgs) StdoutLine: {'line': b'[ 10%] \x1b[32mBuilding C object CMakeFiles/moveit_msgs__rosidl_generator_c.dir/rosidl_generator_c/moveit_msgs/msg/move_it_error_codes__functions.c.o\x1b[0m\n'}
[4.681071] (moveit_msgs) StdoutLine: {'line': b'[ 11%] \x1b[32mBuilding C object CMakeFiles/moveit_msgs__rosidl_generator_c.dir/rosidl_generator_c/moveit_msgs/msg/place_location__functions.c.o\x1b[0m\n'}
[4.681195] (moveit_msgs) StdoutLine: {'line': b'[ 12%] \x1b[32mBuilding C object CMakeFiles/moveit_msgs__rosidl_generator_c.dir/rosidl_generator_c/moveit_msgs/msg/object_type__functions.c.o\x1b[0m\n'}
[4.681416] (moveit_msgs) StdoutLine: {'line': b'[ 14%] \x1b[32mBuilding C object CMakeFiles/moveit_msgs__rosidl_generator_c.dir/rosidl_generator_c/moveit_msgs/srv/grasp_planning__functions.c.o\x1b[0m\n'}
[4.684037] (grasp_msgs) StdoutLine: {'line': b'[ 68%] \x1b[32m\x1b[1mLinking CXX shared library libgrasp_msgs__rosidl_typesupport_fastrtps_c.so\x1b[0m\n'}
[4.706235] (-) TimerEvent: {}
[4.720690] (moveit_msgs) StdoutLine: {'line': b'[ 15%] \x1b[32m\x1b[1mLinking C shared library libmoveit_msgs__rosidl_generator_c.so\x1b[0m\n'}
[4.739555] (grasp_msgs) StdoutLine: {'line': b'[ 68%] Built target grasp_msgs__rosidl_typesupport_fastrtps_c\n'}
[4.740044] (grasp_msgs) StdoutLine: {'line': b'[ 68%] Built target grasp_msgs__rosidl_typesupport_cpp\n'}
[4.743147] (grasp_msgs) StdoutLine: {'line': b'[ 71%] \x1b[34m\x1b[1mGenerating C type support dispatch for ROS interfaces\x1b[0m\n'}
[4.751018] (moveit_msgs) StdoutLine: {'line': b'[ 15%] Built target moveit_msgs__rosidl_generator_c\n'}
[4.754224] (realsense_ros) StdoutLine: {'line': b'-- Detecting C compile features - done\n'}
[4.755284] (moveit_msgs) StdoutLine: {'line': b'[ 16%] \x1b[34m\x1b[1mGenerating C introspection for ROS interfaces\x1b[0m\n'}
[4.761559] (realsense_ros) StdoutLine: {'line': b'-- Check for working CXX compiler: /usr/bin/c++\n'}
[4.806390] (-) TimerEvent: {}
[4.812177] (realsense_ros) StdoutLine: {'line': b'-- Check for working CXX compiler: /usr/bin/c++ -- works\n'}
[4.815202] (realsense_ros) StdoutLine: {'line': b'-- Detecting CXX compiler ABI info\n'}
[4.865846] (realsense_ros) StdoutLine: {'line': b'-- Detecting CXX compiler ABI info - done\n'}
[4.906479] (-) TimerEvent: {}
[4.907756] (realsense_ros) StdoutLine: {'line': b'-- Detecting CXX compile features\n'}
[5.006570] (-) TimerEvent: {}
[5.051664] (grasp_msgs) StdoutLine: {'line': b'\x1b[35m\x1b[1mScanning dependencies of target grasp_msgs__rosidl_typesupport_c\x1b[0m\n'}
[5.059861] (grasp_msgs) StdoutLine: {'line': b'[ 73%] \x1b[32mBuilding CXX object CMakeFiles/grasp_msgs__rosidl_typesupport_c.dir/rosidl_typesupport_c/grasp_msgs/msg/grasp_config__type_support.cpp.o\x1b[0m\n'}
[5.060086] (grasp_msgs) StdoutLine: {'line': b'[ 75%] \x1b[32mBuilding CXX object CMakeFiles/grasp_msgs__rosidl_typesupport_c.dir/rosidl_typesupport_c/grasp_msgs/msg/grasp_config_list__type_support.cpp.o\x1b[0m\n'}
[5.060166] (grasp_msgs) StdoutLine: {'line': b'[ 77%] \x1b[32mBuilding CXX object CMakeFiles/grasp_msgs__rosidl_typesupport_c.dir/rosidl_typesupport_c/grasp_msgs/msg/samples_msg__type_support.cpp.o\x1b[0m\n'}
[5.076485] (grasp_msgs) StdoutLine: {'line': b'[ 80%] \x1b[32m\x1b[1mLinking CXX shared library libgrasp_msgs__rosidl_typesupport_c.so\x1b[0m\n'}
[5.106668] (-) TimerEvent: {}
[5.108888] (grasp_msgs) StdoutLine: {'line': b'[ 80%] Built target grasp_msgs__rosidl_typesupport_c\n'}
[5.112602] (grasp_msgs) StdoutLine: {'line': b'\x1b[35m\x1b[1mScanning dependencies of target grasp_msgs\x1b[0m\n'}
[5.116336] (grasp_msgs) StdoutLine: {'line': b'[ 80%] Built target grasp_msgs\n'}
[5.119570] (grasp_msgs) StdoutLine: {'line': b'\x1b[35m\x1b[1mScanning dependencies of target grasp_msgs__py\x1b[0m\n'}
[5.123626] (grasp_msgs) StdoutLine: {'line': b'[ 82%] \x1b[34m\x1b[1mGenerating Python code for ROS interfaces\x1b[0m\n'}
[5.151176] (realsense_ros) StdoutLine: {'line': b'-- Detecting CXX compile features - done\n'}
[5.152687] (realsense_ros) StdoutLine: {'line': b'-- Create Debug Build.\n'}
[5.154543] (realsense_ros) StdoutLine: {'line': b'-- Found ament_cmake: 0.7.6 (/opt/ros/dashing/share/ament_cmake/cmake)\n'}
[5.177980] (realsense_ros) StdoutLine: {'line': b'-- Found PythonInterp: /usr/bin/python3 (found suitable version "3.6.9", minimum required is "3") \n'}
[5.178138] (realsense_ros) StdoutLine: {'line': b'-- Using PYTHON_EXECUTABLE: /usr/bin/python3\n'}
[5.206761] (-) TimerEvent: {}
[5.279362] (realsense_ros) StdoutLine: {'line': b'-- Override CMake install command with custom implementation using symlinks instead of copying resources\n'}
[5.306850] (-) TimerEvent: {}
[5.312681] (realsense_ros) StdoutLine: {'line': b'-- Found rclcpp: 0.7.16 (/opt/ros/dashing/share/rclcpp/cmake)\n'}
[5.372270] (realsense_ros) StdoutLine: {'line': b'-- Found rosidl_adapter: 0.7.10 (/opt/ros/dashing/share/rosidl_adapter/cmake)\n'}
[5.406945] (-) TimerEvent: {}
[5.500753] (moveit_msgs) StdoutLine: {'line': b'\x1b[35m\x1b[1mScanning dependencies of target moveit_msgs__rosidl_typesupport_introspection_cpp\x1b[0m\n'}
[5.507024] (-) TimerEvent: {}
[5.514934] (moveit_msgs) StdoutLine: {'line': b'[ 18%] \x1b[32mBuilding CXX object CMakeFiles/moveit_msgs__rosidl_typesupport_introspection_cpp.dir/rosidl_typesupport_introspection_cpp/moveit_msgs/msg/collision_object__type_support.cpp.o\x1b[0m\n'}
[5.515065] (moveit_msgs) StdoutLine: {'line': b'[ 19%] \x1b[32mBuilding CXX object CMakeFiles/moveit_msgs__rosidl_typesupport_introspection_cpp.dir/rosidl_typesupport_introspection_cpp/moveit_msgs/msg/grasp__type_support.cpp.o\x1b[0m\n'}
[5.515309] (moveit_msgs) StdoutLine: {'line': b'[ 20%] \x1b[32mBuilding CXX object CMakeFiles/moveit_msgs__rosidl_typesupport_introspection_cpp.dir/rosidl_typesupport_introspection_cpp/moveit_msgs/msg/object_type__type_support.cpp.o\x1b[0m\n'}
[5.515742] (moveit_msgs) StdoutLine: {'line': b'[ 22%] \x1b[32mBuilding CXX object CMakeFiles/moveit_msgs__rosidl_typesupport_introspection_cpp.dir/rosidl_typesupport_introspection_cpp/moveit_msgs/msg/gripper_translation__type_support.cpp.o\x1b[0m\n'}
[5.515897] (moveit_msgs) StdoutLine: {'line': b'[ 23%] \x1b[32mBuilding CXX object CMakeFiles/moveit_msgs__rosidl_typesupport_introspection_cpp.dir/rosidl_typesupport_introspection_cpp/moveit_msgs/msg/move_it_error_codes__type_support.cpp.o\x1b[0m\n'}
[5.516005] (moveit_msgs) StdoutLine: {'line': b'[ 24%] \x1b[32mBuilding CXX object CMakeFiles/moveit_msgs__rosidl_typesupport_introspection_cpp.dir/rosidl_typesupport_introspection_cpp/moveit_msgs/srv/grasp_planning__type_support.cpp.o\x1b[0m\n'}
[5.516196] (moveit_msgs) StdoutLine: {'line': b'[ 25%] \x1b[32mBuilding CXX object CMakeFiles/moveit_msgs__rosidl_typesupport_introspection_cpp.dir/rosidl_typesupport_introspection_cpp/moveit_msgs/msg/place_location__type_support.cpp.o\x1b[0m\n'}
[5.559564] (realsense_ros) StdoutLine: {'line': b'-- Found rmw_implementation_cmake: 0.7.2 (/opt/ros/dashing/share/rmw_implementation_cmake/cmake)\n'}
[5.567722] (realsense_ros) StdoutLine: {'line': b"-- Using RMW implementation 'rmw_fastrtps_cpp' as default\n"}
[5.572561] (realsense_ros) StdoutLine: {'line': b'-- Looking for pthread.h\n'}
[5.585147] (moveit_msgs) StdoutLine: {'line': b'\x1b[35m\x1b[1mScanning dependencies of target moveit_msgs__rosidl_typesupport_fastrtps_cpp\x1b[0m\n'}
[5.607142] (-) TimerEvent: {}
[5.612313] (moveit_msgs) StdoutLine: {'line': b'[ 31%] \x1b[32mBuilding CXX object CMakeFiles/moveit_msgs__rosidl_typesupport_fastrtps_cpp.dir/rosidl_typesupport_fastrtps_cpp/moveit_msgs/msg/dds_fastrtps/gripper_translation__type_support.cpp.o\x1b[0m\n'}
[5.612690] (moveit_msgs) StdoutLine: {'line': b'[ 32%] \x1b[32mBuilding CXX object CMakeFiles/moveit_msgs__rosidl_typesupport_fastrtps_cpp.dir/rosidl_typesupport_fastrtps_cpp/moveit_msgs/msg/dds_fastrtps/object_type__type_support.cpp.o\x1b[0m\n'}
[5.612941] (moveit_msgs) StdoutLine: {'line': b'[ 31%] \x1b[32mBuilding CXX object CMakeFiles/moveit_msgs__rosidl_typesupport_fastrtps_cpp.dir/rosidl_typesupport_fastrtps_cpp/moveit_msgs/msg/dds_fastrtps/grasp__type_support.cpp.o\x1b[0m\n'}
[5.613034] (moveit_msgs) StdoutLine: {'line': b'[ 31%] \x1b[32mBuilding CXX object CMakeFiles/moveit_msgs__rosidl_typesupport_fastrtps_cpp.dir/rosidl_typesupport_fastrtps_cpp/moveit_msgs/msg/dds_fastrtps/move_it_error_codes__type_support.cpp.o\x1b[0m\n'}
[5.613116] (moveit_msgs) StdoutLine: {'line': b'[ 31%] \x1b[32mBuilding CXX object CMakeFiles/moveit_msgs__rosidl_typesupport_fastrtps_cpp.dir/rosidl_typesupport_fastrtps_cpp/moveit_msgs/msg/dds_fastrtps/collision_object__type_support.cpp.o\x1b[0m\n'}
[5.616076] (moveit_msgs) StdoutLine: {'line': b'[ 33%] \x1b[32mBuilding CXX object CMakeFiles/moveit_msgs__rosidl_typesupport_fastrtps_cpp.dir/rosidl_typesupport_fastrtps_cpp/moveit_msgs/msg/dds_fastrtps/place_location__type_support.cpp.o\x1b[0m\n'}
[5.628182] (moveit_msgs) StdoutLine: {'line': b'[ 35%] \x1b[32mBuilding CXX object CMakeFiles/moveit_msgs__rosidl_typesupport_fastrtps_cpp.dir/rosidl_typesupport_fastrtps_cpp/moveit_msgs/srv/dds_fastrtps/grasp_planning__type_support.cpp.o\x1b[0m\n'}
[5.652697] (moveit_msgs) StdoutLine: {'line': b'\x1b[35m\x1b[1mScanning dependencies of target moveit_msgs__rosidl_typesupport_introspection_c\x1b[0m\n'}
[5.672388] (realsense_ros) StdoutLine: {'line': b'-- Looking for pthread.h - found\n'}
[5.674327] (realsense_ros) StdoutLine: {'line': b'-- Looking for pthread_create\n'}
[5.693020] (moveit_msgs) StdoutLine: {'line': b'[ 36%] \x1b[32mBuilding C object CMakeFiles/moveit_msgs__rosidl_typesupport_introspection_c.dir/rosidl_typesupport_introspection_c/moveit_msgs/msg/collision_object__type_support.c.o\x1b[0m\n'}
[5.704470] (moveit_msgs) StdoutLine: {'line': b'[ 37%] \x1b[32mBuilding C object CMakeFiles/moveit_msgs__rosidl_typesupport_introspection_c.dir/rosidl_typesupport_introspection_c/moveit_msgs/msg/grasp__type_support.c.o\x1b[0m\n'}
[5.707241] (-) TimerEvent: {}
[5.729121] (moveit_msgs) StdoutLine: {'line': b'[ 38%] \x1b[32mBuilding C object CMakeFiles/moveit_msgs__rosidl_typesupport_introspection_c.dir/rosidl_typesupport_introspection_c/moveit_msgs/msg/gripper_translation__type_support.c.o\x1b[0m\n'}
[5.741381] (moveit_msgs) StdoutLine: {'line': b'[ 40%] \x1b[32mBuilding C object CMakeFiles/moveit_msgs__rosidl_typesupport_introspection_c.dir/rosidl_typesupport_introspection_c/moveit_msgs/msg/move_it_error_codes__type_support.c.o\x1b[0m\n'}
[5.744838] (moveit_msgs) StdoutLine: {'line': b'[ 41%] \x1b[32mBuilding C object CMakeFiles/moveit_msgs__rosidl_typesupport_introspection_c.dir/rosidl_typesupport_introspection_c/moveit_msgs/msg/object_type__type_support.c.o\x1b[0m\n'}
[5.755330] (moveit_msgs) StdoutLine: {'line': b'[ 42%] \x1b[32mBuilding C object CMakeFiles/moveit_msgs__rosidl_typesupport_introspection_c.dir/rosidl_typesupport_introspection_c/moveit_msgs/msg/place_location__type_support.c.o\x1b[0m\n'}
[5.756286] (moveit_msgs) StdoutLine: {'line': b'[ 44%] \x1b[32mBuilding C object CMakeFiles/moveit_msgs__rosidl_typesupport_introspection_c.dir/rosidl_typesupport_introspection_c/moveit_msgs/srv/grasp_planning__type_support.c.o\x1b[0m\n'}
[5.795657] (realsense_ros) StdoutLine: {'line': b'-- Looking for pthread_create - not found\n'}
[5.795920] (moveit_msgs) StdoutLine: {'line': b'[ 45%] \x1b[32m\x1b[1mLinking C shared library libmoveit_msgs__rosidl_typesupport_introspection_c.so\x1b[0m\n'}
[5.796296] (realsense_ros) StdoutLine: {'line': b'-- Looking for pthread_create in pthreads\n'}
[5.807366] (-) TimerEvent: {}
[5.820814] (moveit_msgs) StdoutLine: {'line': b'[ 45%] Built target moveit_msgs__rosidl_typesupport_introspection_c\n'}
[5.846935] (realsense_ros) StdoutLine: {'line': b'-- Looking for pthread_create in pthreads - not found\n'}
[5.847497] (realsense_ros) StdoutLine: {'line': b'-- Looking for pthread_create in pthread\n'}
[5.904820] (realsense_ros) StdoutLine: {'line': b'-- Looking for pthread_create in pthread - found\n'}
[5.907496] (-) TimerEvent: {}
[5.909178] (realsense_ros) StdoutLine: {'line': b'-- Found Threads: TRUE  \n'}
[5.988130] (moveit_msgs) StdoutLine: {'line': b'[ 46%] \x1b[32m\x1b[1mLinking CXX shared library libmoveit_msgs__rosidl_typesupport_introspection_cpp.so\x1b[0m\n'}
[6.007620] (-) TimerEvent: {}
[6.019412] (realsense_ros) StdoutLine: {'line': b'-- Found rclcpp_components: 0.7.16 (/opt/ros/dashing/share/rclcpp_components/cmake)\n'}
[6.028894] (realsense_ros) StdoutLine: {'line': b'-- Found poco_vendor:  (/opt/ros/dashing/share/poco_vendor/cmake)\n'}
[6.043223] (grasp_msgs) StdoutLine: {'line': b'[ 82%] Built target grasp_msgs__py\n'}
[6.043427] (moveit_msgs) StdoutLine: {'line': b'[ 46%] Built target moveit_msgs__rosidl_typesupport_introspection_cpp\n'}
[6.046590] (grasp_msgs) StdoutLine: {'line': b'\x1b[35m\x1b[1mScanning dependencies of target grasp_msgs__python\x1b[0m\n'}
[6.079848] (grasp_msgs) StdoutLine: {'line': b'[ 84%] \x1b[32mBuilding C object CMakeFiles/grasp_msgs__python.dir/rosidl_generator_py/grasp_msgs/msg/_grasp_config_s.c.o\x1b[0m\n'}
[6.080054] (grasp_msgs) StdoutLine: {'line': b'[ 86%] \x1b[32mBuilding C object CMakeFiles/grasp_msgs__python.dir/rosidl_generator_py/grasp_msgs/msg/_grasp_config_list_s.c.o\x1b[0m\n'}
[6.080110] (grasp_msgs) StdoutLine: {'line': b'[ 88%] \x1b[32mBuilding C object CMakeFiles/grasp_msgs__python.dir/rosidl_generator_py/grasp_msgs/msg/_samples_msg_s.c.o\x1b[0m\n'}
[6.092069] (realsense_ros) StdoutLine: {'line': b'-- Found nav_msgs: 0.7.1 (/opt/ros/dashing/share/nav_msgs/cmake)\n'}
[6.107790] (-) TimerEvent: {}
[6.127765] (moveit_msgs) StdoutLine: {'line': b'[ 48%] \x1b[32m\x1b[1mLinking CXX shared library libmoveit_msgs__rosidl_typesupport_fastrtps_cpp.so\x1b[0m\n'}
[6.129168] (grasp_msgs) StdoutLine: {'line': b'[ 91%] \x1b[32m\x1b[1mLinking C shared library rosidl_generator_py/grasp_msgs/libgrasp_msgs__python.so\x1b[0m\n'}
[6.160206] (grasp_msgs) StdoutLine: {'line': b'[ 91%] Built target grasp_msgs__python\n'}
[6.163754] (grasp_msgs) StdoutLine: {'line': b'\x1b[35m\x1b[1mScanning dependencies of target grasp_msgs__rosidl_typesupport_c__pyext\x1b[0m\n'}
[6.163878] (grasp_msgs) StdoutLine: {'line': b'\x1b[35m\x1b[1mScanning dependencies of target grasp_msgs__rosidl_typesupport_fastrtps_c__pyext\x1b[0m\n'}
[6.164398] (realsense_ros) StdoutLine: {'line': b'-- Found sensor_msgs: 0.7.1 (/opt/ros/dashing/share/sensor_msgs/cmake)\n'}
[6.181218] (grasp_msgs) StdoutLine: {'line': b'[ 93%] \x1b[32mBuilding C object CMakeFiles/grasp_msgs__rosidl_typesupport_c__pyext.dir/rosidl_generator_py/grasp_msgs/_grasp_msgs_s.ep.rosidl_typesupport_c.c.o\x1b[0m\n'}
[6.181364] (grasp_msgs) StdoutLine: {'line': b'[ 95%] \x1b[32mBuilding C object CMakeFiles/grasp_msgs__rosidl_typesupport_fastrtps_c__pyext.dir/rosidl_generator_py/grasp_msgs/_grasp_msgs_s.ep.rosidl_typesupport_fastrtps_c.c.o\x1b[0m\n'}
[6.188538] (moveit_msgs) StdoutLine: {'line': b'[ 48%] Built target moveit_msgs__rosidl_typesupport_fastrtps_cpp\n'}
[6.192745] (moveit_msgs) StdoutLine: {'line': b'[ 49%] \x1b[34m\x1b[1mGenerating C type support for eProsima Fast-RTPS\x1b[0m\n'}
[6.192951] (moveit_msgs) StdoutLine: {'line': b'[ 50%] \x1b[34m\x1b[1mGenerating C++ type support dispatch for ROS interfaces\x1b[0m\n'}
[6.207881] (-) TimerEvent: {}
[6.225557] (grasp_msgs) StdoutLine: {'line': b'[100%] \x1b[32m\x1b[1mLinking C shared library rosidl_generator_py/grasp_msgs/grasp_msgs_s__rosidl_typesupport_c.cpython-36m-x86_64-linux-gnu.so\x1b[0m\n'}
[6.225836] (grasp_msgs) StdoutLine: {'line': b'[100%] \x1b[32m\x1b[1mLinking C shared library rosidl_generator_py/grasp_msgs/grasp_msgs_s__rosidl_typesupport_fastrtps_c.cpython-36m-x86_64-linux-gnu.so\x1b[0m\n'}
[6.230814] (realsense_ros) StdoutLine: {'line': b'-- Found OpenCV: /usr (found version "3.2.0") \n'}
[6.233211] (realsense_ros) StdoutLine: {'line': b'-- Found tf2: 0.11.6 (/opt/ros/dashing/share/tf2/cmake)\n'}
[6.240971] (realsense_ros) StdoutLine: {'line': b'-- Found tf2_ros: 0.11.6 (/opt/ros/dashing/share/tf2_ros/cmake)\n'}
[6.262357] (grasp_msgs) StdoutLine: {'line': b'[100%] Built target grasp_msgs__rosidl_typesupport_fastrtps_c__pyext\n'}
[6.262623] (grasp_msgs) StdoutLine: {'line': b'[100%] Built target grasp_msgs__rosidl_typesupport_c__pyext\n'}
[6.266251] (grasp_msgs) CommandEnded: {'returncode': 0}
[6.307995] (-) TimerEvent: {}
[6.312640] (grasp_msgs) JobProgress: {'identifier': 'grasp_msgs', 'progress': 'install'}
[6.313882] (grasp_msgs) Command: {'cmd': ['/usr/local/bin/cmake', '--build', '/root/ros2_ws/build/grasp_msgs', '--target', 'install', '--', '-j16', '-l16'], 'cwd': '/root/ros2_ws/build/grasp_msgs', 'env': OrderedDict([('LESSOPEN', '| /usr/bin/lesspipe %s'), ('HOSTNAME', '1bd1ca9b3cba'), ('LD_LIBRARY_PATH', '/opt/ros/dashing/opt/yaml_cpp_vendor/lib:/opt/ros/dashing/opt/rviz_ogre_vendor/lib:/opt/ros/dashing/lib'), ('SHLVL', '1'), ('OLDPWD', '/root'), ('HOME', '/root'), ('ROS_PYTHON_VERSION', '3'), ('ROS_DISTRO', 'dashing'), ('_', '/usr/bin/colcon'), ('ROS_VERSION', '2'), ('TERM', 'xterm'), ('PATH', '/opt/ros/dashing/bin:/usr/local/sbin:/usr/local/bin:/usr/sbin:/usr/bin:/sbin:/bin'), ('DISPLAY', ':0'), ('LS_COLORS', 'rs=0:di=01;34:ln=01;36:mh=00:pi=40;33:so=01;35:do=01;35:bd=40;33;01:cd=40;33;01:or=40;31;01:mi=00:su=37;41:sg=30;43:ca=30;41:tw=30;42:ow=34;42:st=37;44:ex=01;32:*.tar=01;31:*.tgz=01;31:*.arc=01;31:*.arj=01;31:*.taz=01;31:*.lha=01;31:*.lz4=01;31:*.lzh=01;31:*.lzma=01;31:*.tlz=01;31:*.txz=01;31:*.tzo=01;31:*.t7z=01;31:*.zip=01;31:*.z=01;31:*.Z=01;31:*.dz=01;31:*.gz=01;31:*.lrz=01;31:*.lz=01;31:*.lzo=01;31:*.xz=01;31:*.zst=01;31:*.tzst=01;31:*.bz2=01;31:*.bz=01;31:*.tbz=01;31:*.tbz2=01;31:*.tz=01;31:*.deb=01;31:*.rpm=01;31:*.jar=01;31:*.war=01;31:*.ear=01;31:*.sar=01;31:*.rar=01;31:*.alz=01;31:*.ace=01;31:*.zoo=01;31:*.cpio=01;31:*.7z=01;31:*.rz=01;31:*.cab=01;31:*.wim=01;31:*.swm=01;31:*.dwm=01;31:*.esd=01;31:*.jpg=01;35:*.jpeg=01;35:*.mjpg=01;35:*.mjpeg=01;35:*.gif=01;35:*.bmp=01;35:*.pbm=01;35:*.pgm=01;35:*.ppm=01;35:*.tga=01;35:*.xbm=01;35:*.xpm=01;35:*.tif=01;35:*.tiff=01;35:*.png=01;35:*.svg=01;35:*.svgz=01;35:*.mng=01;35:*.pcx=01;35:*.mov=01;35:*.mpg=01;35:*.mpeg=01;35:*.m2v=01;35:*.mkv=01;35:*.webm=01;35:*.ogm=01;35:*.mp4=01;35:*.m4v=01;35:*.mp4v=01;35:*.vob=01;35:*.qt=01;35:*.nuv=01;35:*.wmv=01;35:*.asf=01;35:*.rm=01;35:*.rmvb=01;35:*.flc=01;35:*.avi=01;35:*.fli=01;35:*.flv=01;35:*.gl=01;35:*.dl=01;35:*.xcf=01;35:*.xwd=01;35:*.yuv=01;35:*.cgm=01;35:*.emf=01;35:*.ogv=01;35:*.ogx=01;35:*.aac=00;36:*.au=00;36:*.flac=00;36:*.m4a=00;36:*.mid=00;36:*.midi=00;36:*.mka=00;36:*.mp3=00;36:*.mpc=00;36:*.ogg=00;36:*.ra=00;36:*.wav=00;36:*.oga=00;36:*.opus=00;36:*.spx=00;36:*.xspf=00;36:'), ('AMENT_PREFIX_PATH', '/opt/ros/dashing'), ('LESSCLOSE', '/usr/bin/lesspipe %s %s'), ('PWD', '/root/ros2_ws/build/grasp_msgs'), ('PYTHONPATH', '/opt/ros/dashing/lib/python3.6/site-packages'), ('NVIDIA_VISIBLE_DEVICES', 'all'), ('COLCON', '1'), ('CMAKE_PREFIX_PATH', '/opt/ros/dashing')]), 'shell': False}
[6.334140] (grasp_msgs) StdoutLine: {'line': b'[  2%] Built target grasp_msgs__cpp\n'}
[6.336454] (grasp_msgs) StdoutLine: {'line': b'[ 13%] Built target grasp_msgs__rosidl_generator_c\n'}
[6.343642] (grasp_msgs) StdoutLine: {'line': b'[ 24%] Built target grasp_msgs__rosidl_typesupport_introspection_cpp\n'}
[6.345898] (grasp_msgs) StdoutLine: {'line': b'[ 35%] Built target grasp_msgs__rosidl_typesupport_fastrtps_cpp\n'}
[6.346189] (grasp_msgs) StdoutLine: {'line': b'[ 46%] Built target grasp_msgs__rosidl_typesupport_introspection_c\n'}
[6.357975] (grasp_msgs) StdoutLine: {'line': b'[ 64%] Built target grasp_msgs__rosidl_typesupport_fastrtps_c\n'}
[6.358151] (grasp_msgs) StdoutLine: {'line': b'[ 68%] Built target grasp_msgs__rosidl_typesupport_cpp\n'}
[6.369850] (grasp_msgs) StdoutLine: {'line': b'[ 80%] Built target grasp_msgs__rosidl_typesupport_c\n'}
[6.376387] (grasp_msgs) StdoutLine: {'line': b'[ 80%] Built target grasp_msgs\n'}
[6.383120] (grasp_msgs) StdoutLine: {'line': b'[ 82%] Built target grasp_msgs__py\n'}
[6.395260] (grasp_msgs) StdoutLine: {'line': b'[ 91%] Built target grasp_msgs__python\n'}
[6.397097] (realsense_ros) StdoutLine: {'line': b'-- Found realsense_msgs: 2.0.8 (/root/ros2_ws/install/realsense_msgs/share/realsense_msgs/cmake)\n'}
[6.406586] (grasp_msgs) StdoutLine: {'line': b'[100%] Built target grasp_msgs__rosidl_typesupport_fastrtps_c__pyext\n'}
[6.406745] (grasp_msgs) StdoutLine: {'line': b'[100%] Built target grasp_msgs__rosidl_typesupport_c__pyext\n'}
[6.408044] (-) TimerEvent: {}
[6.411740] (grasp_msgs) StdoutLine: {'line': b'\x1b[36mInstall the project...\x1b[0m\n'}
[6.414129] (grasp_msgs) StdoutLine: {'line': b'-- Install configuration: ""\n'}
[6.415581] (grasp_msgs) StdoutLine: {'line': b'-- Execute custom install script\n'}
[6.416175] (grasp_msgs) StdoutLine: {'line': b'-- Symlinking: /root/ros2_ws/install/grasp_msgs/share/ament_index/resource_index/rosidl_interfaces/grasp_msgs\n'}
[6.418710] (grasp_msgs) StdoutLine: {'line': b'-- Symlinking: /root/ros2_ws/install/grasp_msgs/lib/libgrasp_msgs__rosidl_typesupport_c.so\n'}
[6.421039] (grasp_msgs) StdoutLine: {'line': b'-- Symlinking: /root/ros2_ws/install/grasp_msgs/share/grasp_msgs/environment/library_path.sh\n'}
[6.423599] (grasp_msgs) StdoutLine: {'line': b'-- Symlinking: /root/ros2_ws/install/grasp_msgs/lib/libgrasp_msgs__rosidl_typesupport_cpp.so\n'}
[6.426808] (grasp_msgs) StdoutLine: {'line': b'-- Symlinking: /root/ros2_ws/install/grasp_msgs/include/grasp_msgs/msg/grasp_config__rosidl_typesupport_fastrtps_c.h\n'}
[6.428764] (grasp_msgs) StdoutLine: {'line': b'-- Symlinking: /root/ros2_ws/install/grasp_msgs/include/grasp_msgs/msg/grasp_config_list__rosidl_typesupport_fastrtps_c.h\n'}
[6.430870] (grasp_msgs) StdoutLine: {'line': b'-- Symlinking: /root/ros2_ws/install/grasp_msgs/include/grasp_msgs/msg/rosidl_typesupport_fastrtps_c__visibility_control.h\n'}
[6.432767] (grasp_msgs) StdoutLine: {'line': b'-- Symlinking: /root/ros2_ws/install/grasp_msgs/include/grasp_msgs/msg/samples_msg__rosidl_typesupport_fastrtps_c.h\n'}
[6.435335] (grasp_msgs) StdoutLine: {'line': b'-- Symlinking: /root/ros2_ws/install/grasp_msgs/lib/libgrasp_msgs__rosidl_typesupport_fastrtps_c.so\n'}
[6.438402] (grasp_msgs) StdoutLine: {'line': b'-- Symlinking: /root/ros2_ws/install/grasp_msgs/include/grasp_msgs/msg/grasp_config.h\n'}
[6.440497] (grasp_msgs) StdoutLine: {'line': b'-- Symlinking: /root/ros2_ws/install/grasp_msgs/include/grasp_msgs/msg/grasp_config__functions.h\n'}
[6.442581] (grasp_msgs) StdoutLine: {'line': b'-- Symlinking: /root/ros2_ws/install/grasp_msgs/include/grasp_msgs/msg/grasp_config__struct.h\n'}
[6.444591] (grasp_msgs) StdoutLine: {'line': b'-- Symlinking: /root/ros2_ws/install/grasp_msgs/include/grasp_msgs/msg/grasp_config__type_support.h\n'}
[6.446773] (grasp_msgs) StdoutLine: {'line': b'-- Symlinking: /root/ros2_ws/install/grasp_msgs/include/grasp_msgs/msg/grasp_config_list.h\n'}
[6.448669] (grasp_msgs) StdoutLine: {'line': b'-- Symlinking: /root/ros2_ws/install/grasp_msgs/include/grasp_msgs/msg/grasp_config_list__functions.h\n'}
[6.450686] (grasp_msgs) StdoutLine: {'line': b'-- Symlinking: /root/ros2_ws/install/grasp_msgs/include/grasp_msgs/msg/grasp_config_list__struct.h\n'}
[6.452604] (grasp_msgs) StdoutLine: {'line': b'-- Symlinking: /root/ros2_ws/install/grasp_msgs/include/grasp_msgs/msg/grasp_config_list__type_support.h\n'}
[6.454659] (grasp_msgs) StdoutLine: {'line': b'-- Symlinking: /root/ros2_ws/install/grasp_msgs/include/grasp_msgs/msg/rosidl_generator_c__visibility_control.h\n'}
[6.456659] (grasp_msgs) StdoutLine: {'line': b'-- Symlinking: /root/ros2_ws/install/grasp_msgs/include/grasp_msgs/msg/samples_msg.h\n'}
[6.458780] (grasp_msgs) StdoutLine: {'line': b'-- Symlinking: /root/ros2_ws/install/grasp_msgs/include/grasp_msgs/msg/samples_msg__functions.h\n'}
[6.460673] (grasp_msgs) StdoutLine: {'line': b'-- Symlinking: /root/ros2_ws/install/grasp_msgs/include/grasp_msgs/msg/samples_msg__struct.h\n'}
[6.462753] (grasp_msgs) StdoutLine: {'line': b'-- Symlinking: /root/ros2_ws/install/grasp_msgs/include/grasp_msgs/msg/samples_msg__type_support.h\n'}
[6.465185] (grasp_msgs) StdoutLine: {'line': b'-- Symlinking: /root/ros2_ws/install/grasp_msgs/lib/libgrasp_msgs__rosidl_generator_c.so\n'}
[6.468302] (grasp_msgs) StdoutLine: {'line': b'-- Symlinking: /root/ros2_ws/install/grasp_msgs/include/grasp_msgs/msg/grasp_config__rosidl_typesupport_fastrtps_cpp.hpp\n'}
[6.470440] (grasp_msgs) StdoutLine: {'line': b'-- Symlinking: /root/ros2_ws/install/grasp_msgs/include/grasp_msgs/msg/grasp_config_list__rosidl_typesupport_fastrtps_cpp.hpp\n'}
[6.472469] (grasp_msgs) StdoutLine: {'line': b'-- Symlinking: /root/ros2_ws/install/grasp_msgs/include/grasp_msgs/msg/rosidl_typesupport_fastrtps_cpp__visibility_control.h\n'}
[6.474518] (grasp_msgs) StdoutLine: {'line': b'-- Symlinking: /root/ros2_ws/install/grasp_msgs/include/grasp_msgs/msg/samples_msg__rosidl_typesupport_fastrtps_cpp.hpp\n'}
[6.476947] (grasp_msgs) StdoutLine: {'line': b'-- Symlinking: /root/ros2_ws/install/grasp_msgs/lib/libgrasp_msgs__rosidl_typesupport_fastrtps_cpp.so\n'}
[6.479877] (grasp_msgs) StdoutLine: {'line': b'-- Symlinking: /root/ros2_ws/install/grasp_msgs/include/grasp_msgs/msg/grasp_config.hpp\n'}
[6.481794] (grasp_msgs) StdoutLine: {'line': b'-- Symlinking: /root/ros2_ws/install/grasp_msgs/include/grasp_msgs/msg/grasp_config__struct.hpp\n'}
[6.483805] (grasp_msgs) StdoutLine: {'line': b'-- Symlinking: /root/ros2_ws/install/grasp_msgs/include/grasp_msgs/msg/grasp_config__traits.hpp\n'}
[6.485856] (grasp_msgs) StdoutLine: {'line': b'-- Symlinking: /root/ros2_ws/install/grasp_msgs/include/grasp_msgs/msg/grasp_config_list.hpp\n'}
[6.487841] (grasp_msgs) StdoutLine: {'line': b'-- Symlinking: /root/ros2_ws/install/grasp_msgs/include/grasp_msgs/msg/grasp_config_list__struct.hpp\n'}
[6.489747] (grasp_msgs) StdoutLine: {'line': b'-- Symlinking: /root/ros2_ws/install/grasp_msgs/include/grasp_msgs/msg/grasp_config_list__traits.hpp\n'}
[6.491687] (grasp_msgs) StdoutLine: {'line': b'-- Symlinking: /root/ros2_ws/install/grasp_msgs/include/grasp_msgs/msg/samples_msg.hpp\n'}
[6.493569] (grasp_msgs) StdoutLine: {'line': b'-- Symlinking: /root/ros2_ws/install/grasp_msgs/include/grasp_msgs/msg/samples_msg__struct.hpp\n'}
[6.495571] (grasp_msgs) StdoutLine: {'line': b'-- Symlinking: /root/ros2_ws/install/grasp_msgs/include/grasp_msgs/msg/samples_msg__traits.hpp\n'}
[6.498271] (grasp_msgs) StdoutLine: {'line': b'-- Symlinking: /root/ros2_ws/install/grasp_msgs/include/grasp_msgs/msg/grasp_config__rosidl_typesupport_introspection_c.h\n'}
[6.500221] (grasp_msgs) StdoutLine: {'line': b'-- Symlinking: /root/ros2_ws/install/grasp_msgs/include/grasp_msgs/msg/grasp_config_list__rosidl_typesupport_introspection_c.h\n'}
[6.502285] (grasp_msgs) StdoutLine: {'line': b'-- Symlinking: /root/ros2_ws/install/grasp_msgs/include/grasp_msgs/msg/rosidl_typesupport_introspection_c__visibility_control.h\n'}
[6.504333] (grasp_msgs) StdoutLine: {'line': b'-- Symlinking: /root/ros2_ws/install/grasp_msgs/include/grasp_msgs/msg/samples_msg__rosidl_typesupport_introspection_c.h\n'}
[6.506914] (grasp_msgs) StdoutLine: {'line': b'-- Symlinking: /root/ros2_ws/install/grasp_msgs/lib/libgrasp_msgs__rosidl_typesupport_introspection_c.so\n'}
[6.508107] (-) TimerEvent: {}
[6.509698] (grasp_msgs) StdoutLine: {'line': b'-- Symlinking: /root/ros2_ws/install/grasp_msgs/include/grasp_msgs/msg/grasp_config__rosidl_typesupport_introspection_cpp.hpp\n'}
[6.511578] (grasp_msgs) StdoutLine: {'line': b'-- Symlinking: /root/ros2_ws/install/grasp_msgs/include/grasp_msgs/msg/grasp_config_list__rosidl_typesupport_introspection_cpp.hpp\n'}
[6.513518] (grasp_msgs) StdoutLine: {'line': b'-- Symlinking: /root/ros2_ws/install/grasp_msgs/include/grasp_msgs/msg/samples_msg__rosidl_typesupport_introspection_cpp.hpp\n'}
[6.516098] (grasp_msgs) StdoutLine: {'line': b'-- Symlinking: /root/ros2_ws/install/grasp_msgs/lib/libgrasp_msgs__rosidl_typesupport_introspection_cpp.so\n'}
[6.518441] (grasp_msgs) StdoutLine: {'line': b'-- Symlinking: /root/ros2_ws/install/grasp_msgs/share/grasp_msgs/environment/pythonpath.sh\n'}
[6.520721] (grasp_msgs) StdoutLine: {'line': b'-- Symlinking: /root/ros2_ws/install/grasp_msgs/lib/python3.6/site-packages/grasp_msgs/__init__.py\n'}
[6.523535] (grasp_msgs) StdoutLine: {'line': b'-- Symlinking: /root/ros2_ws/install/grasp_msgs/lib/python3.6/site-packages/grasp_msgs/msg/__init__.py\n'}
[6.525427] (grasp_msgs) StdoutLine: {'line': b'-- Symlinking: /root/ros2_ws/install/grasp_msgs/lib/python3.6/site-packages/grasp_msgs/msg/_grasp_config.py\n'}
[6.527446] (grasp_msgs) StdoutLine: {'line': b'-- Symlinking: /root/ros2_ws/install/grasp_msgs/lib/python3.6/site-packages/grasp_msgs/msg/_grasp_config_list.py\n'}
[6.529364] (grasp_msgs) StdoutLine: {'line': b'-- Symlinking: /root/ros2_ws/install/grasp_msgs/lib/python3.6/site-packages/grasp_msgs/msg/_samples_msg.py\n'}
[6.531865] (grasp_msgs) StdoutLine: {'line': b'-- Symlinking: /root/ros2_ws/install/grasp_msgs/lib/python3.6/site-packages/grasp_msgs/grasp_msgs_s__rosidl_typesupport_c.cpython-36m-x86_64-linux-gnu.so\n'}
[6.534353] (grasp_msgs) StdoutLine: {'line': b'-- Symlinking: /root/ros2_ws/install/grasp_msgs/lib/python3.6/site-packages/grasp_msgs/grasp_msgs_s__rosidl_typesupport_fastrtps_c.cpython-36m-x86_64-linux-gnu.so\n'}
[6.536814] (grasp_msgs) StdoutLine: {'line': b'-- Symlinking: /root/ros2_ws/install/grasp_msgs/lib/libgrasp_msgs__python.so\n'}
[6.539194] (grasp_msgs) StdoutLine: {'line': b'-- Symlinking: /root/ros2_ws/install/grasp_msgs/share/grasp_msgs/msg/GraspConfig.idl\n'}
[6.541386] (grasp_msgs) StdoutLine: {'line': b'-- Symlinking: /root/ros2_ws/install/grasp_msgs/share/grasp_msgs/msg/GraspConfigList.idl\n'}
[6.543639] (grasp_msgs) StdoutLine: {'line': b'-- Symlinking: /root/ros2_ws/install/grasp_msgs/share/grasp_msgs/msg/SamplesMsg.idl\n'}
[6.545774] (grasp_msgs) StdoutLine: {'line': b'-- Symlinking: /root/ros2_ws/install/grasp_msgs/share/grasp_msgs/msg/GraspConfig.msg\n'}
[6.548031] (grasp_msgs) StdoutLine: {'line': b'-- Symlinking: /root/ros2_ws/install/grasp_msgs/share/grasp_msgs/msg/GraspConfigList.msg\n'}
[6.550253] (grasp_msgs) StdoutLine: {'line': b'-- Symlinking: /root/ros2_ws/install/grasp_msgs/share/grasp_msgs/msg/SamplesMsg.msg\n'}
[6.552512] (grasp_msgs) StdoutLine: {'line': b'-- Symlinking: /root/ros2_ws/install/grasp_msgs/share/ament_index/resource_index/package_run_dependencies/grasp_msgs\n'}
[6.554860] (grasp_msgs) StdoutLine: {'line': b'-- Symlinking: /root/ros2_ws/install/grasp_msgs/share/ament_index/resource_index/parent_prefix_path/grasp_msgs\n'}
[6.556987] (grasp_msgs) StdoutLine: {'line': b'-- Symlinking: /root/ros2_ws/install/grasp_msgs/share/grasp_msgs/environment/ament_prefix_path.sh\n'}
[6.559262] (grasp_msgs) StdoutLine: {'line': b'-- Symlinking: /root/ros2_ws/install/grasp_msgs/share/grasp_msgs/environment/path.sh\n'}
[6.561396] (grasp_msgs) StdoutLine: {'line': b'-- Symlinking: /root/ros2_ws/install/grasp_msgs/share/grasp_msgs/local_setup.bash\n'}
[6.563739] (grasp_msgs) StdoutLine: {'line': b'-- Symlinking: /root/ros2_ws/install/grasp_msgs/share/grasp_msgs/local_setup.sh\n'}
[6.565901] (grasp_msgs) StdoutLine: {'line': b'-- Symlinking: /root/ros2_ws/install/grasp_msgs/share/grasp_msgs/local_setup.zsh\n'}
[6.568139] (grasp_msgs) StdoutLine: {'line': b'-- Symlinking: /root/ros2_ws/install/grasp_msgs/share/ament_index/resource_index/packages/grasp_msgs\n'}
[6.570345] (grasp_msgs) StdoutLine: {'line': b'-- Symlinking: /root/ros2_ws/install/grasp_msgs/share/grasp_msgs/cmake/rosidl_cmake-extras.cmake\n'}
[6.572589] (grasp_msgs) StdoutLine: {'line': b'-- Symlinking: /root/ros2_ws/install/grasp_msgs/share/grasp_msgs/cmake/ament_cmake_export_dependencies-extras.cmake\n'}
[6.574914] (grasp_msgs) StdoutLine: {'line': b'-- Symlinking: /root/ros2_ws/install/grasp_msgs/share/grasp_msgs/cmake/ament_cmake_export_libraries-extras.cmake\n'}
[6.577096] (grasp_msgs) StdoutLine: {'line': b'-- Symlinking: /root/ros2_ws/install/grasp_msgs/share/grasp_msgs/cmake/ament_cmake_export_include_directories-extras.cmake\n'}
[6.579445] (grasp_msgs) StdoutLine: {'line': b'-- Symlinking: /root/ros2_ws/install/grasp_msgs/share/grasp_msgs/cmake/grasp_msgsConfig.cmake\n'}
[6.581359] (grasp_msgs) StdoutLine: {'line': b'-- Symlinking: /root/ros2_ws/install/grasp_msgs/share/grasp_msgs/cmake/grasp_msgsConfig-version.cmake\n'}
[6.583650] (grasp_msgs) StdoutLine: {'line': b'-- Symlinking: /root/ros2_ws/install/grasp_msgs/share/grasp_msgs/package.xml\n'}
[6.604697] (grasp_msgs) StdoutLine: {'line': b"Compiling '/root/ros2_ws/install/grasp_msgs/lib/python3.6/site-packages/grasp_msgs/__init__.py'...\n"}
[6.608176] (-) TimerEvent: {}
[6.609121] (grasp_msgs) CommandEnded: {'returncode': 0}
[6.653777] (realsense_ros) StdoutLine: {'line': b'-- Found ament_lint_auto: 0.7.12 (/opt/ros/dashing/share/ament_lint_auto/cmake)\n'}
[6.669331] (grasp_msgs) JobEnded: {'identifier': 'grasp_msgs', 'rc': 0}
[6.708282] (-) TimerEvent: {}
[6.726877] (realsense_ros) StdoutLine: {'line': b"-- Found gtest sources under '/opt/ros/dashing/src/gtest_vendor': C++ tests using 'Google Test' will be built\n"}
[6.732300] (realsense_ros) StdoutLine: {'line': b'-- Check if compiler accepts -pthread\n'}
[6.777227] (realsense_ros) StdoutLine: {'line': b'-- Check if compiler accepts -pthread - yes\n'}
[6.808410] (-) TimerEvent: {}
[6.883761] (moveit_msgs) StdoutLine: {'line': b'\x1b[35m\x1b[1mScanning dependencies of target moveit_msgs__rosidl_typesupport_cpp\x1b[0m\n'}
[6.899876] (moveit_msgs) StdoutLine: {'line': b'[ 51%] \x1b[32mBuilding CXX object CMakeFiles/moveit_msgs__rosidl_typesupport_cpp.dir/rosidl_typesupport_cpp/moveit_msgs/msg/collision_object__type_support.cpp.o\x1b[0m\n'}
[6.900040] (moveit_msgs) StdoutLine: {'line': b'[ 53%] \x1b[32mBuilding CXX object CMakeFiles/moveit_msgs__rosidl_typesupport_cpp.dir/rosidl_typesupport_cpp/moveit_msgs/msg/grasp__type_support.cpp.o\x1b[0m\n'}
[6.900171] (moveit_msgs) StdoutLine: {'line': b'[ 54%] \x1b[32mBuilding CXX object CMakeFiles/moveit_msgs__rosidl_typesupport_cpp.dir/rosidl_typesupport_cpp/moveit_msgs/msg/gripper_translation__type_support.cpp.o\x1b[0m\n'}
[6.900296] (moveit_msgs) StdoutLine: {'line': b'[ 55%] \x1b[32mBuilding CXX object CMakeFiles/moveit_msgs__rosidl_typesupport_cpp.dir/rosidl_typesupport_cpp/moveit_msgs/msg/move_it_error_codes__type_support.cpp.o\x1b[0m\n'}
[6.900408] (moveit_msgs) StdoutLine: {'line': b'[ 57%] \x1b[32mBuilding CXX object CMakeFiles/moveit_msgs__rosidl_typesupport_cpp.dir/rosidl_typesupport_cpp/moveit_msgs/msg/object_type__type_support.cpp.o\x1b[0m\n'}
[6.901213] (moveit_msgs) StdoutLine: {'line': b'[ 58%] \x1b[32mBuilding CXX object CMakeFiles/moveit_msgs__rosidl_typesupport_cpp.dir/rosidl_typesupport_cpp/moveit_msgs/msg/place_location__type_support.cpp.o\x1b[0m\n'}
[6.901765] (moveit_msgs) StdoutLine: {'line': b'[ 59%] \x1b[32mBuilding CXX object CMakeFiles/moveit_msgs__rosidl_typesupport_cpp.dir/rosidl_typesupport_cpp/moveit_msgs/srv/grasp_planning__type_support.cpp.o\x1b[0m\n'}
[6.908504] (-) TimerEvent: {}
[6.993298] (moveit_msgs) StdoutLine: {'line': b'\x1b[35m\x1b[1mScanning dependencies of target moveit_msgs__rosidl_typesupport_fastrtps_c\x1b[0m\n'}
[7.008640] (-) TimerEvent: {}
[7.033021] (moveit_msgs) StdoutLine: {'line': b'[ 66%] \x1b[32mBuilding CXX object CMakeFiles/moveit_msgs__rosidl_typesupport_fastrtps_c.dir/rosidl_typesupport_fastrtps_c/moveit_msgs/msg/object_type__type_support_c.cpp.o\x1b[0m\n'}
[7.033367] (moveit_msgs) StdoutLine: {'line': b'[ 66%] \x1b[32mBuilding CXX object CMakeFiles/moveit_msgs__rosidl_typesupport_fastrtps_c.dir/rosidl_typesupport_fastrtps_c/moveit_msgs/msg/gripper_translation__type_support_c.cpp.o\x1b[0m\n'}
[7.033481] (moveit_msgs) StdoutLine: {'line': b'[ 66%] \x1b[32mBuilding CXX object CMakeFiles/moveit_msgs__rosidl_typesupport_fastrtps_c.dir/rosidl_typesupport_fastrtps_c/moveit_msgs/msg/move_it_error_codes__type_support_c.cpp.o\x1b[0m\n'}
[7.033567] (moveit_msgs) StdoutLine: {'line': b'[ 66%] \x1b[32mBuilding CXX object CMakeFiles/moveit_msgs__rosidl_typesupport_fastrtps_c.dir/rosidl_typesupport_fastrtps_c/moveit_msgs/msg/grasp__type_support_c.cpp.o\x1b[0m\n'}
[7.033673] (moveit_msgs) StdoutLine: {'line': b'[ 66%] \x1b[32mBuilding CXX object CMakeFiles/moveit_msgs__rosidl_typesupport_fastrtps_c.dir/rosidl_typesupport_fastrtps_c/moveit_msgs/msg/collision_object__type_support_c.cpp.o\x1b[0m\n'}
[7.033758] (moveit_msgs) StdoutLine: {'line': b'[ 67%] \x1b[32mBuilding CXX object CMakeFiles/moveit_msgs__rosidl_typesupport_fastrtps_c.dir/rosidl_typesupport_fastrtps_c/moveit_msgs/msg/place_location__type_support_c.cpp.o\x1b[0m\n'}
[7.035307] (moveit_msgs) StdoutLine: {'line': b'[ 68%] \x1b[32mBuilding CXX object CMakeFiles/moveit_msgs__rosidl_typesupport_fastrtps_c.dir/rosidl_typesupport_fastrtps_c/moveit_msgs/srv/grasp_planning__type_support_c.cpp.o\x1b[0m\n'}
[7.036271] (realsense_ros) StdoutLine: {'line': b"-- Added test 'copyright' to check for copyright in CMake / C / C++ / Python code\n"}
[7.041006] (realsense_ros) StdoutLine: {'line': b"-- Added test 'cppcheck' to perform static code analysis on C / C++ code\n"}
[7.043240] (realsense_ros) StdoutLine: {'line': b'-- Configured cppcheck include dirs: /root/ros2_ws/src/ros2_intel_realsense/realsense_ros/include\n'}
[7.047169] (realsense_ros) StdoutLine: {'line': b"-- Added test 'cpplint' to check C / C++ code against the Google style\n"}
[7.050920] (realsense_ros) StdoutLine: {'line': b"-- Added test 'lint_cmake' to check CMake code style\n"}
[7.055603] (realsense_ros) StdoutLine: {'line': b"-- Added test 'uncrustify' to check C / C++ code style\n"}
[7.058357] (realsense_ros) StdoutLine: {'line': b"-- Added test 'xmllint' to check XML markup files\n"}
[7.075931] (realsense_ros) StdoutLine: {'line': b'-- Configuring done\n'}
[7.108783] (-) TimerEvent: {}
[7.179144] (moveit_msgs) StdoutLine: {'line': b'[ 70%] \x1b[32m\x1b[1mLinking CXX shared library libmoveit_msgs__rosidl_typesupport_cpp.so\x1b[0m\n'}
[7.208900] (-) TimerEvent: {}
[7.246713] (moveit_msgs) StdoutLine: {'line': b'[ 70%] Built target moveit_msgs__rosidl_typesupport_cpp\n'}
[7.256009] (realsense_ros) StdoutLine: {'line': b'-- Generating done\n'}
[7.259088] (realsense_ros) StdoutLine: {'line': b'-- Build files have been written to: /root/ros2_ws/build/realsense_ros\n'}
[7.264998] (realsense_ros) CommandEnded: {'returncode': 0}
[7.265594] (realsense_ros) JobProgress: {'identifier': 'realsense_ros', 'progress': 'build'}
[7.265913] (realsense_ros) Command: {'cmd': ['/usr/local/bin/cmake', '--build', '/root/ros2_ws/build/realsense_ros', '--', '-j16', '-l16'], 'cwd': '/root/ros2_ws/build/realsense_ros', 'env': OrderedDict([('LESSOPEN', '| /usr/bin/lesspipe %s'), ('HOSTNAME', '1bd1ca9b3cba'), ('LD_LIBRARY_PATH', '/root/ros2_ws/install/realsense_msgs/lib:/opt/ros/dashing/opt/yaml_cpp_vendor/lib:/opt/ros/dashing/opt/rviz_ogre_vendor/lib:/opt/ros/dashing/lib'), ('SHLVL', '1'), ('OLDPWD', '/root'), ('HOME', '/root'), ('ROS_PYTHON_VERSION', '3'), ('ROS_DISTRO', 'dashing'), ('_', '/usr/bin/colcon'), ('ROS_VERSION', '2'), ('TERM', 'xterm'), ('PATH', '/opt/ros/dashing/bin:/usr/local/sbin:/usr/local/bin:/usr/sbin:/usr/bin:/sbin:/bin'), ('DISPLAY', ':0'), ('LS_COLORS', 'rs=0:di=01;34:ln=01;36:mh=00:pi=40;33:so=01;35:do=01;35:bd=40;33;01:cd=40;33;01:or=40;31;01:mi=00:su=37;41:sg=30;43:ca=30;41:tw=30;42:ow=34;42:st=37;44:ex=01;32:*.tar=01;31:*.tgz=01;31:*.arc=01;31:*.arj=01;31:*.taz=01;31:*.lha=01;31:*.lz4=01;31:*.lzh=01;31:*.lzma=01;31:*.tlz=01;31:*.txz=01;31:*.tzo=01;31:*.t7z=01;31:*.zip=01;31:*.z=01;31:*.Z=01;31:*.dz=01;31:*.gz=01;31:*.lrz=01;31:*.lz=01;31:*.lzo=01;31:*.xz=01;31:*.zst=01;31:*.tzst=01;31:*.bz2=01;31:*.bz=01;31:*.tbz=01;31:*.tbz2=01;31:*.tz=01;31:*.deb=01;31:*.rpm=01;31:*.jar=01;31:*.war=01;31:*.ear=01;31:*.sar=01;31:*.rar=01;31:*.alz=01;31:*.ace=01;31:*.zoo=01;31:*.cpio=01;31:*.7z=01;31:*.rz=01;31:*.cab=01;31:*.wim=01;31:*.swm=01;31:*.dwm=01;31:*.esd=01;31:*.jpg=01;35:*.jpeg=01;35:*.mjpg=01;35:*.mjpeg=01;35:*.gif=01;35:*.bmp=01;35:*.pbm=01;35:*.pgm=01;35:*.ppm=01;35:*.tga=01;35:*.xbm=01;35:*.xpm=01;35:*.tif=01;35:*.tiff=01;35:*.png=01;35:*.svg=01;35:*.svgz=01;35:*.mng=01;35:*.pcx=01;35:*.mov=01;35:*.mpg=01;35:*.mpeg=01;35:*.m2v=01;35:*.mkv=01;35:*.webm=01;35:*.ogm=01;35:*.mp4=01;35:*.m4v=01;35:*.mp4v=01;35:*.vob=01;35:*.qt=01;35:*.nuv=01;35:*.wmv=01;35:*.asf=01;35:*.rm=01;35:*.rmvb=01;35:*.flc=01;35:*.avi=01;35:*.fli=01;35:*.flv=01;35:*.gl=01;35:*.dl=01;35:*.xcf=01;35:*.xwd=01;35:*.yuv=01;35:*.cgm=01;35:*.emf=01;35:*.ogv=01;35:*.ogx=01;35:*.aac=00;36:*.au=00;36:*.flac=00;36:*.m4a=00;36:*.mid=00;36:*.midi=00;36:*.mka=00;36:*.mp3=00;36:*.mpc=00;36:*.ogg=00;36:*.ra=00;36:*.wav=00;36:*.oga=00;36:*.opus=00;36:*.spx=00;36:*.xspf=00;36:'), ('AMENT_PREFIX_PATH', '/root/ros2_ws/install/realsense_msgs:/opt/ros/dashing'), ('LESSCLOSE', '/usr/bin/lesspipe %s %s'), ('PWD', '/root/ros2_ws/build/realsense_ros'), ('PYTHONPATH', '/root/ros2_ws/install/realsense_msgs/lib/python3.6/site-packages:/opt/ros/dashing/lib/python3.6/site-packages'), ('NVIDIA_VISIBLE_DEVICES', 'all'), ('COLCON', '1'), ('CMAKE_PREFIX_PATH', '/root/ros2_ws/install/realsense_msgs:/opt/ros/dashing')]), 'shell': False}
[7.286681] (realsense_ros) StdoutLine: {'line': b'\x1b[35m\x1b[1mScanning dependencies of target gtest_main\x1b[0m\n'}
[7.286969] (realsense_ros) StdoutLine: {'line': b'\x1b[35m\x1b[1mScanning dependencies of target gtest\x1b[0m\n'}
[7.287021] (realsense_ros) StdoutLine: {'line': b'\x1b[35m\x1b[1mScanning dependencies of target realsense_ros\x1b[0m\n'}
[7.298657] (realsense_ros) StdoutLine: {'line': b'[  8%] \x1b[32mBuilding CXX object gtest/CMakeFiles/gtest_main.dir/src/gtest_main.cc.o\x1b[0m\n'}
[7.302155] (realsense_ros) StdoutLine: {'line': b'[ 16%] \x1b[32mBuilding CXX object gtest/CMakeFiles/gtest.dir/src/gtest-all.cc.o\x1b[0m\n'}
[7.308990] (-) TimerEvent: {}
[7.323439] (moveit_msgs) StdoutLine: {'line': b'[ 71%] \x1b[32m\x1b[1mLinking CXX shared library libmoveit_msgs__rosidl_typesupport_fastrtps_c.so\x1b[0m\n'}
[7.364026] (realsense_ros) StdoutLine: {'line': b'[ 50%] \x1b[32mBuilding CXX object CMakeFiles/realsense_ros.dir/src/rs_factory.cpp.o\x1b[0m\n'}
[7.364343] (realsense_ros) StdoutLine: {'line': b'[ 50%] \x1b[32mBuilding CXX object CMakeFiles/realsense_ros.dir/src/rs_base.cpp.o\x1b[0m\n'}
[7.364440] (realsense_ros) StdoutLine: {'line': b'[ 50%] \x1b[32mBuilding CXX object CMakeFiles/realsense_ros.dir/src/rs_d435.cpp.o\x1b[0m\n'}
[7.364516] (realsense_ros) StdoutLine: {'line': b'[ 50%] \x1b[32mBuilding CXX object CMakeFiles/realsense_ros.dir/src/rs_d435i.cpp.o\x1b[0m\n'}
[7.365023] (realsense_ros) StdoutLine: {'line': b'[ 58%] \x1b[32mBuilding CXX object CMakeFiles/realsense_ros.dir/src/rs_t265.cpp.o\x1b[0m\n'}
[7.383343] (moveit_msgs) StdoutLine: {'line': b'[ 71%] Built target moveit_msgs__rosidl_typesupport_fastrtps_c\n'}
[7.388467] (moveit_msgs) StdoutLine: {'line': b'[ 72%] \x1b[34m\x1b[1mGenerating C type support dispatch for ROS interfaces\x1b[0m\n'}
[7.409110] (-) TimerEvent: {}
[7.509461] (-) TimerEvent: {}
[7.609835] (-) TimerEvent: {}
[7.683445] (realsense_ros) StdoutLine: {'line': b'[ 66%] \x1b[32m\x1b[1mLinking CXX static library libgtest_main.a\x1b[0m\n'}
[7.694009] (realsense_ros) StdoutLine: {'line': b'[ 66%] Built target gtest_main\n'}
[7.709947] (-) TimerEvent: {}
[7.810315] (-) TimerEvent: {}
[7.910671] (-) TimerEvent: {}
[8.011101] (-) TimerEvent: {}
[8.111495] (-) TimerEvent: {}
[8.126619] (moveit_msgs) StdoutLine: {'line': b'\x1b[35m\x1b[1mScanning dependencies of target moveit_msgs__rosidl_typesupport_c\x1b[0m\n'}
[8.143518] (moveit_msgs) StdoutLine: {'line': b'[ 76%] \x1b[32mBuilding CXX object CMakeFiles/moveit_msgs__rosidl_typesupport_c.dir/rosidl_typesupport_c/moveit_msgs/msg/grasp__type_support.cpp.o\x1b[0m\n'}
[8.143905] (moveit_msgs) StdoutLine: {'line': b'[ 77%] \x1b[32mBuilding CXX object CMakeFiles/moveit_msgs__rosidl_typesupport_c.dir/rosidl_typesupport_c/moveit_msgs/msg/gripper_translation__type_support.cpp.o\x1b[0m\n'}
[8.144017] (moveit_msgs) StdoutLine: {'line': b'[ 76%] \x1b[32mBuilding CXX object CMakeFiles/moveit_msgs__rosidl_typesupport_c.dir/rosidl_typesupport_c/moveit_msgs/msg/collision_object__type_support.cpp.o\x1b[0m\n'}
[8.144127] (moveit_msgs) StdoutLine: {'line': b'[ 79%] \x1b[32mBuilding CXX object CMakeFiles/moveit_msgs__rosidl_typesupport_c.dir/rosidl_typesupport_c/moveit_msgs/msg/object_type__type_support.cpp.o\x1b[0m\n'}
[8.144202] (moveit_msgs) StdoutLine: {'line': b'[ 79%] \x1b[32mBuilding CXX object CMakeFiles/moveit_msgs__rosidl_typesupport_c.dir/rosidl_typesupport_c/moveit_msgs/msg/move_it_error_codes__type_support.cpp.o\x1b[0m\n'}
[8.144276] (moveit_msgs) StdoutLine: {'line': b'[ 80%] \x1b[32mBuilding CXX object CMakeFiles/moveit_msgs__rosidl_typesupport_c.dir/rosidl_typesupport_c/moveit_msgs/msg/place_location__type_support.cpp.o\x1b[0m\n'}
[8.144347] (moveit_msgs) StdoutLine: {'line': b'[ 81%] \x1b[32mBuilding CXX object CMakeFiles/moveit_msgs__rosidl_typesupport_c.dir/rosidl_typesupport_c/moveit_msgs/srv/grasp_planning__type_support.cpp.o\x1b[0m\n'}
[8.174231] (moveit_msgs) StdoutLine: {'line': b'[ 83%] \x1b[32m\x1b[1mLinking CXX shared library libmoveit_msgs__rosidl_typesupport_c.so\x1b[0m\n'}
[8.211608] (-) TimerEvent: {}
[8.217072] (moveit_msgs) StdoutLine: {'line': b'[ 83%] Built target moveit_msgs__rosidl_typesupport_c\n'}
[8.220622] (moveit_msgs) StdoutLine: {'line': b'\x1b[35m\x1b[1mScanning dependencies of target moveit_msgs\x1b[0m\n'}
[8.224866] (moveit_msgs) StdoutLine: {'line': b'[ 83%] Built target moveit_msgs\n'}
[8.228714] (moveit_msgs) StdoutLine: {'line': b'\x1b[35m\x1b[1mScanning dependencies of target moveit_msgs__py\x1b[0m\n'}
[8.233087] (moveit_msgs) StdoutLine: {'line': b'[ 84%] \x1b[34m\x1b[1mGenerating Python code for ROS interfaces\x1b[0m\n'}
[8.311724] (-) TimerEvent: {}
[8.412097] (-) TimerEvent: {}
[8.512474] (-) TimerEvent: {}
[8.612879] (-) TimerEvent: {}
[8.713175] (-) TimerEvent: {}
[8.813544] (-) TimerEvent: {}
[8.913830] (-) TimerEvent: {}
[9.014197] (-) TimerEvent: {}
[9.114547] (-) TimerEvent: {}
[9.183349] (realsense_ros) StdoutLine: {'line': b'[ 75%] \x1b[32m\x1b[1mLinking CXX static library libgtest.a\x1b[0m\n'}
[9.209070] (realsense_ros) StdoutLine: {'line': b'[ 75%] Built target gtest\n'}
[9.214641] (-) TimerEvent: {}
[9.315057] (-) TimerEvent: {}
[9.415440] (-) TimerEvent: {}
[9.515831] (-) TimerEvent: {}
[9.616206] (-) TimerEvent: {}
[9.716583] (-) TimerEvent: {}
[9.816959] (-) TimerEvent: {}
[9.917325] (-) TimerEvent: {}
[9.942699] (moveit_msgs) StdoutLine: {'line': b'[ 84%] Built target moveit_msgs__py\n'}
[9.946255] (moveit_msgs) StdoutLine: {'line': b'\x1b[35m\x1b[1mScanning dependencies of target moveit_msgs__python\x1b[0m\n'}
[10.017454] (-) TimerEvent: {}
[10.029215] (moveit_msgs) StdoutLine: {'line': b'[ 85%] \x1b[32mBuilding C object CMakeFiles/moveit_msgs__python.dir/rosidl_generator_py/moveit_msgs/msg/_grasp_s.c.o\x1b[0m\n'}
[10.029475] (moveit_msgs) StdoutLine: {'line': b'[ 87%] \x1b[32mBuilding C object CMakeFiles/moveit_msgs__python.dir/rosidl_generator_py/moveit_msgs/msg/_collision_object_s.c.o\x1b[0m\n'}
[10.029553] (moveit_msgs) StdoutLine: {'line': b'[ 88%] \x1b[32mBuilding C object CMakeFiles/moveit_msgs__python.dir/rosidl_generator_py/moveit_msgs/msg/_object_type_s.c.o\x1b[0m\n'}
[10.029726] (moveit_msgs) StdoutLine: {'line': b'[ 89%] \x1b[32mBuilding C object CMakeFiles/moveit_msgs__python.dir/rosidl_generator_py/moveit_msgs/msg/_gripper_translation_s.c.o\x1b[0m\n'}
[10.029815] (moveit_msgs) StdoutLine: {'line': b'[ 90%] \x1b[32mBuilding C object CMakeFiles/moveit_msgs__python.dir/rosidl_generator_py/moveit_msgs/msg/_move_it_error_codes_s.c.o\x1b[0m\n'}
[10.030345] (moveit_msgs) StdoutLine: {'line': b'[ 92%] \x1b[32mBuilding C object CMakeFiles/moveit_msgs__python.dir/rosidl_generator_py/moveit_msgs/msg/_place_location_s.c.o\x1b[0m\n'}
[10.030444] (moveit_msgs) StdoutLine: {'line': b'[ 93%] \x1b[32mBuilding C object CMakeFiles/moveit_msgs__python.dir/rosidl_generator_py/moveit_msgs/srv/_grasp_planning_s.c.o\x1b[0m\n'}
[10.117580] (-) TimerEvent: {}
[10.131392] (moveit_msgs) StdoutLine: {'line': b'[ 94%] \x1b[32m\x1b[1mLinking C shared library rosidl_generator_py/moveit_msgs/libmoveit_msgs__python.so\x1b[0m\n'}
[10.173245] (moveit_msgs) StdoutLine: {'line': b'[ 94%] Built target moveit_msgs__python\n'}
[10.177641] (moveit_msgs) StdoutLine: {'line': b'\x1b[35m\x1b[1mScanning dependencies of target moveit_msgs__rosidl_typesupport_c__pyext\x1b[0m\n'}
[10.177862] (moveit_msgs) StdoutLine: {'line': b'\x1b[35m\x1b[1mScanning dependencies of target moveit_msgs__rosidl_typesupport_fastrtps_c__pyext\x1b[0m\n'}
[10.203810] (moveit_msgs) StdoutLine: {'line': b'[ 97%] \x1b[32mBuilding C object CMakeFiles/moveit_msgs__rosidl_typesupport_c__pyext.dir/rosidl_generator_py/moveit_msgs/_moveit_msgs_s.ep.rosidl_typesupport_c.c.o\x1b[0m\n'}
[10.204041] (moveit_msgs) StdoutLine: {'line': b'[ 97%] \x1b[32mBuilding C object CMakeFiles/moveit_msgs__rosidl_typesupport_fastrtps_c__pyext.dir/rosidl_generator_py/moveit_msgs/_moveit_msgs_s.ep.rosidl_typesupport_fastrtps_c.c.o\x1b[0m\n'}
[10.217786] (-) TimerEvent: {}
[10.265508] (moveit_msgs) StdoutLine: {'line': b'[100%] \x1b[32m\x1b[1mLinking C shared library rosidl_generator_py/moveit_msgs/moveit_msgs_s__rosidl_typesupport_c.cpython-36m-x86_64-linux-gnu.so\x1b[0m\n'}
[10.265733] (moveit_msgs) StdoutLine: {'line': b'[100%] \x1b[32m\x1b[1mLinking C shared library rosidl_generator_py/moveit_msgs/moveit_msgs_s__rosidl_typesupport_fastrtps_c.cpython-36m-x86_64-linux-gnu.so\x1b[0m\n'}
[10.317882] (-) TimerEvent: {}
[10.318645] (moveit_msgs) StdoutLine: {'line': b'[100%] Built target moveit_msgs__rosidl_typesupport_c__pyext\n'}
[10.318788] (moveit_msgs) StdoutLine: {'line': b'[100%] Built target moveit_msgs__rosidl_typesupport_fastrtps_c__pyext\n'}
[10.322911] (moveit_msgs) CommandEnded: {'returncode': 0}
[10.408382] (moveit_msgs) JobProgress: {'identifier': 'moveit_msgs', 'progress': 'install'}
[10.408872] (moveit_msgs) Command: {'cmd': ['/usr/local/bin/cmake', '--build', '/root/ros2_ws/build/moveit_msgs', '--target', 'install', '--', '-j16', '-l16'], 'cwd': '/root/ros2_ws/build/moveit_msgs', 'env': OrderedDict([('LESSOPEN', '| /usr/bin/lesspipe %s'), ('HOSTNAME', '1bd1ca9b3cba'), ('LD_LIBRARY_PATH', '/opt/ros/dashing/opt/yaml_cpp_vendor/lib:/opt/ros/dashing/opt/rviz_ogre_vendor/lib:/opt/ros/dashing/lib'), ('SHLVL', '1'), ('OLDPWD', '/root'), ('HOME', '/root'), ('ROS_PYTHON_VERSION', '3'), ('ROS_DISTRO', 'dashing'), ('_', '/usr/bin/colcon'), ('ROS_VERSION', '2'), ('TERM', 'xterm'), ('PATH', '/opt/ros/dashing/bin:/usr/local/sbin:/usr/local/bin:/usr/sbin:/usr/bin:/sbin:/bin'), ('DISPLAY', ':0'), ('LS_COLORS', 'rs=0:di=01;34:ln=01;36:mh=00:pi=40;33:so=01;35:do=01;35:bd=40;33;01:cd=40;33;01:or=40;31;01:mi=00:su=37;41:sg=30;43:ca=30;41:tw=30;42:ow=34;42:st=37;44:ex=01;32:*.tar=01;31:*.tgz=01;31:*.arc=01;31:*.arj=01;31:*.taz=01;31:*.lha=01;31:*.lz4=01;31:*.lzh=01;31:*.lzma=01;31:*.tlz=01;31:*.txz=01;31:*.tzo=01;31:*.t7z=01;31:*.zip=01;31:*.z=01;31:*.Z=01;31:*.dz=01;31:*.gz=01;31:*.lrz=01;31:*.lz=01;31:*.lzo=01;31:*.xz=01;31:*.zst=01;31:*.tzst=01;31:*.bz2=01;31:*.bz=01;31:*.tbz=01;31:*.tbz2=01;31:*.tz=01;31:*.deb=01;31:*.rpm=01;31:*.jar=01;31:*.war=01;31:*.ear=01;31:*.sar=01;31:*.rar=01;31:*.alz=01;31:*.ace=01;31:*.zoo=01;31:*.cpio=01;31:*.7z=01;31:*.rz=01;31:*.cab=01;31:*.wim=01;31:*.swm=01;31:*.dwm=01;31:*.esd=01;31:*.jpg=01;35:*.jpeg=01;35:*.mjpg=01;35:*.mjpeg=01;35:*.gif=01;35:*.bmp=01;35:*.pbm=01;35:*.pgm=01;35:*.ppm=01;35:*.tga=01;35:*.xbm=01;35:*.xpm=01;35:*.tif=01;35:*.tiff=01;35:*.png=01;35:*.svg=01;35:*.svgz=01;35:*.mng=01;35:*.pcx=01;35:*.mov=01;35:*.mpg=01;35:*.mpeg=01;35:*.m2v=01;35:*.mkv=01;35:*.webm=01;35:*.ogm=01;35:*.mp4=01;35:*.m4v=01;35:*.mp4v=01;35:*.vob=01;35:*.qt=01;35:*.nuv=01;35:*.wmv=01;35:*.asf=01;35:*.rm=01;35:*.rmvb=01;35:*.flc=01;35:*.avi=01;35:*.fli=01;35:*.flv=01;35:*.gl=01;35:*.dl=01;35:*.xcf=01;35:*.xwd=01;35:*.yuv=01;35:*.cgm=01;35:*.emf=01;35:*.ogv=01;35:*.ogx=01;35:*.aac=00;36:*.au=00;36:*.flac=00;36:*.m4a=00;36:*.mid=00;36:*.midi=00;36:*.mka=00;36:*.mp3=00;36:*.mpc=00;36:*.ogg=00;36:*.ra=00;36:*.wav=00;36:*.oga=00;36:*.opus=00;36:*.spx=00;36:*.xspf=00;36:'), ('AMENT_PREFIX_PATH', '/opt/ros/dashing'), ('LESSCLOSE', '/usr/bin/lesspipe %s %s'), ('PWD', '/root/ros2_ws/build/moveit_msgs'), ('PYTHONPATH', '/opt/ros/dashing/lib/python3.6/site-packages'), ('NVIDIA_VISIBLE_DEVICES', 'all'), ('COLCON', '1'), ('CMAKE_PREFIX_PATH', '/opt/ros/dashing')]), 'shell': False}
[10.417964] (-) TimerEvent: {}
[10.431837] (moveit_msgs) StdoutLine: {'line': b'[  1%] Built target moveit_msgs__cpp\n'}
[10.435317] (moveit_msgs) StdoutLine: {'line': b'[ 12%] Built target moveit_msgs__rosidl_generator_c\n'}
[10.443210] (moveit_msgs) StdoutLine: {'line': b'[ 24%] Built target moveit_msgs__rosidl_typesupport_introspection_cpp\n'}
[10.446520] (moveit_msgs) StdoutLine: {'line': b'[ 36%] Built target moveit_msgs__rosidl_typesupport_fastrtps_cpp\n'}
[10.447760] (moveit_msgs) StdoutLine: {'line': b'[ 48%] Built target moveit_msgs__rosidl_typesupport_introspection_c\n'}
[10.460556] (moveit_msgs) StdoutLine: {'line': b'[ 71%] Built target moveit_msgs__rosidl_typesupport_cpp\n'}
[10.460716] (moveit_msgs) StdoutLine: {'line': b'[ 71%] Built target moveit_msgs__rosidl_typesupport_fastrtps_c\n'}
[10.473288] (moveit_msgs) StdoutLine: {'line': b'[ 83%] Built target moveit_msgs__rosidl_typesupport_c\n'}
[10.480098] (moveit_msgs) StdoutLine: {'line': b'[ 83%] Built target moveit_msgs\n'}
[10.487252] (moveit_msgs) StdoutLine: {'line': b'[ 84%] Built target moveit_msgs__py\n'}
[10.501985] (moveit_msgs) StdoutLine: {'line': b'[ 94%] Built target moveit_msgs__python\n'}
[10.513871] (moveit_msgs) StdoutLine: {'line': b'[ 97%] Built target moveit_msgs__rosidl_typesupport_c__pyext\n'}
[10.514036] (moveit_msgs) StdoutLine: {'line': b'[100%] Built target moveit_msgs__rosidl_typesupport_fastrtps_c__pyext\n'}
[10.518048] (-) TimerEvent: {}
[10.519132] (moveit_msgs) StdoutLine: {'line': b'\x1b[36mInstall the project...\x1b[0m\n'}
[10.521420] (moveit_msgs) StdoutLine: {'line': b'-- Install configuration: ""\n'}
[10.522867] (moveit_msgs) StdoutLine: {'line': b'-- Execute custom install script\n'}
[10.523448] (moveit_msgs) StdoutLine: {'line': b'-- Symlinking: /root/ros2_ws/install/moveit_msgs/share/ament_index/resource_index/rosidl_interfaces/moveit_msgs\n'}
[10.525926] (moveit_msgs) StdoutLine: {'line': b'-- Symlinking: /root/ros2_ws/install/moveit_msgs/lib/libmoveit_msgs__rosidl_typesupport_c.so\n'}
[10.528214] (moveit_msgs) StdoutLine: {'line': b'-- Symlinking: /root/ros2_ws/install/moveit_msgs/share/moveit_msgs/environment/library_path.sh\n'}
[10.530819] (moveit_msgs) StdoutLine: {'line': b'-- Symlinking: /root/ros2_ws/install/moveit_msgs/lib/libmoveit_msgs__rosidl_typesupport_cpp.so\n'}
[10.534132] (moveit_msgs) StdoutLine: {'line': b'-- Symlinking: /root/ros2_ws/install/moveit_msgs/include/moveit_msgs/msg/collision_object__rosidl_typesupport_fastrtps_c.h\n'}
[10.536052] (moveit_msgs) StdoutLine: {'line': b'-- Symlinking: /root/ros2_ws/install/moveit_msgs/include/moveit_msgs/msg/grasp__rosidl_typesupport_fastrtps_c.h\n'}
[10.537979] (moveit_msgs) StdoutLine: {'line': b'-- Symlinking: /root/ros2_ws/install/moveit_msgs/include/moveit_msgs/msg/gripper_translation__rosidl_typesupport_fastrtps_c.h\n'}
[10.539852] (moveit_msgs) StdoutLine: {'line': b'-- Symlinking: /root/ros2_ws/install/moveit_msgs/include/moveit_msgs/msg/move_it_error_codes__rosidl_typesupport_fastrtps_c.h\n'}
[10.541867] (moveit_msgs) StdoutLine: {'line': b'-- Symlinking: /root/ros2_ws/install/moveit_msgs/include/moveit_msgs/msg/object_type__rosidl_typesupport_fastrtps_c.h\n'}
[10.543825] (moveit_msgs) StdoutLine: {'line': b'-- Symlinking: /root/ros2_ws/install/moveit_msgs/include/moveit_msgs/msg/place_location__rosidl_typesupport_fastrtps_c.h\n'}
[10.545793] (moveit_msgs) StdoutLine: {'line': b'-- Symlinking: /root/ros2_ws/install/moveit_msgs/include/moveit_msgs/msg/rosidl_typesupport_fastrtps_c__visibility_control.h\n'}
[10.547704] (moveit_msgs) StdoutLine: {'line': b'-- Symlinking: /root/ros2_ws/install/moveit_msgs/include/moveit_msgs/srv/grasp_planning__rosidl_typesupport_fastrtps_c.h\n'}
[10.550055] (moveit_msgs) StdoutLine: {'line': b'-- Symlinking: /root/ros2_ws/install/moveit_msgs/lib/libmoveit_msgs__rosidl_typesupport_fastrtps_c.so\n'}
[10.553252] (moveit_msgs) StdoutLine: {'line': b'-- Symlinking: /root/ros2_ws/install/moveit_msgs/include/moveit_msgs/msg/collision_object.h\n'}
[10.555373] (moveit_msgs) StdoutLine: {'line': b'-- Symlinking: /root/ros2_ws/install/moveit_msgs/include/moveit_msgs/msg/collision_object__functions.h\n'}
[10.557220] (moveit_msgs) StdoutLine: {'line': b'-- Symlinking: /root/ros2_ws/install/moveit_msgs/include/moveit_msgs/msg/collision_object__struct.h\n'}
[10.559217] (moveit_msgs) StdoutLine: {'line': b'-- Symlinking: /root/ros2_ws/install/moveit_msgs/include/moveit_msgs/msg/collision_object__type_support.h\n'}
[10.561085] (moveit_msgs) StdoutLine: {'line': b'-- Symlinking: /root/ros2_ws/install/moveit_msgs/include/moveit_msgs/msg/grasp.h\n'}
[10.563057] (moveit_msgs) StdoutLine: {'line': b'-- Symlinking: /root/ros2_ws/install/moveit_msgs/include/moveit_msgs/msg/grasp__functions.h\n'}
[10.564891] (moveit_msgs) StdoutLine: {'line': b'-- Symlinking: /root/ros2_ws/install/moveit_msgs/include/moveit_msgs/msg/grasp__struct.h\n'}
[10.566910] (moveit_msgs) StdoutLine: {'line': b'-- Symlinking: /root/ros2_ws/install/moveit_msgs/include/moveit_msgs/msg/grasp__type_support.h\n'}
[10.568728] (moveit_msgs) StdoutLine: {'line': b'-- Symlinking: /root/ros2_ws/install/moveit_msgs/include/moveit_msgs/msg/gripper_translation.h\n'}
[10.570825] (moveit_msgs) StdoutLine: {'line': b'-- Symlinking: /root/ros2_ws/install/moveit_msgs/include/moveit_msgs/msg/gripper_translation__functions.h\n'}
[10.572645] (moveit_msgs) StdoutLine: {'line': b'-- Symlinking: /root/ros2_ws/install/moveit_msgs/include/moveit_msgs/msg/gripper_translation__struct.h\n'}
[10.574778] (moveit_msgs) StdoutLine: {'line': b'-- Symlinking: /root/ros2_ws/install/moveit_msgs/include/moveit_msgs/msg/gripper_translation__type_support.h\n'}
[10.576590] (moveit_msgs) StdoutLine: {'line': b'-- Symlinking: /root/ros2_ws/install/moveit_msgs/include/moveit_msgs/msg/move_it_error_codes.h\n'}
[10.578576] (moveit_msgs) StdoutLine: {'line': b'-- Symlinking: /root/ros2_ws/install/moveit_msgs/include/moveit_msgs/msg/move_it_error_codes__functions.h\n'}
[10.580407] (moveit_msgs) StdoutLine: {'line': b'-- Symlinking: /root/ros2_ws/install/moveit_msgs/include/moveit_msgs/msg/move_it_error_codes__struct.h\n'}
[10.582320] (moveit_msgs) StdoutLine: {'line': b'-- Symlinking: /root/ros2_ws/install/moveit_msgs/include/moveit_msgs/msg/move_it_error_codes__type_support.h\n'}
[10.584159] (moveit_msgs) StdoutLine: {'line': b'-- Symlinking: /root/ros2_ws/install/moveit_msgs/include/moveit_msgs/msg/object_type.h\n'}
[10.586101] (moveit_msgs) StdoutLine: {'line': b'-- Symlinking: /root/ros2_ws/install/moveit_msgs/include/moveit_msgs/msg/object_type__functions.h\n'}
[10.588037] (moveit_msgs) StdoutLine: {'line': b'-- Symlinking: /root/ros2_ws/install/moveit_msgs/include/moveit_msgs/msg/object_type__struct.h\n'}
[10.589850] (moveit_msgs) StdoutLine: {'line': b'-- Symlinking: /root/ros2_ws/install/moveit_msgs/include/moveit_msgs/msg/object_type__type_support.h\n'}
[10.591755] (moveit_msgs) StdoutLine: {'line': b'-- Symlinking: /root/ros2_ws/install/moveit_msgs/include/moveit_msgs/msg/place_location.h\n'}
[10.593573] (moveit_msgs) StdoutLine: {'line': b'-- Symlinking: /root/ros2_ws/install/moveit_msgs/include/moveit_msgs/msg/place_location__functions.h\n'}
[10.595506] (moveit_msgs) StdoutLine: {'line': b'-- Symlinking: /root/ros2_ws/install/moveit_msgs/include/moveit_msgs/msg/place_location__struct.h\n'}
[10.597362] (moveit_msgs) StdoutLine: {'line': b'-- Symlinking: /root/ros2_ws/install/moveit_msgs/include/moveit_msgs/msg/place_location__type_support.h\n'}
[10.599348] (moveit_msgs) StdoutLine: {'line': b'-- Symlinking: /root/ros2_ws/install/moveit_msgs/include/moveit_msgs/msg/rosidl_generator_c__visibility_control.h\n'}
[10.601230] (moveit_msgs) StdoutLine: {'line': b'-- Symlinking: /root/ros2_ws/install/moveit_msgs/include/moveit_msgs/srv/grasp_planning.h\n'}
[10.603230] (moveit_msgs) StdoutLine: {'line': b'-- Symlinking: /root/ros2_ws/install/moveit_msgs/include/moveit_msgs/srv/grasp_planning__functions.h\n'}
[10.605069] (moveit_msgs) StdoutLine: {'line': b'-- Symlinking: /root/ros2_ws/install/moveit_msgs/include/moveit_msgs/srv/grasp_planning__struct.h\n'}
[10.607091] (moveit_msgs) StdoutLine: {'line': b'-- Symlinking: /root/ros2_ws/install/moveit_msgs/include/moveit_msgs/srv/grasp_planning__type_support.h\n'}
[10.609410] (moveit_msgs) StdoutLine: {'line': b'-- Symlinking: /root/ros2_ws/install/moveit_msgs/lib/libmoveit_msgs__rosidl_generator_c.so\n'}
[10.612698] (moveit_msgs) StdoutLine: {'line': b'-- Symlinking: /root/ros2_ws/install/moveit_msgs/include/moveit_msgs/msg/collision_object__rosidl_typesupport_fastrtps_cpp.hpp\n'}
[10.614713] (moveit_msgs) StdoutLine: {'line': b'-- Symlinking: /root/ros2_ws/install/moveit_msgs/include/moveit_msgs/msg/grasp__rosidl_typesupport_fastrtps_cpp.hpp\n'}
[10.616527] (moveit_msgs) StdoutLine: {'line': b'-- Symlinking: /root/ros2_ws/install/moveit_msgs/include/moveit_msgs/msg/gripper_translation__rosidl_typesupport_fastrtps_cpp.hpp\n'}
[10.618126] (-) TimerEvent: {}
[10.618668] (moveit_msgs) StdoutLine: {'line': b'-- Symlinking: /root/ros2_ws/install/moveit_msgs/include/moveit_msgs/msg/move_it_error_codes__rosidl_typesupport_fastrtps_cpp.hpp\n'}
[10.620496] (moveit_msgs) StdoutLine: {'line': b'-- Symlinking: /root/ros2_ws/install/moveit_msgs/include/moveit_msgs/msg/object_type__rosidl_typesupport_fastrtps_cpp.hpp\n'}
[10.622419] (moveit_msgs) StdoutLine: {'line': b'-- Symlinking: /root/ros2_ws/install/moveit_msgs/include/moveit_msgs/msg/place_location__rosidl_typesupport_fastrtps_cpp.hpp\n'}
[10.624224] (moveit_msgs) StdoutLine: {'line': b'-- Symlinking: /root/ros2_ws/install/moveit_msgs/include/moveit_msgs/msg/rosidl_typesupport_fastrtps_cpp__visibility_control.h\n'}
[10.626179] (moveit_msgs) StdoutLine: {'line': b'-- Symlinking: /root/ros2_ws/install/moveit_msgs/include/moveit_msgs/srv/grasp_planning__rosidl_typesupport_fastrtps_cpp.hpp\n'}
[10.628586] (moveit_msgs) StdoutLine: {'line': b'-- Symlinking: /root/ros2_ws/install/moveit_msgs/lib/libmoveit_msgs__rosidl_typesupport_fastrtps_cpp.so\n'}
[10.631761] (moveit_msgs) StdoutLine: {'line': b'-- Symlinking: /root/ros2_ws/install/moveit_msgs/include/moveit_msgs/msg/collision_object.hpp\n'}
[10.633632] (moveit_msgs) StdoutLine: {'line': b'-- Symlinking: /root/ros2_ws/install/moveit_msgs/include/moveit_msgs/msg/collision_object__struct.hpp\n'}
[10.635595] (moveit_msgs) StdoutLine: {'line': b'-- Symlinking: /root/ros2_ws/install/moveit_msgs/include/moveit_msgs/msg/collision_object__traits.hpp\n'}
[10.637472] (moveit_msgs) StdoutLine: {'line': b'-- Symlinking: /root/ros2_ws/install/moveit_msgs/include/moveit_msgs/msg/grasp.hpp\n'}
[10.639450] (moveit_msgs) StdoutLine: {'line': b'-- Symlinking: /root/ros2_ws/install/moveit_msgs/include/moveit_msgs/msg/grasp__struct.hpp\n'}
[10.641338] (moveit_msgs) StdoutLine: {'line': b'-- Symlinking: /root/ros2_ws/install/moveit_msgs/include/moveit_msgs/msg/grasp__traits.hpp\n'}
[10.643285] (moveit_msgs) StdoutLine: {'line': b'-- Symlinking: /root/ros2_ws/install/moveit_msgs/include/moveit_msgs/msg/gripper_translation.hpp\n'}
[10.645247] (moveit_msgs) StdoutLine: {'line': b'-- Symlinking: /root/ros2_ws/install/moveit_msgs/include/moveit_msgs/msg/gripper_translation__struct.hpp\n'}
[10.647236] (moveit_msgs) StdoutLine: {'line': b'-- Symlinking: /root/ros2_ws/install/moveit_msgs/include/moveit_msgs/msg/gripper_translation__traits.hpp\n'}
[10.649107] (moveit_msgs) StdoutLine: {'line': b'-- Symlinking: /root/ros2_ws/install/moveit_msgs/include/moveit_msgs/msg/move_it_error_codes.hpp\n'}
[10.651136] (moveit_msgs) StdoutLine: {'line': b'-- Symlinking: /root/ros2_ws/install/moveit_msgs/include/moveit_msgs/msg/move_it_error_codes__struct.hpp\n'}
[10.652985] (moveit_msgs) StdoutLine: {'line': b'-- Symlinking: /root/ros2_ws/install/moveit_msgs/include/moveit_msgs/msg/move_it_error_codes__traits.hpp\n'}
[10.654976] (moveit_msgs) StdoutLine: {'line': b'-- Symlinking: /root/ros2_ws/install/moveit_msgs/include/moveit_msgs/msg/object_type.hpp\n'}
[10.656803] (moveit_msgs) StdoutLine: {'line': b'-- Symlinking: /root/ros2_ws/install/moveit_msgs/include/moveit_msgs/msg/object_type__struct.hpp\n'}
[10.658796] (moveit_msgs) StdoutLine: {'line': b'-- Symlinking: /root/ros2_ws/install/moveit_msgs/include/moveit_msgs/msg/object_type__traits.hpp\n'}
[10.660623] (moveit_msgs) StdoutLine: {'line': b'-- Symlinking: /root/ros2_ws/install/moveit_msgs/include/moveit_msgs/msg/place_location.hpp\n'}
[10.662581] (moveit_msgs) StdoutLine: {'line': b'-- Symlinking: /root/ros2_ws/install/moveit_msgs/include/moveit_msgs/msg/place_location__struct.hpp\n'}
[10.664412] (moveit_msgs) StdoutLine: {'line': b'-- Symlinking: /root/ros2_ws/install/moveit_msgs/include/moveit_msgs/msg/place_location__traits.hpp\n'}
[10.666382] (moveit_msgs) StdoutLine: {'line': b'-- Symlinking: /root/ros2_ws/install/moveit_msgs/include/moveit_msgs/srv/grasp_planning.hpp\n'}
[10.668313] (moveit_msgs) StdoutLine: {'line': b'-- Symlinking: /root/ros2_ws/install/moveit_msgs/include/moveit_msgs/srv/grasp_planning__struct.hpp\n'}
[10.670184] (moveit_msgs) StdoutLine: {'line': b'-- Symlinking: /root/ros2_ws/install/moveit_msgs/include/moveit_msgs/srv/grasp_planning__traits.hpp\n'}
[10.672936] (moveit_msgs) StdoutLine: {'line': b'-- Symlinking: /root/ros2_ws/install/moveit_msgs/include/moveit_msgs/msg/collision_object__rosidl_typesupport_introspection_c.h\n'}
[10.674924] (moveit_msgs) StdoutLine: {'line': b'-- Symlinking: /root/ros2_ws/install/moveit_msgs/include/moveit_msgs/msg/grasp__rosidl_typesupport_introspection_c.h\n'}
[10.676729] (moveit_msgs) StdoutLine: {'line': b'-- Symlinking: /root/ros2_ws/install/moveit_msgs/include/moveit_msgs/msg/gripper_translation__rosidl_typesupport_introspection_c.h\n'}
[10.678680] (moveit_msgs) StdoutLine: {'line': b'-- Symlinking: /root/ros2_ws/install/moveit_msgs/include/moveit_msgs/msg/move_it_error_codes__rosidl_typesupport_introspection_c.h\n'}
[10.680485] (moveit_msgs) StdoutLine: {'line': b'-- Symlinking: /root/ros2_ws/install/moveit_msgs/include/moveit_msgs/msg/object_type__rosidl_typesupport_introspection_c.h\n'}
[10.682477] (moveit_msgs) StdoutLine: {'line': b'-- Symlinking: /root/ros2_ws/install/moveit_msgs/include/moveit_msgs/msg/place_location__rosidl_typesupport_introspection_c.h\n'}
[10.684313] (moveit_msgs) StdoutLine: {'line': b'-- Symlinking: /root/ros2_ws/install/moveit_msgs/include/moveit_msgs/msg/rosidl_typesupport_introspection_c__visibility_control.h\n'}
[10.686340] (moveit_msgs) StdoutLine: {'line': b'-- Symlinking: /root/ros2_ws/install/moveit_msgs/include/moveit_msgs/srv/grasp_planning__rosidl_typesupport_introspection_c.h\n'}
[10.688697] (moveit_msgs) StdoutLine: {'line': b'-- Symlinking: /root/ros2_ws/install/moveit_msgs/lib/libmoveit_msgs__rosidl_typesupport_introspection_c.so\n'}
[10.691542] (moveit_msgs) StdoutLine: {'line': b'-- Symlinking: /root/ros2_ws/install/moveit_msgs/include/moveit_msgs/msg/collision_object__rosidl_typesupport_introspection_cpp.hpp\n'}
[10.693384] (moveit_msgs) StdoutLine: {'line': b'-- Symlinking: /root/ros2_ws/install/moveit_msgs/include/moveit_msgs/msg/grasp__rosidl_typesupport_introspection_cpp.hpp\n'}
[10.695453] (moveit_msgs) StdoutLine: {'line': b'-- Symlinking: /root/ros2_ws/install/moveit_msgs/include/moveit_msgs/msg/gripper_translation__rosidl_typesupport_introspection_cpp.hpp\n'}
[10.697313] (moveit_msgs) StdoutLine: {'line': b'-- Symlinking: /root/ros2_ws/install/moveit_msgs/include/moveit_msgs/msg/move_it_error_codes__rosidl_typesupport_introspection_cpp.hpp\n'}
[10.699315] (moveit_msgs) StdoutLine: {'line': b'-- Symlinking: /root/ros2_ws/install/moveit_msgs/include/moveit_msgs/msg/object_type__rosidl_typesupport_introspection_cpp.hpp\n'}
[10.701142] (moveit_msgs) StdoutLine: {'line': b'-- Symlinking: /root/ros2_ws/install/moveit_msgs/include/moveit_msgs/msg/place_location__rosidl_typesupport_introspection_cpp.hpp\n'}
[10.703092] (moveit_msgs) StdoutLine: {'line': b'-- Symlinking: /root/ros2_ws/install/moveit_msgs/include/moveit_msgs/srv/grasp_planning__rosidl_typesupport_introspection_cpp.hpp\n'}
[10.705438] (moveit_msgs) StdoutLine: {'line': b'-- Symlinking: /root/ros2_ws/install/moveit_msgs/lib/libmoveit_msgs__rosidl_typesupport_introspection_cpp.so\n'}
[10.707663] (moveit_msgs) StdoutLine: {'line': b'-- Symlinking: /root/ros2_ws/install/moveit_msgs/share/moveit_msgs/environment/pythonpath.sh\n'}
[10.709816] (moveit_msgs) StdoutLine: {'line': b'-- Symlinking: /root/ros2_ws/install/moveit_msgs/lib/python3.6/site-packages/moveit_msgs/__init__.py\n'}
[10.712598] (moveit_msgs) StdoutLine: {'line': b'-- Symlinking: /root/ros2_ws/install/moveit_msgs/lib/python3.6/site-packages/moveit_msgs/msg/__init__.py\n'}
[10.714639] (moveit_msgs) StdoutLine: {'line': b'-- Symlinking: /root/ros2_ws/install/moveit_msgs/lib/python3.6/site-packages/moveit_msgs/msg/_collision_object.py\n'}
[10.716460] (moveit_msgs) StdoutLine: {'line': b'-- Symlinking: /root/ros2_ws/install/moveit_msgs/lib/python3.6/site-packages/moveit_msgs/msg/_grasp.py\n'}
[10.718205] (-) TimerEvent: {}
[10.718431] (moveit_msgs) StdoutLine: {'line': b'-- Symlinking: /root/ros2_ws/install/moveit_msgs/lib/python3.6/site-packages/moveit_msgs/msg/_gripper_translation.py\n'}
[10.720402] (moveit_msgs) StdoutLine: {'line': b'-- Symlinking: /root/ros2_ws/install/moveit_msgs/lib/python3.6/site-packages/moveit_msgs/msg/_move_it_error_codes.py\n'}
[10.722287] (moveit_msgs) StdoutLine: {'line': b'-- Symlinking: /root/ros2_ws/install/moveit_msgs/lib/python3.6/site-packages/moveit_msgs/msg/_object_type.py\n'}
[10.724445] (moveit_msgs) StdoutLine: {'line': b'-- Symlinking: /root/ros2_ws/install/moveit_msgs/lib/python3.6/site-packages/moveit_msgs/msg/_place_location.py\n'}
[10.727104] (moveit_msgs) StdoutLine: {'line': b'-- Symlinking: /root/ros2_ws/install/moveit_msgs/lib/python3.6/site-packages/moveit_msgs/srv/__init__.py\n'}
[10.729020] (moveit_msgs) StdoutLine: {'line': b'-- Symlinking: /root/ros2_ws/install/moveit_msgs/lib/python3.6/site-packages/moveit_msgs/srv/_grasp_planning.py\n'}
[10.731525] (moveit_msgs) StdoutLine: {'line': b'-- Symlinking: /root/ros2_ws/install/moveit_msgs/lib/python3.6/site-packages/moveit_msgs/moveit_msgs_s__rosidl_typesupport_c.cpython-36m-x86_64-linux-gnu.so\n'}
[10.733844] (moveit_msgs) StdoutLine: {'line': b'-- Symlinking: /root/ros2_ws/install/moveit_msgs/lib/python3.6/site-packages/moveit_msgs/moveit_msgs_s__rosidl_typesupport_fastrtps_c.cpython-36m-x86_64-linux-gnu.so\n'}
[10.736218] (moveit_msgs) StdoutLine: {'line': b'-- Symlinking: /root/ros2_ws/install/moveit_msgs/lib/libmoveit_msgs__python.so\n'}
[10.738401] (moveit_msgs) StdoutLine: {'line': b'-- Symlinking: /root/ros2_ws/install/moveit_msgs/share/moveit_msgs/msg/CollisionObject.idl\n'}
[10.740601] (moveit_msgs) StdoutLine: {'line': b'-- Symlinking: /root/ros2_ws/install/moveit_msgs/share/moveit_msgs/msg/Grasp.idl\n'}
[10.742842] (moveit_msgs) StdoutLine: {'line': b'-- Symlinking: /root/ros2_ws/install/moveit_msgs/share/moveit_msgs/msg/GripperTranslation.idl\n'}
[10.744938] (moveit_msgs) StdoutLine: {'line': b'-- Symlinking: /root/ros2_ws/install/moveit_msgs/share/moveit_msgs/msg/MoveItErrorCodes.idl\n'}
[10.747183] (moveit_msgs) StdoutLine: {'line': b'-- Symlinking: /root/ros2_ws/install/moveit_msgs/share/moveit_msgs/msg/ObjectType.idl\n'}
[10.749261] (moveit_msgs) StdoutLine: {'line': b'-- Symlinking: /root/ros2_ws/install/moveit_msgs/share/moveit_msgs/msg/PlaceLocation.idl\n'}
[10.751502] (moveit_msgs) StdoutLine: {'line': b'-- Symlinking: /root/ros2_ws/install/moveit_msgs/share/moveit_msgs/srv/GraspPlanning.idl\n'}
[10.753617] (moveit_msgs) StdoutLine: {'line': b'-- Symlinking: /root/ros2_ws/install/moveit_msgs/share/moveit_msgs/msg/CollisionObject.msg\n'}
[10.755781] (moveit_msgs) StdoutLine: {'line': b'-- Symlinking: /root/ros2_ws/install/moveit_msgs/share/moveit_msgs/msg/Grasp.msg\n'}
[10.757864] (moveit_msgs) StdoutLine: {'line': b'-- Symlinking: /root/ros2_ws/install/moveit_msgs/share/moveit_msgs/msg/GripperTranslation.msg\n'}
[10.760018] (moveit_msgs) StdoutLine: {'line': b'-- Symlinking: /root/ros2_ws/install/moveit_msgs/share/moveit_msgs/msg/MoveItErrorCodes.msg\n'}
[10.762087] (moveit_msgs) StdoutLine: {'line': b'-- Symlinking: /root/ros2_ws/install/moveit_msgs/share/moveit_msgs/msg/ObjectType.msg\n'}
[10.764233] (moveit_msgs) StdoutLine: {'line': b'-- Symlinking: /root/ros2_ws/install/moveit_msgs/share/moveit_msgs/msg/PlaceLocation.msg\n'}
[10.766324] (moveit_msgs) StdoutLine: {'line': b'-- Symlinking: /root/ros2_ws/install/moveit_msgs/share/moveit_msgs/srv/GraspPlanning.srv\n'}
[10.768450] (moveit_msgs) StdoutLine: {'line': b'-- Symlinking: /root/ros2_ws/install/moveit_msgs/share/moveit_msgs/srv/GraspPlanning_Request.msg\n'}
[10.770632] (moveit_msgs) StdoutLine: {'line': b'-- Symlinking: /root/ros2_ws/install/moveit_msgs/share/moveit_msgs/srv/GraspPlanning_Response.msg\n'}
[10.772787] (moveit_msgs) StdoutLine: {'line': b'-- Symlinking: /root/ros2_ws/install/moveit_msgs/share/ament_index/resource_index/package_run_dependencies/moveit_msgs\n'}
[10.775074] (moveit_msgs) StdoutLine: {'line': b'-- Symlinking: /root/ros2_ws/install/moveit_msgs/share/ament_index/resource_index/parent_prefix_path/moveit_msgs\n'}
[10.777171] (moveit_msgs) StdoutLine: {'line': b'-- Symlinking: /root/ros2_ws/install/moveit_msgs/share/moveit_msgs/environment/ament_prefix_path.sh\n'}
[10.779387] (moveit_msgs) StdoutLine: {'line': b'-- Symlinking: /root/ros2_ws/install/moveit_msgs/share/moveit_msgs/environment/path.sh\n'}
[10.781468] (moveit_msgs) StdoutLine: {'line': b'-- Symlinking: /root/ros2_ws/install/moveit_msgs/share/moveit_msgs/local_setup.bash\n'}
[10.783617] (moveit_msgs) StdoutLine: {'line': b'-- Symlinking: /root/ros2_ws/install/moveit_msgs/share/moveit_msgs/local_setup.sh\n'}
[10.785763] (moveit_msgs) StdoutLine: {'line': b'-- Symlinking: /root/ros2_ws/install/moveit_msgs/share/moveit_msgs/local_setup.zsh\n'}
[10.787943] (moveit_msgs) StdoutLine: {'line': b'-- Symlinking: /root/ros2_ws/install/moveit_msgs/share/ament_index/resource_index/packages/moveit_msgs\n'}
[10.790095] (moveit_msgs) StdoutLine: {'line': b'-- Symlinking: /root/ros2_ws/install/moveit_msgs/share/moveit_msgs/cmake/rosidl_cmake-extras.cmake\n'}
[10.792246] (moveit_msgs) StdoutLine: {'line': b'-- Symlinking: /root/ros2_ws/install/moveit_msgs/share/moveit_msgs/cmake/ament_cmake_export_dependencies-extras.cmake\n'}
[10.794376] (moveit_msgs) StdoutLine: {'line': b'-- Symlinking: /root/ros2_ws/install/moveit_msgs/share/moveit_msgs/cmake/ament_cmake_export_libraries-extras.cmake\n'}
[10.796531] (moveit_msgs) StdoutLine: {'line': b'-- Symlinking: /root/ros2_ws/install/moveit_msgs/share/moveit_msgs/cmake/ament_cmake_export_include_directories-extras.cmake\n'}
[10.798758] (moveit_msgs) StdoutLine: {'line': b'-- Symlinking: /root/ros2_ws/install/moveit_msgs/share/moveit_msgs/cmake/moveit_msgsConfig.cmake\n'}
[10.800601] (moveit_msgs) StdoutLine: {'line': b'-- Symlinking: /root/ros2_ws/install/moveit_msgs/share/moveit_msgs/cmake/moveit_msgsConfig-version.cmake\n'}
[10.802673] (moveit_msgs) StdoutLine: {'line': b'-- Symlinking: /root/ros2_ws/install/moveit_msgs/share/moveit_msgs/package.xml\n'}
[10.818343] (-) TimerEvent: {}
[10.822760] (moveit_msgs) StdoutLine: {'line': b"Compiling '/root/ros2_ws/install/moveit_msgs/lib/python3.6/site-packages/moveit_msgs/__init__.py'...\n"}
[10.827621] (moveit_msgs) CommandEnded: {'returncode': 0}
[10.918458] (-) TimerEvent: {}
[10.920924] (moveit_msgs) JobEnded: {'identifier': 'moveit_msgs', 'rc': 0}
[10.922179] (grasp_ros2) JobStarted: {'identifier': 'grasp_ros2'}
[10.928915] (grasp_ros2) JobProgress: {'identifier': 'grasp_ros2', 'progress': 'cmake'}
[10.929668] (grasp_ros2) Command: {'cmd': ['/usr/local/bin/cmake', '/root/ros2_ws/src/ros2_grasp_library/grasp_ros2', '-DAMENT_CMAKE_SYMLINK_INSTALL=1', '-DCMAKE_INSTALL_PREFIX=/root/ros2_ws/install/grasp_ros2'], 'cwd': '/root/ros2_ws/build/grasp_ros2', 'env': OrderedDict([('LESSOPEN', '| /usr/bin/lesspipe %s'), ('HOSTNAME', '1bd1ca9b3cba'), ('LD_LIBRARY_PATH', '/root/ros2_ws/install/moveit_msgs/lib:/root/ros2_ws/install/grasp_msgs/lib:/opt/ros/dashing/opt/yaml_cpp_vendor/lib:/opt/ros/dashing/opt/rviz_ogre_vendor/lib:/opt/ros/dashing/lib'), ('SHLVL', '1'), ('OLDPWD', '/root'), ('HOME', '/root'), ('ROS_PYTHON_VERSION', '3'), ('ROS_DISTRO', 'dashing'), ('_', '/usr/bin/colcon'), ('ROS_VERSION', '2'), ('TERM', 'xterm'), ('PATH', '/opt/ros/dashing/bin:/usr/local/sbin:/usr/local/bin:/usr/sbin:/usr/bin:/sbin:/bin'), ('DISPLAY', ':0'), ('LS_COLORS', 'rs=0:di=01;34:ln=01;36:mh=00:pi=40;33:so=01;35:do=01;35:bd=40;33;01:cd=40;33;01:or=40;31;01:mi=00:su=37;41:sg=30;43:ca=30;41:tw=30;42:ow=34;42:st=37;44:ex=01;32:*.tar=01;31:*.tgz=01;31:*.arc=01;31:*.arj=01;31:*.taz=01;31:*.lha=01;31:*.lz4=01;31:*.lzh=01;31:*.lzma=01;31:*.tlz=01;31:*.txz=01;31:*.tzo=01;31:*.t7z=01;31:*.zip=01;31:*.z=01;31:*.Z=01;31:*.dz=01;31:*.gz=01;31:*.lrz=01;31:*.lz=01;31:*.lzo=01;31:*.xz=01;31:*.zst=01;31:*.tzst=01;31:*.bz2=01;31:*.bz=01;31:*.tbz=01;31:*.tbz2=01;31:*.tz=01;31:*.deb=01;31:*.rpm=01;31:*.jar=01;31:*.war=01;31:*.ear=01;31:*.sar=01;31:*.rar=01;31:*.alz=01;31:*.ace=01;31:*.zoo=01;31:*.cpio=01;31:*.7z=01;31:*.rz=01;31:*.cab=01;31:*.wim=01;31:*.swm=01;31:*.dwm=01;31:*.esd=01;31:*.jpg=01;35:*.jpeg=01;35:*.mjpg=01;35:*.mjpeg=01;35:*.gif=01;35:*.bmp=01;35:*.pbm=01;35:*.pgm=01;35:*.ppm=01;35:*.tga=01;35:*.xbm=01;35:*.xpm=01;35:*.tif=01;35:*.tiff=01;35:*.png=01;35:*.svg=01;35:*.svgz=01;35:*.mng=01;35:*.pcx=01;35:*.mov=01;35:*.mpg=01;35:*.mpeg=01;35:*.m2v=01;35:*.mkv=01;35:*.webm=01;35:*.ogm=01;35:*.mp4=01;35:*.m4v=01;35:*.mp4v=01;35:*.vob=01;35:*.qt=01;35:*.nuv=01;35:*.wmv=01;35:*.asf=01;35:*.rm=01;35:*.rmvb=01;35:*.flc=01;35:*.avi=01;35:*.fli=01;35:*.flv=01;35:*.gl=01;35:*.dl=01;35:*.xcf=01;35:*.xwd=01;35:*.yuv=01;35:*.cgm=01;35:*.emf=01;35:*.ogv=01;35:*.ogx=01;35:*.aac=00;36:*.au=00;36:*.flac=00;36:*.m4a=00;36:*.mid=00;36:*.midi=00;36:*.mka=00;36:*.mp3=00;36:*.mpc=00;36:*.ogg=00;36:*.ra=00;36:*.wav=00;36:*.oga=00;36:*.opus=00;36:*.spx=00;36:*.xspf=00;36:'), ('AMENT_PREFIX_PATH', '/root/ros2_ws/install/moveit_msgs:/root/ros2_ws/install/grasp_msgs:/opt/ros/dashing'), ('LESSCLOSE', '/usr/bin/lesspipe %s %s'), ('PWD', '/root/ros2_ws/build/grasp_ros2'), ('PYTHONPATH', '/root/ros2_ws/install/moveit_msgs/lib/python3.6/site-packages:/root/ros2_ws/install/grasp_msgs/lib/python3.6/site-packages:/opt/ros/dashing/lib/python3.6/site-packages'), ('NVIDIA_VISIBLE_DEVICES', 'all'), ('COLCON', '1'), ('CMAKE_PREFIX_PATH', '/root/ros2_ws/install/moveit_msgs:/root/ros2_ws/install/grasp_msgs:/opt/ros/dashing')]), 'shell': False}
[10.981436] (grasp_ros2) StdoutLine: {'line': b'-- The C compiler identification is GNU 7.5.0\n'}
[11.018579] (-) TimerEvent: {}
[11.034528] (grasp_ros2) StdoutLine: {'line': b'-- The CXX compiler identification is GNU 7.5.0\n'}
[11.045734] (grasp_ros2) StdoutLine: {'line': b'-- Check for working C compiler: /usr/bin/cc\n'}
[11.087654] (grasp_ros2) StdoutLine: {'line': b'-- Check for working C compiler: /usr/bin/cc -- works\n'}
[11.090029] (grasp_ros2) StdoutLine: {'line': b'-- Detecting C compiler ABI info\n'}
[11.118737] (-) TimerEvent: {}
[11.132662] (grasp_ros2) StdoutLine: {'line': b'-- Detecting C compiler ABI info - done\n'}
[11.171076] (grasp_ros2) StdoutLine: {'line': b'-- Detecting C compile features\n'}
[11.218908] (-) TimerEvent: {}
[11.294749] (grasp_ros2) StdoutLine: {'line': b'-- Detecting C compile features - done\n'}
[11.301569] (grasp_ros2) StdoutLine: {'line': b'-- Check for working CXX compiler: /usr/bin/c++\n'}
[11.319041] (-) TimerEvent: {}
[11.348096] (grasp_ros2) StdoutLine: {'line': b'-- Check for working CXX compiler: /usr/bin/c++ -- works\n'}
[11.350789] (grasp_ros2) StdoutLine: {'line': b'-- Detecting CXX compiler ABI info\n'}
[11.398580] (grasp_ros2) StdoutLine: {'line': b'-- Detecting CXX compiler ABI info - done\n'}
[11.419173] (-) TimerEvent: {}
[11.437675] (grasp_ros2) StdoutLine: {'line': b'-- Detecting CXX compile features\n'}
[11.519350] (-) TimerEvent: {}
[11.619680] (-) TimerEvent: {}
[11.672573] (grasp_ros2) StdoutLine: {'line': b'-- Detecting CXX compile features - done\n'}
[11.673742] (grasp_ros2) StdoutLine: {'line': b'-- Create Debug Build.\n'}
[11.675545] (grasp_ros2) StdoutLine: {'line': b'-- Found ament_cmake: 0.7.6 (/opt/ros/dashing/share/ament_cmake/cmake)\n'}
[11.698143] (grasp_ros2) StdoutLine: {'line': b'-- Found PythonInterp: /usr/bin/python3 (found suitable version "3.6.9", minimum required is "3") \n'}
[11.698392] (grasp_ros2) StdoutLine: {'line': b'-- Using PYTHON_EXECUTABLE: /usr/bin/python3\n'}
[11.719055] (realsense_ros) StdoutLine: {'line': b'[ 83%] \x1b[32m\x1b[1mLinking CXX shared library librealsense_ros.so\x1b[0m\n'}
[11.719747] (-) TimerEvent: {}
[11.790926] (grasp_ros2) StdoutLine: {'line': b'-- Override CMake install command with custom implementation using symlinks instead of copying resources\n'}
[11.819418] (grasp_ros2) StdoutLine: {'line': b'-- Found builtin_interfaces: 0.7.4 (/opt/ros/dashing/share/builtin_interfaces/cmake)\n'}
[11.819810] (-) TimerEvent: {}
[11.846944] (grasp_ros2) StdoutLine: {'line': b'-- Found rosidl_adapter: 0.7.10 (/opt/ros/dashing/share/rosidl_adapter/cmake)\n'}
[11.919986] (-) TimerEvent: {}
[11.943482] (grasp_ros2) StdoutLine: {'line': b'-- Found rclcpp: 0.7.16 (/opt/ros/dashing/share/rclcpp/cmake)\n'}
[11.975400] (grasp_ros2) StdoutLine: {'line': b'-- Found rmw_implementation_cmake: 0.7.2 (/opt/ros/dashing/share/rmw_implementation_cmake/cmake)\n'}
[11.979216] (grasp_ros2) StdoutLine: {'line': b"-- Using RMW implementation 'rmw_fastrtps_cpp' as default\n"}
[11.981159] (grasp_ros2) StdoutLine: {'line': b'-- Looking for pthread.h\n'}
[12.020147] (-) TimerEvent: {}
[12.024249] (grasp_ros2) StdoutLine: {'line': b'-- Looking for pthread.h - found\n'}
[12.024839] (grasp_ros2) StdoutLine: {'line': b'-- Looking for pthread_create\n'}
[12.068674] (grasp_ros2) StdoutLine: {'line': b'-- Looking for pthread_create - not found\n'}
[12.068863] (grasp_ros2) StdoutLine: {'line': b'-- Looking for pthread_create in pthreads\n'}
[12.106704] (grasp_ros2) StdoutLine: {'line': b'-- Looking for pthread_create in pthreads - not found\n'}
[12.106998] (grasp_ros2) StdoutLine: {'line': b'-- Looking for pthread_create in pthread\n'}
[12.120332] (-) TimerEvent: {}
[12.150638] (grasp_ros2) StdoutLine: {'line': b'-- Looking for pthread_create in pthread - found\n'}
[12.152937] (grasp_ros2) StdoutLine: {'line': b'-- Found Threads: TRUE  \n'}
[12.220444] (-) TimerEvent: {}
[12.222271] (realsense_ros) StdoutLine: {'line': b'[ 83%] Built target realsense_ros\n'}
[12.226564] (realsense_ros) StdoutLine: {'line': b'\x1b[35m\x1b[1mScanning dependencies of target camera_core\x1b[0m\n'}
[12.229962] (grasp_ros2) StdoutLine: {'line': b'-- Found rclcpp_components: 0.7.16 (/opt/ros/dashing/share/rclcpp_components/cmake)\n'}
[12.237843] (grasp_ros2) StdoutLine: {'line': b'-- Found poco_vendor:  (/opt/ros/dashing/share/poco_vendor/cmake)\n'}
[12.265859] (realsense_ros) StdoutLine: {'line': b'[ 91%] \x1b[32mBuilding CXX object CMakeFiles/camera_core.dir/tests/camera_core.cpp.o\x1b[0m\n'}
[12.275178] (grasp_ros2) StdoutLine: {'line': b'-- Found grasp_msgs: 0.5.0 (/root/ros2_ws/install/grasp_msgs/share/grasp_msgs/cmake)\n'}
[12.320592] (-) TimerEvent: {}
[12.339392] (grasp_ros2) StdoutLine: {'line': b'-- Found sensor_msgs: 0.7.1 (/opt/ros/dashing/share/sensor_msgs/cmake)\n'}
[12.371569] (grasp_ros2) StdoutLine: {'line': b'-- Found moveit_msgs: 0.5.0 (/root/ros2_ws/install/moveit_msgs/share/moveit_msgs/cmake)\n'}
[12.420752] (-) TimerEvent: {}
[12.496777] (grasp_ros2) StdoutLine: {'line': b'-- Found visualization_msgs: 0.7.1 (/opt/ros/dashing/share/visualization_msgs/cmake)\n'}
[12.520892] (-) TimerEvent: {}
[12.530266] (grasp_ros2) StdoutLine: {'line': b'-- Found tf2: 0.11.6 (/opt/ros/dashing/share/tf2/cmake)\n'}
[12.537133] (grasp_ros2) StdoutLine: {'line': b'-- Found tf2_ros: 0.11.6 (/opt/ros/dashing/share/tf2_ros/cmake)\n'}
[12.621079] (-) TimerEvent: {}
[12.681649] (grasp_ros2) StdoutLine: {'line': b'-- Found tf2_geometry_msgs: 0.11.6 (/opt/ros/dashing/share/tf2_geometry_msgs/cmake)\n'}
[12.691989] (grasp_ros2) StdoutLine: {'line': b'-- Found eigen3_cmake_module: 0.1.1 (/opt/ros/dashing/share/eigen3_cmake_module/cmake)\n'}
[12.697457] (grasp_ros2) StdoutLine: {'line': b'-- Found Eigen3: TRUE (found version "3.3.4") \n'}
[12.721207] (-) TimerEvent: {}
[12.747118] (grasp_ros2) StdoutLine: {'line': b'-- Found pcl_conversions: 2.0.0 (/opt/ros/dashing/share/pcl_conversions/cmake)\n'}
[12.775360] (grasp_ros2) StdoutLine: {'line': b"-- Checking for module 'eigen3'\n"}
[12.785105] (grasp_ros2) StdoutLine: {'line': b'--   Found eigen3, version 3.2.10\n'}
[12.805485] (grasp_ros2) StdoutLine: {'line': b'-- Found eigen: /usr/local/include/eigen3  \n'}
[12.821380] (-) TimerEvent: {}
[12.921699] (-) TimerEvent: {}
[12.935508] (grasp_ros2) StdoutLine: {'line': b'-- Boost version: 1.65.1\n'}
[12.935636] (grasp_ros2) StdoutLine: {'line': b'-- Found the following Boost libraries:\n'}
[12.935684] (grasp_ros2) StdoutLine: {'line': b'--   system\n'}
[12.935725] (grasp_ros2) StdoutLine: {'line': b'--   filesystem\n'}
[12.935853] (grasp_ros2) StdoutLine: {'line': b'--   thread\n'}
[12.935930] (grasp_ros2) StdoutLine: {'line': b'--   date_time\n'}
[12.935979] (grasp_ros2) StdoutLine: {'line': b'--   iostreams\n'}
[12.936021] (grasp_ros2) StdoutLine: {'line': b'--   serialization\n'}
[12.936061] (grasp_ros2) StdoutLine: {'line': b'--   chrono\n'}
[12.936102] (grasp_ros2) StdoutLine: {'line': b'--   atomic\n'}
[12.936223] (grasp_ros2) StdoutLine: {'line': b'--   regex\n'}
[12.939203] (grasp_ros2) StdoutLine: {'line': b"-- Checking for module 'libopenni'\n"}
[12.948832] (grasp_ros2) StdoutLine: {'line': b'--   Found libopenni, version 1.5.4.0\n'}
[12.973022] (grasp_ros2) StdoutLine: {'line': b'-- Found openni: /usr/lib/libOpenNI.so  \n'}
[12.975035] (grasp_ros2) StdoutLine: {'line': b"-- Checking for module 'libopenni2'\n"}
[12.984002] (grasp_ros2) StdoutLine: {'line': b'--   Found libopenni2, version 2.2.0.3\n'}
[13.007802] (grasp_ros2) StdoutLine: {'line': b'-- Found OpenNI2: /usr/lib/libOpenNI2.so  \n'}
[13.013918] (grasp_ros2) StdoutLine: {'line': b'-- Could NOT find ensenso (missing: ENSENSO_LIBRARY ENSENSO_INCLUDE_DIR) \n'}
[13.014216] (grasp_ros2) StderrLine: {'line': b'** WARNING ** io features related to ensenso will be disabled\n'}
[13.018030] (grasp_ros2) StdoutLine: {'line': b'-- Could NOT find DAVIDSDK (missing: DAVIDSDK_LIBRARY DAVIDSDK_INCLUDE_DIR) \n'}
[13.018348] (grasp_ros2) StderrLine: {'line': b'** WARNING ** io features related to davidSDK will be disabled\n'}
[13.019992] (grasp_ros2) StdoutLine: {'line': b'-- Could NOT find DSSDK (missing: _DSSDK_LIBRARIES) \n'}
[13.020171] (grasp_ros2) StderrLine: {'line': b'** WARNING ** io features related to dssdk will be disabled\n'}
[13.020496] (grasp_ros2) StderrLine: {'line': b'** WARNING ** io features related to pcap will be disabled\n'}
[13.020799] (grasp_ros2) StderrLine: {'line': b'** WARNING ** io features related to png will be disabled\n'}
[13.021740] (-) TimerEvent: {}
[13.121951] (-) TimerEvent: {}
[13.202263] (grasp_ros2) StdoutLine: {'line': b'-- The imported target "vtkRenderingPythonTkWidgets" references the file\n'}
[13.202432] (grasp_ros2) StdoutLine: {'line': b'   "/usr/lib/x86_64-linux-gnu/libvtkRenderingPythonTkWidgets.so"\n'}
[13.202478] (grasp_ros2) StdoutLine: {'line': b'but this file does not exist.  Possible reasons include:\n'}
[13.202518] (grasp_ros2) StdoutLine: {'line': b'* The file was deleted, renamed, or moved to another location.\n'}
[13.202556] (grasp_ros2) StdoutLine: {'line': b'* An install or uninstall procedure did not complete successfully.\n'}
[13.202594] (grasp_ros2) StdoutLine: {'line': b'* The installation package was faulty and contained\n'}
[13.202632] (grasp_ros2) StdoutLine: {'line': b'   "/usr/lib/cmake/vtk-6.3/VTKTargets.cmake"\n'}
[13.202671] (grasp_ros2) StdoutLine: {'line': b'but not all the files it references.\n'}
[13.202709] (grasp_ros2) StdoutLine: {'line': b'\n'}
[13.203688] (grasp_ros2) StdoutLine: {'line': b'-- The imported target "vtk" references the file\n'}
[13.203775] (grasp_ros2) StdoutLine: {'line': b'   "/usr/bin/vtk"\n'}
[13.203820] (grasp_ros2) StdoutLine: {'line': b'but this file does not exist.  Possible reasons include:\n'}
[13.203860] (grasp_ros2) StdoutLine: {'line': b'* The file was deleted, renamed, or moved to another location.\n'}
[13.203899] (grasp_ros2) StdoutLine: {'line': b'* An install or uninstall procedure did not complete successfully.\n'}
[13.203938] (grasp_ros2) StdoutLine: {'line': b'* The installation package was faulty and contained\n'}
[13.203976] (grasp_ros2) StdoutLine: {'line': b'   "/usr/lib/cmake/vtk-6.3/VTKTargets.cmake"\n'}
[13.204017] (grasp_ros2) StdoutLine: {'line': b'but not all the files it references.\n'}
[13.204055] (grasp_ros2) StdoutLine: {'line': b'\n'}
[13.222078] (-) TimerEvent: {}
[13.322357] (-) TimerEvent: {}
[13.351512] (grasp_ros2) StdoutLine: {'line': b'-- Found libusb-1.0: /usr/include  \n'}
[13.351824] (grasp_ros2) StderrLine: {'line': b'** WARNING ** io features related to libusb-1.0 will be disabled\n'}
[13.353450] (grasp_ros2) StdoutLine: {'line': b"-- Checking for module 'flann'\n"}
[13.363227] (grasp_ros2) StdoutLine: {'line': b'--   Found flann, version 1.9.1\n'}
[13.388614] (grasp_ros2) StdoutLine: {'line': b'-- Found Flann: /usr/lib/x86_64-linux-gnu/libflann_cpp_s.a  \n'}
[13.422495] (-) TimerEvent: {}
[13.486632] (grasp_ros2) StdoutLine: {'line': b'-- Could NOT find ensenso (missing: ENSENSO_LIBRARY ENSENSO_INCLUDE_DIR) \n'}
[13.486901] (grasp_ros2) StderrLine: {'line': b'** WARNING ** visualization features related to ensenso will be disabled\n'}
[13.490603] (grasp_ros2) StdoutLine: {'line': b'-- Could NOT find DAVIDSDK (missing: DAVIDSDK_LIBRARY DAVIDSDK_INCLUDE_DIR) \n'}
[13.490814] (grasp_ros2) StderrLine: {'line': b'** WARNING ** visualization features related to davidSDK will be disabled\n'}
[13.492368] (grasp_ros2) StdoutLine: {'line': b'-- Could NOT find DSSDK (missing: _DSSDK_LIBRARIES) \n'}
[13.492572] (grasp_ros2) StderrLine: {'line': b'** WARNING ** visualization features related to dssdk will be disabled\n'}
[13.494110] (grasp_ros2) StdoutLine: {'line': b'-- Could NOT find RSSDK (missing: _RSSDK_LIBRARIES) \n'}
[13.494310] (grasp_ros2) StderrLine: {'line': b'** WARNING ** visualization features related to rssdk will be disabled\n'}
[13.522632] (-) TimerEvent: {}
[13.587117] (grasp_ros2) StdoutLine: {'line': b'-- Found qhull: /usr/lib/x86_64-linux-gnu/libqhull.so  \n'}
[13.587823] (grasp_ros2) StdoutLine: {'line': b'-- looking for PCL_COMMON\n'}
[13.588913] (grasp_ros2) StdoutLine: {'line': b'-- Found PCL_COMMON: /usr/local/lib/libpcl_common.so  \n'}
[13.589265] (grasp_ros2) StdoutLine: {'line': b'-- looking for PCL_OCTREE\n'}
[13.590382] (grasp_ros2) StdoutLine: {'line': b'-- Found PCL_OCTREE: /usr/local/lib/libpcl_octree.so  \n'}
[13.590738] (grasp_ros2) StdoutLine: {'line': b'-- looking for PCL_IO\n'}
[13.591853] (grasp_ros2) StdoutLine: {'line': b'-- Found PCL_IO: /usr/local/lib/libpcl_io.so  \n'}
[13.592438] (grasp_ros2) StdoutLine: {'line': b'-- looking for PCL_KDTREE\n'}
[13.593658] (grasp_ros2) StdoutLine: {'line': b'-- Found PCL_KDTREE: /usr/local/lib/libpcl_kdtree.so  \n'}
[13.594084] (grasp_ros2) StdoutLine: {'line': b'-- looking for PCL_SEARCH\n'}
[13.595326] (grasp_ros2) StdoutLine: {'line': b'-- Found PCL_SEARCH: /usr/local/lib/libpcl_search.so  \n'}
[13.595885] (grasp_ros2) StdoutLine: {'line': b'-- looking for PCL_SAMPLE_CONSENSUS\n'}
[13.597142] (grasp_ros2) StdoutLine: {'line': b'-- Found PCL_SAMPLE_CONSENSUS: /usr/local/lib/libpcl_sample_consensus.so  \n'}
[13.597597] (grasp_ros2) StdoutLine: {'line': b'-- looking for PCL_FILTERS\n'}
[13.598890] (grasp_ros2) StdoutLine: {'line': b'-- Found PCL_FILTERS: /usr/local/lib/libpcl_filters.so  \n'}
[13.599601] (grasp_ros2) StdoutLine: {'line': b'-- looking for PCL_2D\n'}
[13.600612] (grasp_ros2) StdoutLine: {'line': b'-- Found PCL_2D: /usr/local/include/pcl-1.8  \n'}
[13.601165] (grasp_ros2) StdoutLine: {'line': b'-- looking for PCL_GEOMETRY\n'}
[13.602256] (grasp_ros2) StdoutLine: {'line': b'-- Found PCL_GEOMETRY: /usr/local/include/pcl-1.8  \n'}
[13.602565] (grasp_ros2) StdoutLine: {'line': b'-- looking for PCL_FEATURES\n'}
[13.603945] (grasp_ros2) StdoutLine: {'line': b'-- Found PCL_FEATURES: /usr/local/lib/libpcl_features.so  \n'}
[13.604794] (grasp_ros2) StdoutLine: {'line': b'-- looking for PCL_ML\n'}
[13.606190] (grasp_ros2) StdoutLine: {'line': b'-- Found PCL_ML: /usr/local/lib/libpcl_ml.so  \n'}
[13.606581] (grasp_ros2) StdoutLine: {'line': b'-- looking for PCL_SEGMENTATION\n'}
[13.607938] (grasp_ros2) StdoutLine: {'line': b'-- Found PCL_SEGMENTATION: /usr/local/lib/libpcl_segmentation.so  \n'}
[13.609194] (grasp_ros2) StdoutLine: {'line': b'-- looking for PCL_VISUALIZATION\n'}
[13.610618] (grasp_ros2) StdoutLine: {'line': b'-- Found PCL_VISUALIZATION: /usr/local/lib/libpcl_visualization.so  \n'}
[13.611438] (grasp_ros2) StdoutLine: {'line': b'-- looking for PCL_SURFACE\n'}
[13.612896] (grasp_ros2) StdoutLine: {'line': b'-- Found PCL_SURFACE: /usr/local/lib/libpcl_surface.so  \n'}
[13.613553] (grasp_ros2) StdoutLine: {'line': b'-- looking for PCL_REGISTRATION\n'}
[13.615065] (grasp_ros2) StdoutLine: {'line': b'-- Found PCL_REGISTRATION: /usr/local/lib/libpcl_registration.so  \n'}
[13.616058] (grasp_ros2) StdoutLine: {'line': b'-- looking for PCL_KEYPOINTS\n'}
[13.617587] (grasp_ros2) StdoutLine: {'line': b'-- Found PCL_KEYPOINTS: /usr/local/lib/libpcl_keypoints.so  \n'}
[13.618496] (grasp_ros2) StdoutLine: {'line': b'-- looking for PCL_TRACKING\n'}
[13.619951] (grasp_ros2) StdoutLine: {'line': b'-- Found PCL_TRACKING: /usr/local/lib/libpcl_tracking.so  \n'}
[13.620664] (grasp_ros2) StdoutLine: {'line': b'-- looking for PCL_RECOGNITION\n'}
[13.622128] (grasp_ros2) StdoutLine: {'line': b'-- Found PCL_RECOGNITION: /usr/local/lib/libpcl_recognition.so  \n'}
[13.622705] (-) TimerEvent: {}
[13.623957] (grasp_ros2) StdoutLine: {'line': b'-- looking for PCL_STEREO\n'}
[13.625493] (grasp_ros2) StdoutLine: {'line': b'-- Found PCL_STEREO: /usr/local/lib/libpcl_stereo.so  \n'}
[13.625936] (grasp_ros2) StdoutLine: {'line': b'-- looking for PCL_OUTOFCORE\n'}
[13.627515] (grasp_ros2) StdoutLine: {'line': b'-- Found PCL_OUTOFCORE: /usr/local/lib/libpcl_outofcore.so  \n'}
[13.628287] (grasp_ros2) StdoutLine: {'line': b'-- looking for PCL_PEOPLE\n'}
[13.629798] (grasp_ros2) StdoutLine: {'line': b'-- Found PCL_PEOPLE: /usr/local/lib/libpcl_people.so  \n'}
[13.671386] (realsense_ros) StderrLine: {'line': b"\x1b[01m\x1b[K/root/ros2_ws/src/ros2_intel_realsense/realsense_ros/tests/camera_core.cpp:\x1b[m\x1b[K In function '\x1b[01m\x1b[Kvoid getMsgInfo(rs2_stream, const ConstSharedPtr&)\x1b[m\x1b[K':\n"}
[13.671547] (realsense_ros) StderrLine: {'line': b'\x1b[01m\x1b[K/root/ros2_ws/src/ros2_intel_realsense/realsense_ros/tests/camera_core.cpp:88:86:\x1b[m\x1b[K \x1b[01;35m\x1b[Kwarning: \x1b[m\x1b[Kformat not a string literal and no format arguments [\x1b[01;35m\x1b[K-Wformat-security\x1b[m\x1b[K]\n'}
[13.671600] (realsense_ros) StderrLine: {'line': b' tf(g_encoding_recv[stream], msg->encoding.length() + 1, msg->encoding.c_str()\x1b[01;35m\x1b[K)\x1b[m\x1b[K;\n'}
[13.671641] (realsense_ros) StderrLine: {'line': b'                                                                              \x1b[01;35m\x1b[K^\x1b[m\x1b[K\n'}
[13.673129] (realsense_ros) StderrLine: {'line': b"\x1b[01m\x1b[K/root/ros2_ws/src/ros2_intel_realsense/realsense_ros/tests/camera_core.cpp:\x1b[m\x1b[K In function '\x1b[01m\x1b[Kvoid getCameraInfo(rs2_stream, sensor_msgs::msg::CameraInfo_<std::allocator<void> >::SharedPtr)\x1b[m\x1b[K':\n"}
[13.673208] (realsense_ros) StderrLine: {'line': b'\x1b[01m\x1b[K/root/ros2_ws/src/ros2_intel_realsense/realsense_ros/tests/camera_core.cpp:101:39:\x1b[m\x1b[K \x1b[01;35m\x1b[Kwarning: \x1b[m\x1b[Kformat not a string literal and no format arguments [\x1b[01;35m\x1b[K-Wformat-security\x1b[m\x1b[K]\n'}
[13.673253] (realsense_ros) StderrLine: {'line': b'     info_msg->distortion_model.c_str()\x1b[01;35m\x1b[K)\x1b[m\x1b[K;\n'}
[13.673293] (realsense_ros) StderrLine: {'line': b'                                       \x1b[01;35m\x1b[K^\x1b[m\x1b[K\n'}
[13.681676] (grasp_ros2) StdoutLine: {'line': b'-- Found PCL: /usr/lib/x86_64-linux-gnu/libboost_system.so;/usr/lib/x86_64-linux-gnu/libboost_filesystem.so;/usr/lib/x86_64-linux-gnu/libboost_thread.so;-lpthread;/usr/lib/x86_64-linux-gnu/libboost_date_time.so;/usr/lib/x86_64-linux-gnu/libboost_iostreams.so;/usr/lib/x86_64-linux-gnu/libboost_serialization.so;/usr/lib/x86_64-linux-gnu/libboost_chrono.so;/usr/lib/x86_64-linux-gnu/libboost_atomic.so;/usr/lib/x86_64-linux-gnu/libboost_regex.so;optimized;/usr/local/lib/libpcl_common.so;debug;/usr/local/lib/libpcl_common.so;optimized;/usr/local/lib/libpcl_octree.so;debug;/usr/local/lib/libpcl_octree.so;/usr/lib/libOpenNI.so;/usr/lib/libOpenNI2.so;vtkChartsCore;vtkCommonColor;vtkCommonDataModel;vtkCommonMath;vtkCommonCore;vtksys;vtkCommonMisc;vtkCommonSystem;vtkCommonTransforms;vtkInfovisCore;vtkFiltersExtraction;vtkCommonExecutionModel;vtkFiltersCore;vtkFiltersGeneral;vtkCommonComputationalGeometry;vtkFiltersStatistics;vtkImagingFourier;vtkImagingCore;vtkalglib;vtkRenderingContext2D;vtkRenderingCore;vtkFiltersGeometry;vtkFiltersSources;vtkRenderingFreeType;/usr/lib/x86_64-linux-gnu/libfreetype.so;/usr/lib/x86_64-linux-gnu/libz.so;vtkftgl;vtkDICOMParser;vtkDomainsChemistry;vtkIOXML;vtkIOGeometry;vtkIOCore;vtkIOXMLParser;/usr/lib/x86_64-linux-gnu/libexpat.so;vtkFiltersAMR;vtkParallelCore;vtkIOLegacy;vtkFiltersFlowPaths;vtkFiltersGeneric;vtkFiltersHybrid;vtkImagingSources;vtkFiltersHyperTree;vtkFiltersImaging;vtkImagingGeneral;vtkFiltersModeling;vtkFiltersParallel;vtkFiltersParallelFlowPaths;vtkParallelMPI;vtkFiltersParallelGeometry;vtkFiltersParallelImaging;vtkFiltersParallelMPI;vtkFiltersParallelStatistics;vtkFiltersProgrammable;vtkFiltersPython;/usr/lib/x86_64-linux-gnu/libpython2.7.so;vtkWrappingPythonCore;vtkWrappingTools;vtkFiltersReebGraph;vtkFiltersSMP;vtkFiltersSelection;vtkFiltersTexture;vtkFiltersVerdict;verdict;vtkGUISupportQt;vtkInteractionStyle;vtkRenderingOpenGL;vtkImagingHybrid;vtkIOImage;vtkmetaio;/usr/lib/x86_64-linux-gnu/libjpeg.so;/usr/lib/x86_64-linux-gnu/libpng.so;/usr/lib/x86_64-linux-gnu/libtiff.so;vtkGUISupportQtOpenGL;vtkGUISupportQtSQL;vtkIOSQL;sqlite3;vtkGUISupportQtWebkit;vtkViewsQt;vtkViewsInfovis;vtkInfovisLayout;vtkInfovisBoostGraphAlgorithms;vtkRenderingLabel;vtkViewsCore;vtkInteractionWidgets;vtkRenderingAnnotation;vtkImagingColor;vtkRenderingVolume;vtkGeovisCore;/usr/lib/x86_64-linux-gnu/libproj.so;vtkIOAMR;/usr/lib/x86_64-linux-gnu/hdf5/openmpi/libhdf5.so;/usr/lib/x86_64-linux-gnu/libsz.so;/usr/lib/x86_64-linux-gnu/libdl.so;/usr/lib/x86_64-linux-gnu/libm.so;/usr/lib/x86_64-linux-gnu/openmpi/lib/libmpi.so;vtkIOEnSight;vtkIOExodus;vtkexoIIc;/usr/lib/x86_64-linux-gnu/libnetcdf_c++.so;/usr/lib/x86_64-linux-gnu/libnetcdf.so;vtkIOExport;vtkRenderingGL2PS;vtkRenderingContextOpenGL;/usr/lib/x86_64-linux-gnu/libgl2ps.so;vtkIOFFMPEG;vtkIOMovie;/usr/lib/x86_64-linux-gnu/libtheoraenc.so;/usr/lib/x86_64-linux-gnu/libtheoradec.so;/usr/lib/x86_64-linux-gnu/libogg.so;vtkIOGDAL;vtkIOGeoJSON;vtkIOImport;vtkIOInfovis;/usr/lib/x86_64-linux-gnu/libxml2.so;vtkIOLSDyna;vtkIOMINC;vtkIOMPIImage;vtkIOMPIParallel;vtkIOParallel;vtkIONetCDF;/usr/lib/x86_64-linux-gnu/libjsoncpp.so;vtkIOMySQL;vtkIOODBC;vtkIOPLY;vtkIOParallelExodus;vtkIOParallelLSDyna;vtkIOParallelNetCDF;vtkIOParallelXML;vtkIOPostgreSQL;vtkIOVPIC;VPIC;vtkIOVideo;vtkIOXdmf2;vtkxdmf2;vtkImagingMath;vtkImagingMorphological;vtkImagingStatistics;vtkImagingStencil;vtkInteractionImage;vtkLocalExample;vtkParallelMPI4Py;vtkPythonInterpreter;vtkRenderingExternal;vtkRenderingFreeTypeFontConfig;vtkRenderingImage;vtkRenderingLIC;vtkRenderingLOD;vtkRenderingMatplotlib;vtkRenderingParallel;vtkRenderingParallelLIC;vtkRenderingQt;vtkRenderingVolumeAMR;vtkRenderingVolumeOpenGL;vtkTestingGenericBridge;vtkTestingIOSQL;vtkTestingRendering;vtkViewsContext2D;vtkViewsGeovis;vtkWrappingJava;optimized;/usr/local/lib/libpcl_io.so;debug;/usr/local/lib/libpcl_io.so;optimized;/usr/lib/x86_64-linux-gnu/libflann_cpp_s.a;debug;/usr/lib/x86_64-linux-gnu/libflann_cpp_s.a;optimized;/usr/local/lib/libpcl_kdtree.so;debug;/usr/local/lib/libpcl_kdtree.so;optimized;/usr/local/lib/libpcl_search.so;debug;/usr/local/lib/libpcl_search.so;optimized;/usr/local/lib/libpcl_sample_consensus.so;debug;/usr/local/lib/libpcl_sample_consensus.so;optimized;/usr/local/lib/libpcl_filters.so;debug;/usr/local/lib/libpcl_filters.so;optimized;/usr/local/lib/libpcl_features.so;debug;/usr/local/lib/libpcl_features.so;optimized;/usr/local/lib/libpcl_ml.so;debug;/usr/local/lib/libpcl_ml.so;optimized;/usr/local/lib/libpcl_segmentation.so;debug;/usr/local/lib/libpcl_segmentation.so;optimized;/usr/local/lib/libpcl_visualization.so;debug;/usr/local/lib/libpcl_visualization.so;optimized;/usr/lib/x86_64-linux-gnu/libqhull.so;debug;/usr/lib/x86_64-linux-gnu/libqhull.so;optimized;/usr/local/lib/libpcl_surface.so;debug;/usr/local/lib/libpcl_surface.so;optimized;/usr/local/lib/libpcl_registration.so;debug;/usr/local/lib/libpcl_registration.so;optimized;/usr/local/lib/libpcl_keypoints.so;debug;/usr/local/lib/libpcl_keypoints.so;optimized;/usr/local/lib/libpcl_tracking.so;debug;/usr/local/lib/libpcl_tracking.so;optimized;/usr/local/lib/libpcl_recognition.so;debug;/usr/local/lib/libpcl_recognition.so;optimized;/usr/local/lib/libpcl_stereo.so;debug;/usr/local/lib/libpcl_stereo.so;optimized;/usr/local/lib/libpcl_outofcore.so;debug;/usr/local/lib/libpcl_outofcore.so;optimized;/usr/local/lib/libpcl_people.so;debug;/usr/local/lib/libpcl_people.so;/usr/lib/x86_64-linux-gnu/libboost_system.so;/usr/lib/x86_64-linux-gnu/libboost_filesystem.so;/usr/lib/x86_64-linux-gnu/libboost_thread.so;-lpthread;/usr/lib/x86_64-linux-gnu/libboost_date_time.so;/usr/lib/x86_64-linux-gnu/libboost_iostreams.so;/usr/lib/x86_64-linux-gnu/libboost_serialization.so;/usr/lib/x86_64-linux-gnu/libboost_chrono.so;/usr/lib/x86_64-linux-gnu/libboost_atomic.so;/usr/lib/x86_64-linux-gnu/libboost_regex.so;optimized;/usr/lib/x86_64-linux-gnu/libqhull.so;debug;/usr/lib/x86_64-linux-gnu/libqhull.so;/usr/lib/libOpenNI.so;/usr/lib/libOpenNI2.so;optimized;/usr/lib/x86_64-linux-gnu/libflann_cpp_s.a;debug;/usr/lib/x86_64-linux-gnu/libflann_cpp_s.a;vtkChartsCore;vtkCommonColor;vtkCommonDataModel;vtkCommonMath;vtkCommonCore;vtksys;vtkCommonMisc;vtkCommonSystem;vtkCommonTransforms;vtkInfovisCore;vtkFiltersExtraction;vtkCommonExecutionModel;vtkFiltersCore;vtkFiltersGeneral;vtkCommonComputationalGeometry;vtkFiltersStatistics;vtkImagingFourier;vtkImagingCore;vtkalglib;vtkRenderingContext2D;vtkRenderingCore;vtkFiltersGeometry;vtkFiltersSources;vtkRenderingFreeType;/usr/lib/x86_64-linux-gnu/libfreetype.so;/usr/lib/x86_64-linux-gnu/libz.so;vtkftgl;vtkDICOMParser;vtkDomainsChemistry;vtkIOXML;vtkIOGeometry;vtkIOCore;vtkIOXMLParser;/usr/lib/x86_64-linux-gnu/libexpat.so;vtkFiltersAMR;vtkParallelCore;vtkIOLegacy;vtkFiltersFlowPaths;vtkFiltersGeneric;vtkFiltersHybrid;vtkImagingSources;vtkFiltersHyperTree;vtkFiltersImaging;vtkImagingGeneral;vtkFiltersModeling;vtkFiltersParallel;vtkFiltersParallelFlowPaths;vtkParallelMPI;vtkFiltersParallelGeometry;vtkFiltersParallelImaging;vtkFiltersParallelMPI;vtkFiltersParallelStatistics;vtkFiltersProgrammable;vtkFiltersPython;/usr/lib/x86_64-linux-gnu/libpython2.7.so;vtkWrappingPythonCore;vtkWrappingTools;vtkFiltersReebGraph;vtkFiltersSMP;vtkFiltersSelection;vtkFiltersTexture;vtkFiltersVerdict;verdict;vtkGUISupportQt;vtkInteractionStyle;vtkRenderingOpenGL;vtkImagingHybrid;vtkIOImage;vtkmetaio;/usr/lib/x86_64-linux-gnu/libjpeg.so;/usr/lib/x86_64-linux-gnu/libpng.so;/usr/lib/x86_64-linux-gnu/libtiff.so;vtkGUISupportQtOpenGL;vtkGUISupportQtSQL;vtkIOSQL;sqlite3;vtkGUISupportQtWebkit;vtkViewsQt;vtkViewsInfovis;vtkInfovisLayout;vtkInfovisBoostGraphAlgorithms;vtkRenderingLabel;vtkViewsCore;vtkInteractionWidgets;vtkRenderingAnnotation;vtkImagingColor;vtkRenderingVolume;vtkGeovisCore;/usr/lib/x86_64-linux-gnu/libproj.so;vtkIOAMR;/usr/lib/x86_64-linux-gnu/hdf5/openmpi/libhdf5.so;/usr/lib/x86_64-linux-gnu/libsz.so;/usr/lib/x86_64-linux-gnu/libdl.so;/usr/lib/x86_64-linux-gnu/libm.so;/usr/lib/x86_64-linux-gnu/openmpi/lib/libmpi.so;vtkIOEnSight;vtkIOExodus;vtkexoIIc;/usr/lib/x86_64-linux-gnu/libnetcdf_c++.so;/usr/lib/x86_64-linux-gnu/libnetcdf.so;vtkIOExport;vtkRenderingGL2PS;vtkRenderingContextOpenGL;/usr/lib/x86_64-linux-gnu/libgl2ps.so;vtkIOFFMPEG;vtkIOMovie;/usr/lib/x86_64-linux-gnu/libtheoraenc.so;/usr/lib/x86_64-linux-gnu/libtheoradec.so;/usr/lib/x86_64-linux-gnu/libogg.so;vtkIOGDAL;vtkIOGeoJSON;vtkIOImport;vtkIOInfovis;/usr/lib/x86_64-linux-gnu/libxml2.so;vtkIOLSDyna;vtkIOMINC;vtkIOMPIImage;vtkIOMPIParallel;vtkIOParallel;vtkIONetCDF;/usr/lib/x86_64-linux-gnu/libjsoncpp.so;vtkIOMySQL;vtkIOODBC;vtkIOPLY;vtkIOParallelExodus;vtkIOParallelLSDyna;vtkIOParallelNetCDF;vtkIOParallelXML;vtkIOPostgreSQL;vtkIOVPIC;VPIC;vtkIOVideo;vtkIOXdmf2;vtkxdmf2;vtkImagingMath;vtkImagingMorphological;vtkImagingStatistics;vtkImagingStencil;vtkInteractionImage;vtkLocalExample;vtkParallelMPI4Py;vtkPythonInterpreter;vtkRenderingExternal;vtkRenderingFreeTypeFontConfig;vtkRenderingImage;vtkRenderingLIC;vtkRenderingLOD;vtkRenderingMatplotlib;vtkRenderingParallel;vtkRenderingParallelLIC;vtkRenderingQt;vtkRenderingVolumeAMR;vtkRenderingVolumeOpenGL;vtkTestingGenericBridge;vtkTestingIOSQL;vtkTestingRendering;vtkViewsContext2D;vtkViewsGeovis;vtkWrappingJava (Required is exact version "1.8.1") \n'}
[13.722893] (-) TimerEvent: {}
[13.823245] (-) TimerEvent: {}
[13.923594] (-) TimerEvent: {}
[14.023947] (-) TimerEvent: {}
[14.124304] (-) TimerEvent: {}
[14.224661] (-) TimerEvent: {}
[14.324996] (-) TimerEvent: {}
[14.425355] (-) TimerEvent: {}
[14.525702] (-) TimerEvent: {}
[14.626049] (-) TimerEvent: {}
[14.726386] (-) TimerEvent: {}
[14.826735] (-) TimerEvent: {}
[14.875924] (grasp_ros2) StdoutLine: {'line': b'-- Found ament_lint_auto: 0.7.12 (/opt/ros/dashing/share/ament_lint_auto/cmake)\n'}
[14.926875] (-) TimerEvent: {}
[14.941387] (grasp_ros2) StdoutLine: {'line': b'-- Found ament_cmake_gtest: 0.7.6 (/opt/ros/dashing/share/ament_cmake_gtest/cmake)\n'}
[14.946725] (grasp_ros2) StdoutLine: {'line': b"-- Found gtest sources under '/opt/ros/dashing/src/gtest_vendor': C++ tests using 'Google Test' will be built\n"}
[14.952254] (grasp_ros2) StdoutLine: {'line': b'-- Check if compiler accepts -pthread\n'}
[14.998404] (grasp_ros2) StdoutLine: {'line': b'-- Check if compiler accepts -pthread - yes\n'}
[15.027013] (-) TimerEvent: {}
[15.127272] (-) TimerEvent: {}
[15.181220] (grasp_ros2) StdoutLine: {'line': b"-- Added test 'copyright' to check for copyright in CMake / C / C++ / Python code\n"}
[15.183756] (grasp_ros2) StdoutLine: {'line': b"-- Added test 'cppcheck' to perform static code analysis on C / C++ code\n"}
[15.197635] (grasp_ros2) StdoutLine: {'line': b'-- Configured cppcheck include dirs: /root/ros2_ws/src/ros2_grasp_library/grasp_ros2/include;/root/ros2_ws/src/ros2_grasp_library/grasp_ros2/if;/root/ros2_ws/src/ros2_grasp_library/grasp_ros2/(;/root/ros2_ws/src/ros2_grasp_library/grasp_ros2/BUILD_RECOGNIZE_PICK;/root/ros2_ws/src/ros2_grasp_library/grasp_ros2/STREQUAL;/root/ros2_ws/src/ros2_grasp_library/grasp_ros2/ON;/root/ros2_ws/src/ros2_grasp_library/grasp_ros2/);/root/ros2_ws/src/ros2_grasp_library/grasp_ros2/endif\n'}
[15.199793] (grasp_ros2) StdoutLine: {'line': b"-- Added test 'cpplint' to check C / C++ code against the Google style\n"}
[15.201449] (grasp_ros2) StdoutLine: {'line': b"-- Added test 'lint_cmake' to check CMake code style\n"}
[15.203766] (grasp_ros2) StdoutLine: {'line': b"-- Added test 'uncrustify' to check C / C++ code style\n"}
[15.204966] (grasp_ros2) StdoutLine: {'line': b"-- Added test 'xmllint' to check XML markup files\n"}
[15.212457] (grasp_ros2) StdoutLine: {'line': b'-- Configuring done\n'}
[15.227408] (-) TimerEvent: {}
[15.327667] (-) TimerEvent: {}
[15.427978] (-) TimerEvent: {}
[15.528283] (-) TimerEvent: {}
[15.628622] (-) TimerEvent: {}
[15.692040] (grasp_ros2) StdoutLine: {'line': b'-- Generating done\n'}
[15.696039] (grasp_ros2) StdoutLine: {'line': b'-- Build files have been written to: /root/ros2_ws/build/grasp_ros2\n'}
[15.706625] (grasp_ros2) CommandEnded: {'returncode': 0}
[15.708561] (grasp_ros2) JobProgress: {'identifier': 'grasp_ros2', 'progress': 'build'}
[15.708690] (grasp_ros2) Command: {'cmd': ['/usr/local/bin/cmake', '--build', '/root/ros2_ws/build/grasp_ros2', '--', '-j16', '-l16'], 'cwd': '/root/ros2_ws/build/grasp_ros2', 'env': OrderedDict([('LESSOPEN', '| /usr/bin/lesspipe %s'), ('HOSTNAME', '1bd1ca9b3cba'), ('LD_LIBRARY_PATH', '/root/ros2_ws/install/moveit_msgs/lib:/root/ros2_ws/install/grasp_msgs/lib:/opt/ros/dashing/opt/yaml_cpp_vendor/lib:/opt/ros/dashing/opt/rviz_ogre_vendor/lib:/opt/ros/dashing/lib'), ('SHLVL', '1'), ('OLDPWD', '/root'), ('HOME', '/root'), ('ROS_PYTHON_VERSION', '3'), ('ROS_DISTRO', 'dashing'), ('_', '/usr/bin/colcon'), ('ROS_VERSION', '2'), ('TERM', 'xterm'), ('PATH', '/opt/ros/dashing/bin:/usr/local/sbin:/usr/local/bin:/usr/sbin:/usr/bin:/sbin:/bin'), ('DISPLAY', ':0'), ('LS_COLORS', 'rs=0:di=01;34:ln=01;36:mh=00:pi=40;33:so=01;35:do=01;35:bd=40;33;01:cd=40;33;01:or=40;31;01:mi=00:su=37;41:sg=30;43:ca=30;41:tw=30;42:ow=34;42:st=37;44:ex=01;32:*.tar=01;31:*.tgz=01;31:*.arc=01;31:*.arj=01;31:*.taz=01;31:*.lha=01;31:*.lz4=01;31:*.lzh=01;31:*.lzma=01;31:*.tlz=01;31:*.txz=01;31:*.tzo=01;31:*.t7z=01;31:*.zip=01;31:*.z=01;31:*.Z=01;31:*.dz=01;31:*.gz=01;31:*.lrz=01;31:*.lz=01;31:*.lzo=01;31:*.xz=01;31:*.zst=01;31:*.tzst=01;31:*.bz2=01;31:*.bz=01;31:*.tbz=01;31:*.tbz2=01;31:*.tz=01;31:*.deb=01;31:*.rpm=01;31:*.jar=01;31:*.war=01;31:*.ear=01;31:*.sar=01;31:*.rar=01;31:*.alz=01;31:*.ace=01;31:*.zoo=01;31:*.cpio=01;31:*.7z=01;31:*.rz=01;31:*.cab=01;31:*.wim=01;31:*.swm=01;31:*.dwm=01;31:*.esd=01;31:*.jpg=01;35:*.jpeg=01;35:*.mjpg=01;35:*.mjpeg=01;35:*.gif=01;35:*.bmp=01;35:*.pbm=01;35:*.pgm=01;35:*.ppm=01;35:*.tga=01;35:*.xbm=01;35:*.xpm=01;35:*.tif=01;35:*.tiff=01;35:*.png=01;35:*.svg=01;35:*.svgz=01;35:*.mng=01;35:*.pcx=01;35:*.mov=01;35:*.mpg=01;35:*.mpeg=01;35:*.m2v=01;35:*.mkv=01;35:*.webm=01;35:*.ogm=01;35:*.mp4=01;35:*.m4v=01;35:*.mp4v=01;35:*.vob=01;35:*.qt=01;35:*.nuv=01;35:*.wmv=01;35:*.asf=01;35:*.rm=01;35:*.rmvb=01;35:*.flc=01;35:*.avi=01;35:*.fli=01;35:*.flv=01;35:*.gl=01;35:*.dl=01;35:*.xcf=01;35:*.xwd=01;35:*.yuv=01;35:*.cgm=01;35:*.emf=01;35:*.ogv=01;35:*.ogx=01;35:*.aac=00;36:*.au=00;36:*.flac=00;36:*.m4a=00;36:*.mid=00;36:*.midi=00;36:*.mka=00;36:*.mp3=00;36:*.mpc=00;36:*.ogg=00;36:*.ra=00;36:*.wav=00;36:*.oga=00;36:*.opus=00;36:*.spx=00;36:*.xspf=00;36:'), ('AMENT_PREFIX_PATH', '/root/ros2_ws/install/moveit_msgs:/root/ros2_ws/install/grasp_msgs:/opt/ros/dashing'), ('LESSCLOSE', '/usr/bin/lesspipe %s %s'), ('PWD', '/root/ros2_ws/build/grasp_ros2'), ('PYTHONPATH', '/root/ros2_ws/install/moveit_msgs/lib/python3.6/site-packages:/root/ros2_ws/install/grasp_msgs/lib/python3.6/site-packages:/opt/ros/dashing/lib/python3.6/site-packages'), ('NVIDIA_VISIBLE_DEVICES', 'all'), ('COLCON', '1'), ('CMAKE_PREFIX_PATH', '/root/ros2_ws/install/moveit_msgs:/root/ros2_ws/install/grasp_msgs:/opt/ros/dashing')]), 'shell': False}
[15.728782] (-) TimerEvent: {}
[15.729828] (grasp_ros2) StdoutLine: {'line': b'\x1b[35m\x1b[1mScanning dependencies of target gtest\x1b[0m\n'}
[15.730079] (grasp_ros2) StdoutLine: {'line': b'\x1b[35m\x1b[1mScanning dependencies of target grasp_plan\x1b[0m\n'}
[15.730136] (grasp_ros2) StdoutLine: {'line': b'\x1b[35m\x1b[1mScanning dependencies of target gtest_main\x1b[0m\n'}
[15.730303] (grasp_ros2) StdoutLine: {'line': b'\x1b[35m\x1b[1mScanning dependencies of target grasp_detect\x1b[0m\n'}
[15.750421] (grasp_ros2) StdoutLine: {'line': b'[  5%] \x1b[32mBuilding CXX object gtest/CMakeFiles/gtest_main.dir/src/gtest_main.cc.o\x1b[0m\n'}
[15.761552] (grasp_ros2) StdoutLine: {'line': b'[ 11%] \x1b[32mBuilding CXX object gtest/CMakeFiles/gtest.dir/src/gtest-all.cc.o\x1b[0m\n'}
[15.806451] (grasp_ros2) StdoutLine: {'line': b'[ 17%] \x1b[32mBuilding CXX object CMakeFiles/grasp_plan.dir/src/consts.cpp.o\x1b[0m\n'}
[15.809003] (grasp_ros2) StdoutLine: {'line': b'[ 23%] \x1b[32mBuilding CXX object CMakeFiles/grasp_plan.dir/src/ros_params.cpp.o\x1b[0m\n'}
[15.809236] (grasp_ros2) StdoutLine: {'line': b'[ 29%] \x1b[32mBuilding CXX object CMakeFiles/grasp_plan.dir/src/grasp_planner.cpp.o\x1b[0m\n'}
[15.828912] (-) TimerEvent: {}
[15.871481] (grasp_ros2) StdoutLine: {'line': b'[ 35%] \x1b[32mBuilding CXX object CMakeFiles/grasp_detect.dir/src/consts.cpp.o\x1b[0m\n'}
[15.874688] (grasp_ros2) StdoutLine: {'line': b'[ 41%] \x1b[32mBuilding CXX object CMakeFiles/grasp_detect.dir/src/ros_params.cpp.o\x1b[0m\n'}
[15.878596] (grasp_ros2) StdoutLine: {'line': b'[ 47%] \x1b[32mBuilding CXX object CMakeFiles/grasp_detect.dir/src/grasp_detector_gpd.cpp.o\x1b[0m\n'}
[15.929034] (-) TimerEvent: {}
[16.029404] (-) TimerEvent: {}
[16.127474] (realsense_ros) StdoutLine: {'line': b'[100%] \x1b[32m\x1b[1mLinking CXX executable camera_core\x1b[0m\n'}
[16.129477] (-) TimerEvent: {}
[16.139981] (grasp_ros2) StdoutLine: {'line': b'[ 52%] \x1b[32m\x1b[1mLinking CXX static library libgtest_main.a\x1b[0m\n'}
[16.150388] (grasp_ros2) StdoutLine: {'line': b'[ 52%] Built target gtest_main\n'}
[16.229642] (-) TimerEvent: {}
[16.330090] (-) TimerEvent: {}
[16.430474] (-) TimerEvent: {}
[16.530814] (-) TimerEvent: {}
[16.631263] (-) TimerEvent: {}
[16.731719] (-) TimerEvent: {}
[16.770873] (realsense_ros) StdoutLine: {'line': b'[100%] Built target camera_core\n'}
[16.775085] (realsense_ros) CommandEnded: {'returncode': 0}
[16.795887] (realsense_ros) JobProgress: {'identifier': 'realsense_ros', 'progress': 'install'}
[16.796519] (realsense_ros) Command: {'cmd': ['/usr/local/bin/cmake', '--build', '/root/ros2_ws/build/realsense_ros', '--target', 'install', '--', '-j16', '-l16'], 'cwd': '/root/ros2_ws/build/realsense_ros', 'env': OrderedDict([('LESSOPEN', '| /usr/bin/lesspipe %s'), ('HOSTNAME', '1bd1ca9b3cba'), ('LD_LIBRARY_PATH', '/root/ros2_ws/install/realsense_msgs/lib:/opt/ros/dashing/opt/yaml_cpp_vendor/lib:/opt/ros/dashing/opt/rviz_ogre_vendor/lib:/opt/ros/dashing/lib'), ('SHLVL', '1'), ('OLDPWD', '/root'), ('HOME', '/root'), ('ROS_PYTHON_VERSION', '3'), ('ROS_DISTRO', 'dashing'), ('_', '/usr/bin/colcon'), ('ROS_VERSION', '2'), ('TERM', 'xterm'), ('PATH', '/opt/ros/dashing/bin:/usr/local/sbin:/usr/local/bin:/usr/sbin:/usr/bin:/sbin:/bin'), ('DISPLAY', ':0'), ('LS_COLORS', 'rs=0:di=01;34:ln=01;36:mh=00:pi=40;33:so=01;35:do=01;35:bd=40;33;01:cd=40;33;01:or=40;31;01:mi=00:su=37;41:sg=30;43:ca=30;41:tw=30;42:ow=34;42:st=37;44:ex=01;32:*.tar=01;31:*.tgz=01;31:*.arc=01;31:*.arj=01;31:*.taz=01;31:*.lha=01;31:*.lz4=01;31:*.lzh=01;31:*.lzma=01;31:*.tlz=01;31:*.txz=01;31:*.tzo=01;31:*.t7z=01;31:*.zip=01;31:*.z=01;31:*.Z=01;31:*.dz=01;31:*.gz=01;31:*.lrz=01;31:*.lz=01;31:*.lzo=01;31:*.xz=01;31:*.zst=01;31:*.tzst=01;31:*.bz2=01;31:*.bz=01;31:*.tbz=01;31:*.tbz2=01;31:*.tz=01;31:*.deb=01;31:*.rpm=01;31:*.jar=01;31:*.war=01;31:*.ear=01;31:*.sar=01;31:*.rar=01;31:*.alz=01;31:*.ace=01;31:*.zoo=01;31:*.cpio=01;31:*.7z=01;31:*.rz=01;31:*.cab=01;31:*.wim=01;31:*.swm=01;31:*.dwm=01;31:*.esd=01;31:*.jpg=01;35:*.jpeg=01;35:*.mjpg=01;35:*.mjpeg=01;35:*.gif=01;35:*.bmp=01;35:*.pbm=01;35:*.pgm=01;35:*.ppm=01;35:*.tga=01;35:*.xbm=01;35:*.xpm=01;35:*.tif=01;35:*.tiff=01;35:*.png=01;35:*.svg=01;35:*.svgz=01;35:*.mng=01;35:*.pcx=01;35:*.mov=01;35:*.mpg=01;35:*.mpeg=01;35:*.m2v=01;35:*.mkv=01;35:*.webm=01;35:*.ogm=01;35:*.mp4=01;35:*.m4v=01;35:*.mp4v=01;35:*.vob=01;35:*.qt=01;35:*.nuv=01;35:*.wmv=01;35:*.asf=01;35:*.rm=01;35:*.rmvb=01;35:*.flc=01;35:*.avi=01;35:*.fli=01;35:*.flv=01;35:*.gl=01;35:*.dl=01;35:*.xcf=01;35:*.xwd=01;35:*.yuv=01;35:*.cgm=01;35:*.emf=01;35:*.ogv=01;35:*.ogx=01;35:*.aac=00;36:*.au=00;36:*.flac=00;36:*.m4a=00;36:*.mid=00;36:*.midi=00;36:*.mka=00;36:*.mp3=00;36:*.mpc=00;36:*.ogg=00;36:*.ra=00;36:*.wav=00;36:*.oga=00;36:*.opus=00;36:*.spx=00;36:*.xspf=00;36:'), ('AMENT_PREFIX_PATH', '/root/ros2_ws/install/realsense_msgs:/opt/ros/dashing'), ('LESSCLOSE', '/usr/bin/lesspipe %s %s'), ('PWD', '/root/ros2_ws/build/realsense_ros'), ('PYTHONPATH', '/root/ros2_ws/install/realsense_msgs/lib/python3.6/site-packages:/opt/ros/dashing/lib/python3.6/site-packages'), ('NVIDIA_VISIBLE_DEVICES', 'all'), ('COLCON', '1'), ('CMAKE_PREFIX_PATH', '/root/ros2_ws/install/realsense_msgs:/opt/ros/dashing')]), 'shell': False}
[16.819362] (realsense_ros) StdoutLine: {'line': b'[ 16%] Built target gtest\n'}
[16.819566] (realsense_ros) StdoutLine: {'line': b'[ 33%] Built target gtest_main\n'}
[16.831831] (-) TimerEvent: {}
[16.835369] (realsense_ros) StdoutLine: {'line': b'[ 83%] Built target realsense_ros\n'}
[16.853471] (realsense_ros) StdoutLine: {'line': b'[100%] Built target camera_core\n'}
[16.859183] (realsense_ros) StdoutLine: {'line': b'\x1b[36mInstall the project...\x1b[0m\n'}
[16.861997] (realsense_ros) StdoutLine: {'line': b'-- Install configuration: ""\n'}
[16.863385] (realsense_ros) StdoutLine: {'line': b'-- Execute custom install script\n'}
[16.864172] (realsense_ros) StdoutLine: {'line': b'-- Symlinking: /root/ros2_ws/install/realsense_ros/lib/librealsense_ros.so\n'}
[16.867887] (realsense_ros) StdoutLine: {'line': b'-- Symlinking: /root/ros2_ws/install/realsense_ros/include/realsense/rs_base.hpp\n'}
[16.870588] (realsense_ros) StdoutLine: {'line': b'-- Symlinking: /root/ros2_ws/install/realsense_ros/include/realsense/rs_constants.hpp\n'}
[16.873015] (realsense_ros) StdoutLine: {'line': b'-- Symlinking: /root/ros2_ws/install/realsense_ros/include/realsense/rs_d435.hpp\n'}
[16.875275] (realsense_ros) StdoutLine: {'line': b'-- Symlinking: /root/ros2_ws/install/realsense_ros/include/realsense/rs_d435i.hpp\n'}
[16.877358] (realsense_ros) StdoutLine: {'line': b'-- Symlinking: /root/ros2_ws/install/realsense_ros/include/realsense/rs_factory.hpp\n'}
[16.879579] (realsense_ros) StdoutLine: {'line': b'-- Symlinking: /root/ros2_ws/install/realsense_ros/include/realsense/rs_t265.hpp\n'}
[16.881960] (realsense_ros) StdoutLine: {'line': b'-- Symlinking: /root/ros2_ws/install/realsense_ros/share/realsense_ros/environment/library_path.sh\n'}
[16.884516] (realsense_ros) StdoutLine: {'line': b'-- Symlinking: /root/ros2_ws/install/realsense_ros/share/ament_index/resource_index/package_run_dependencies/realsense_ros\n'}
[16.887006] (realsense_ros) StdoutLine: {'line': b'-- Symlinking: /root/ros2_ws/install/realsense_ros/share/ament_index/resource_index/parent_prefix_path/realsense_ros\n'}
[16.889280] (realsense_ros) StdoutLine: {'line': b'-- Symlinking: /root/ros2_ws/install/realsense_ros/share/realsense_ros/environment/ament_prefix_path.sh\n'}
[16.891697] (realsense_ros) StdoutLine: {'line': b'-- Symlinking: /root/ros2_ws/install/realsense_ros/share/realsense_ros/environment/path.sh\n'}
[16.893961] (realsense_ros) StdoutLine: {'line': b'-- Symlinking: /root/ros2_ws/install/realsense_ros/share/realsense_ros/local_setup.bash\n'}
[16.896394] (realsense_ros) StdoutLine: {'line': b'-- Symlinking: /root/ros2_ws/install/realsense_ros/share/realsense_ros/local_setup.sh\n'}
[16.898805] (realsense_ros) StdoutLine: {'line': b'-- Symlinking: /root/ros2_ws/install/realsense_ros/share/realsense_ros/local_setup.zsh\n'}
[16.901264] (realsense_ros) StdoutLine: {'line': b'-- Symlinking: /root/ros2_ws/install/realsense_ros/share/ament_index/resource_index/packages/realsense_ros\n'}
[16.903907] (realsense_ros) StdoutLine: {'line': b'-- Symlinking: /root/ros2_ws/install/realsense_ros/share/ament_index/resource_index/rclcpp_components/realsense_ros\n'}
[16.906730] (realsense_ros) StdoutLine: {'line': b'-- Symlinking: /root/ros2_ws/install/realsense_ros/share/realsense_ros/cmake/ament_cmake_export_include_directories-extras.cmake\n'}
[16.909260] (realsense_ros) StdoutLine: {'line': b'-- Symlinking: /root/ros2_ws/install/realsense_ros/share/realsense_ros/cmake/ament_cmake_export_libraries-extras.cmake\n'}
[16.911908] (realsense_ros) StdoutLine: {'line': b'-- Symlinking: /root/ros2_ws/install/realsense_ros/share/realsense_ros/cmake/realsense_rosConfig.cmake\n'}
[16.914338] (realsense_ros) StdoutLine: {'line': b'-- Symlinking: /root/ros2_ws/install/realsense_ros/share/realsense_ros/cmake/realsense_rosConfig-version.cmake\n'}
[16.916759] (realsense_ros) StdoutLine: {'line': b'-- Symlinking: /root/ros2_ws/install/realsense_ros/share/realsense_ros/package.xml\n'}
[16.921020] (realsense_ros) CommandEnded: {'returncode': 0}
[16.931966] (-) TimerEvent: {}
[16.957078] (realsense_ros) JobEnded: {'identifier': 'realsense_ros', 'rc': 0}
[16.957722] (realsense_node) JobStarted: {'identifier': 'realsense_node'}
[16.966068] (realsense_node) JobProgress: {'identifier': 'realsense_node', 'progress': 'cmake'}
[16.966622] (realsense_node) Command: {'cmd': ['/usr/local/bin/cmake', '/root/ros2_ws/src/ros2_intel_realsense/realsense_node', '-DAMENT_CMAKE_SYMLINK_INSTALL=1', '-DCMAKE_INSTALL_PREFIX=/root/ros2_ws/install/realsense_node'], 'cwd': '/root/ros2_ws/build/realsense_node', 'env': OrderedDict([('LESSOPEN', '| /usr/bin/lesspipe %s'), ('HOSTNAME', '1bd1ca9b3cba'), ('LD_LIBRARY_PATH', '/root/ros2_ws/install/realsense_ros/lib:/root/ros2_ws/install/realsense_msgs/lib:/opt/ros/dashing/opt/yaml_cpp_vendor/lib:/opt/ros/dashing/opt/rviz_ogre_vendor/lib:/opt/ros/dashing/lib'), ('SHLVL', '1'), ('OLDPWD', '/root'), ('HOME', '/root'), ('ROS_PYTHON_VERSION', '3'), ('ROS_DISTRO', 'dashing'), ('_', '/usr/bin/colcon'), ('ROS_VERSION', '2'), ('TERM', 'xterm'), ('PATH', '/opt/ros/dashing/bin:/usr/local/sbin:/usr/local/bin:/usr/sbin:/usr/bin:/sbin:/bin'), ('DISPLAY', ':0'), ('LS_COLORS', 'rs=0:di=01;34:ln=01;36:mh=00:pi=40;33:so=01;35:do=01;35:bd=40;33;01:cd=40;33;01:or=40;31;01:mi=00:su=37;41:sg=30;43:ca=30;41:tw=30;42:ow=34;42:st=37;44:ex=01;32:*.tar=01;31:*.tgz=01;31:*.arc=01;31:*.arj=01;31:*.taz=01;31:*.lha=01;31:*.lz4=01;31:*.lzh=01;31:*.lzma=01;31:*.tlz=01;31:*.txz=01;31:*.tzo=01;31:*.t7z=01;31:*.zip=01;31:*.z=01;31:*.Z=01;31:*.dz=01;31:*.gz=01;31:*.lrz=01;31:*.lz=01;31:*.lzo=01;31:*.xz=01;31:*.zst=01;31:*.tzst=01;31:*.bz2=01;31:*.bz=01;31:*.tbz=01;31:*.tbz2=01;31:*.tz=01;31:*.deb=01;31:*.rpm=01;31:*.jar=01;31:*.war=01;31:*.ear=01;31:*.sar=01;31:*.rar=01;31:*.alz=01;31:*.ace=01;31:*.zoo=01;31:*.cpio=01;31:*.7z=01;31:*.rz=01;31:*.cab=01;31:*.wim=01;31:*.swm=01;31:*.dwm=01;31:*.esd=01;31:*.jpg=01;35:*.jpeg=01;35:*.mjpg=01;35:*.mjpeg=01;35:*.gif=01;35:*.bmp=01;35:*.pbm=01;35:*.pgm=01;35:*.ppm=01;35:*.tga=01;35:*.xbm=01;35:*.xpm=01;35:*.tif=01;35:*.tiff=01;35:*.png=01;35:*.svg=01;35:*.svgz=01;35:*.mng=01;35:*.pcx=01;35:*.mov=01;35:*.mpg=01;35:*.mpeg=01;35:*.m2v=01;35:*.mkv=01;35:*.webm=01;35:*.ogm=01;35:*.mp4=01;35:*.m4v=01;35:*.mp4v=01;35:*.vob=01;35:*.qt=01;35:*.nuv=01;35:*.wmv=01;35:*.asf=01;35:*.rm=01;35:*.rmvb=01;35:*.flc=01;35:*.avi=01;35:*.fli=01;35:*.flv=01;35:*.gl=01;35:*.dl=01;35:*.xcf=01;35:*.xwd=01;35:*.yuv=01;35:*.cgm=01;35:*.emf=01;35:*.ogv=01;35:*.ogx=01;35:*.aac=00;36:*.au=00;36:*.flac=00;36:*.m4a=00;36:*.mid=00;36:*.midi=00;36:*.mka=00;36:*.mp3=00;36:*.mpc=00;36:*.ogg=00;36:*.ra=00;36:*.wav=00;36:*.oga=00;36:*.opus=00;36:*.spx=00;36:*.xspf=00;36:'), ('AMENT_PREFIX_PATH', '/root/ros2_ws/install/realsense_ros:/root/ros2_ws/install/realsense_msgs:/opt/ros/dashing'), ('LESSCLOSE', '/usr/bin/lesspipe %s %s'), ('PWD', '/root/ros2_ws/build/realsense_node'), ('PYTHONPATH', '/root/ros2_ws/install/realsense_msgs/lib/python3.6/site-packages:/opt/ros/dashing/lib/python3.6/site-packages'), ('NVIDIA_VISIBLE_DEVICES', 'all'), ('COLCON', '1'), ('CMAKE_PREFIX_PATH', '/root/ros2_ws/install/realsense_ros:/root/ros2_ws/install/realsense_msgs:/opt/ros/dashing')]), 'shell': False}
[17.032078] (-) TimerEvent: {}
[17.047886] (realsense_node) StdoutLine: {'line': b'-- The C compiler identification is GNU 7.5.0\n'}
[17.131145] (realsense_node) StdoutLine: {'line': b'-- The CXX compiler identification is GNU 7.5.0\n'}
[17.132146] (-) TimerEvent: {}
[17.153388] (realsense_node) StdoutLine: {'line': b'-- Check for working C compiler: /usr/bin/cc\n'}
[17.209319] (realsense_node) StdoutLine: {'line': b'-- Check for working C compiler: /usr/bin/cc -- works\n'}
[17.213828] (realsense_node) StdoutLine: {'line': b'-- Detecting C compiler ABI info\n'}
[17.232347] (-) TimerEvent: {}
[17.269829] (realsense_node) StdoutLine: {'line': b'-- Detecting C compiler ABI info - done\n'}
[17.321873] (realsense_node) StdoutLine: {'line': b'-- Detecting C compile features\n'}
[17.332453] (-) TimerEvent: {}
[17.432803] (-) TimerEvent: {}
[17.462720] (realsense_node) StdoutLine: {'line': b'-- Detecting C compile features - done\n'}
[17.470394] (realsense_node) StdoutLine: {'line': b'-- Check for working CXX compiler: /usr/bin/c++\n'}
[17.522542] (realsense_node) StdoutLine: {'line': b'-- Check for working CXX compiler: /usr/bin/c++ -- works\n'}
[17.525543] (realsense_node) StdoutLine: {'line': b'-- Detecting CXX compiler ABI info\n'}
[17.532906] (-) TimerEvent: {}
[17.578577] (realsense_node) StdoutLine: {'line': b'-- Detecting CXX compiler ABI info - done\n'}
[17.619947] (realsense_node) StdoutLine: {'line': b'-- Detecting CXX compile features\n'}
[17.633033] (-) TimerEvent: {}
[17.663200] (grasp_ros2) StdoutLine: {'line': b'[ 58%] \x1b[32m\x1b[1mLinking CXX static library libgtest.a\x1b[0m\n'}
[17.687679] (grasp_ros2) StdoutLine: {'line': b'[ 58%] Built target gtest\n'}
[17.692172] (grasp_ros2) StdoutLine: {'line': b'\x1b[35m\x1b[1mScanning dependencies of target tgrasp_ros2\x1b[0m\n'}
[17.733149] (-) TimerEvent: {}
[17.803659] (grasp_ros2) StdoutLine: {'line': b'[ 70%] \x1b[32mBuilding CXX object tests/CMakeFiles/tgrasp_ros2.dir/__/src/consts.cpp.o\x1b[0m\n'}
[17.803873] (grasp_ros2) StdoutLine: {'line': b'[ 70%] \x1b[32mBuilding CXX object tests/CMakeFiles/tgrasp_ros2.dir/tgrasp_ros2.cpp.o\x1b[0m\n'}
[17.833269] (-) TimerEvent: {}
[17.871141] (realsense_node) StdoutLine: {'line': b'-- Detecting CXX compile features - done\n'}
[17.872666] (realsense_node) StdoutLine: {'line': b'-- Create Debug Build.\n'}
[17.874740] (realsense_node) StdoutLine: {'line': b'-- Found ament_cmake: 0.7.6 (/opt/ros/dashing/share/ament_cmake/cmake)\n'}
[17.900488] (realsense_node) StdoutLine: {'line': b'-- Found PythonInterp: /usr/bin/python3 (found suitable version "3.6.9", minimum required is "3") \n'}
[17.900681] (realsense_node) StdoutLine: {'line': b'-- Using PYTHON_EXECUTABLE: /usr/bin/python3\n'}
[17.933370] (-) TimerEvent: {}
[18.006180] (realsense_node) StdoutLine: {'line': b'-- Override CMake install command with custom implementation using symlinks instead of copying resources\n'}
[18.033491] (-) TimerEvent: {}
[18.035565] (realsense_node) StdoutLine: {'line': b'-- Found rclcpp: 0.7.16 (/opt/ros/dashing/share/rclcpp/cmake)\n'}
[18.085545] (realsense_node) StdoutLine: {'line': b'-- Found rosidl_adapter: 0.7.10 (/opt/ros/dashing/share/rosidl_adapter/cmake)\n'}
[18.133701] (-) TimerEvent: {}
[18.219425] (realsense_node) StdoutLine: {'line': b'-- Found rmw_implementation_cmake: 0.7.2 (/opt/ros/dashing/share/rmw_implementation_cmake/cmake)\n'}
[18.223936] (realsense_node) StdoutLine: {'line': b"-- Using RMW implementation 'rmw_fastrtps_cpp' as default\n"}
[18.226296] (realsense_node) StdoutLine: {'line': b'-- Looking for pthread.h\n'}
[18.233771] (-) TimerEvent: {}
[18.277026] (realsense_node) StdoutLine: {'line': b'-- Looking for pthread.h - found\n'}
[18.277574] (realsense_node) StdoutLine: {'line': b'-- Looking for pthread_create\n'}
[18.327380] (realsense_node) StdoutLine: {'line': b'-- Looking for pthread_create - not found\n'}
[18.327705] (realsense_node) StdoutLine: {'line': b'-- Looking for pthread_create in pthreads\n'}
[18.333846] (-) TimerEvent: {}
[18.368239] (realsense_node) StdoutLine: {'line': b'-- Looking for pthread_create in pthreads - not found\n'}
[18.368505] (realsense_node) StdoutLine: {'line': b'-- Looking for pthread_create in pthread\n'}
[18.416480] (realsense_node) StdoutLine: {'line': b'-- Looking for pthread_create in pthread - found\n'}
[18.419095] (realsense_node) StdoutLine: {'line': b'-- Found Threads: TRUE  \n'}
[18.433946] (-) TimerEvent: {}
[18.505675] (realsense_node) StdoutLine: {'line': b'-- Found nav_msgs: 0.7.1 (/opt/ros/dashing/share/nav_msgs/cmake)\n'}
[18.534128] (-) TimerEvent: {}
[18.582335] (realsense_node) StdoutLine: {'line': b'-- Found sensor_msgs: 0.7.1 (/opt/ros/dashing/share/sensor_msgs/cmake)\n'}
[18.634321] (-) TimerEvent: {}
[18.651174] (realsense_node) StdoutLine: {'line': b'-- Found OpenCV: /usr (found version "3.2.0") \n'}
[18.653192] (realsense_node) StdoutLine: {'line': b'-- Found tf2: 0.11.6 (/opt/ros/dashing/share/tf2/cmake)\n'}
[18.664238] (realsense_node) StdoutLine: {'line': b'-- Found tf2_ros: 0.11.6 (/opt/ros/dashing/share/tf2_ros/cmake)\n'}
[18.734498] (-) TimerEvent: {}
[18.824809] (realsense_node) StdoutLine: {'line': b'-- Found realsense_ros: 2.0.8 (/root/ros2_ws/install/realsense_ros/share/realsense_ros/cmake)\n'}
[18.830241] (realsense_node) StdoutLine: {'line': b'-- Found realsense_msgs: 2.0.8 (/root/ros2_ws/install/realsense_msgs/share/realsense_msgs/cmake)\n'}
[18.834581] (-) TimerEvent: {}
[18.934899] (-) TimerEvent: {}
[19.035220] (-) TimerEvent: {}
[19.043119] (realsense_node) StdoutLine: {'line': b'-- Found ament_lint_auto: 0.7.12 (/opt/ros/dashing/share/ament_lint_auto/cmake)\n'}
[19.123073] (realsense_node) StdoutLine: {'line': b"-- Added test 'copyright' to check for copyright in CMake / C / C++ / Python code\n"}
[19.124999] (realsense_node) StdoutLine: {'line': b"-- Added test 'cppcheck' to perform static code analysis on C / C++ code\n"}
[19.125886] (realsense_node) StdoutLine: {'line': b'-- Configured cppcheck include dirs: /root/ros2_ws/src/ros2_intel_realsense/realsense_node/include\n'}
[19.127385] (realsense_node) StdoutLine: {'line': b"-- Added test 'cpplint' to check C / C++ code against the Google style\n"}
[19.128902] (realsense_node) StdoutLine: {'line': b"-- Added test 'lint_cmake' to check CMake code style\n"}
[19.130452] (realsense_node) StdoutLine: {'line': b"-- Added test 'uncrustify' to check C / C++ code style\n"}
[19.131756] (realsense_node) StdoutLine: {'line': b"-- Added test 'xmllint' to check XML markup files\n"}
[19.135291] (-) TimerEvent: {}
[19.136972] (realsense_node) StdoutLine: {'line': b'-- Configuring done\n'}
[19.190080] (realsense_node) StdoutLine: {'line': b'-- Generating done\n'}
[19.192306] (realsense_node) StdoutLine: {'line': b'-- Build files have been written to: /root/ros2_ws/build/realsense_node\n'}
[19.197375] (realsense_node) CommandEnded: {'returncode': 0}
[19.200106] (realsense_node) JobProgress: {'identifier': 'realsense_node', 'progress': 'build'}
[19.200263] (realsense_node) Command: {'cmd': ['/usr/local/bin/cmake', '--build', '/root/ros2_ws/build/realsense_node', '--', '-j16', '-l16'], 'cwd': '/root/ros2_ws/build/realsense_node', 'env': OrderedDict([('LESSOPEN', '| /usr/bin/lesspipe %s'), ('HOSTNAME', '1bd1ca9b3cba'), ('LD_LIBRARY_PATH', '/root/ros2_ws/install/realsense_ros/lib:/root/ros2_ws/install/realsense_msgs/lib:/opt/ros/dashing/opt/yaml_cpp_vendor/lib:/opt/ros/dashing/opt/rviz_ogre_vendor/lib:/opt/ros/dashing/lib'), ('SHLVL', '1'), ('OLDPWD', '/root'), ('HOME', '/root'), ('ROS_PYTHON_VERSION', '3'), ('ROS_DISTRO', 'dashing'), ('_', '/usr/bin/colcon'), ('ROS_VERSION', '2'), ('TERM', 'xterm'), ('PATH', '/opt/ros/dashing/bin:/usr/local/sbin:/usr/local/bin:/usr/sbin:/usr/bin:/sbin:/bin'), ('DISPLAY', ':0'), ('LS_COLORS', 'rs=0:di=01;34:ln=01;36:mh=00:pi=40;33:so=01;35:do=01;35:bd=40;33;01:cd=40;33;01:or=40;31;01:mi=00:su=37;41:sg=30;43:ca=30;41:tw=30;42:ow=34;42:st=37;44:ex=01;32:*.tar=01;31:*.tgz=01;31:*.arc=01;31:*.arj=01;31:*.taz=01;31:*.lha=01;31:*.lz4=01;31:*.lzh=01;31:*.lzma=01;31:*.tlz=01;31:*.txz=01;31:*.tzo=01;31:*.t7z=01;31:*.zip=01;31:*.z=01;31:*.Z=01;31:*.dz=01;31:*.gz=01;31:*.lrz=01;31:*.lz=01;31:*.lzo=01;31:*.xz=01;31:*.zst=01;31:*.tzst=01;31:*.bz2=01;31:*.bz=01;31:*.tbz=01;31:*.tbz2=01;31:*.tz=01;31:*.deb=01;31:*.rpm=01;31:*.jar=01;31:*.war=01;31:*.ear=01;31:*.sar=01;31:*.rar=01;31:*.alz=01;31:*.ace=01;31:*.zoo=01;31:*.cpio=01;31:*.7z=01;31:*.rz=01;31:*.cab=01;31:*.wim=01;31:*.swm=01;31:*.dwm=01;31:*.esd=01;31:*.jpg=01;35:*.jpeg=01;35:*.mjpg=01;35:*.mjpeg=01;35:*.gif=01;35:*.bmp=01;35:*.pbm=01;35:*.pgm=01;35:*.ppm=01;35:*.tga=01;35:*.xbm=01;35:*.xpm=01;35:*.tif=01;35:*.tiff=01;35:*.png=01;35:*.svg=01;35:*.svgz=01;35:*.mng=01;35:*.pcx=01;35:*.mov=01;35:*.mpg=01;35:*.mpeg=01;35:*.m2v=01;35:*.mkv=01;35:*.webm=01;35:*.ogm=01;35:*.mp4=01;35:*.m4v=01;35:*.mp4v=01;35:*.vob=01;35:*.qt=01;35:*.nuv=01;35:*.wmv=01;35:*.asf=01;35:*.rm=01;35:*.rmvb=01;35:*.flc=01;35:*.avi=01;35:*.fli=01;35:*.flv=01;35:*.gl=01;35:*.dl=01;35:*.xcf=01;35:*.xwd=01;35:*.yuv=01;35:*.cgm=01;35:*.emf=01;35:*.ogv=01;35:*.ogx=01;35:*.aac=00;36:*.au=00;36:*.flac=00;36:*.m4a=00;36:*.mid=00;36:*.midi=00;36:*.mka=00;36:*.mp3=00;36:*.mpc=00;36:*.ogg=00;36:*.ra=00;36:*.wav=00;36:*.oga=00;36:*.opus=00;36:*.spx=00;36:*.xspf=00;36:'), ('AMENT_PREFIX_PATH', '/root/ros2_ws/install/realsense_ros:/root/ros2_ws/install/realsense_msgs:/opt/ros/dashing'), ('LESSCLOSE', '/usr/bin/lesspipe %s %s'), ('PWD', '/root/ros2_ws/build/realsense_node'), ('PYTHONPATH', '/root/ros2_ws/install/realsense_msgs/lib/python3.6/site-packages:/opt/ros/dashing/lib/python3.6/site-packages'), ('NVIDIA_VISIBLE_DEVICES', 'all'), ('COLCON', '1'), ('CMAKE_PREFIX_PATH', '/root/ros2_ws/install/realsense_ros:/root/ros2_ws/install/realsense_msgs:/opt/ros/dashing')]), 'shell': False}
[19.219632] (realsense_node) StdoutLine: {'line': b'\x1b[35m\x1b[1mScanning dependencies of target realsense_node\x1b[0m\n'}
[19.235428] (-) TimerEvent: {}
[19.253929] (realsense_node) StdoutLine: {'line': b'[ 50%] \x1b[32mBuilding CXX object CMakeFiles/realsense_node.dir/src/realsense_node.cpp.o\x1b[0m\n'}
[19.335556] (-) TimerEvent: {}
[19.435948] (-) TimerEvent: {}
[19.536362] (-) TimerEvent: {}
[19.636768] (-) TimerEvent: {}
[19.737165] (-) TimerEvent: {}
[19.837551] (-) TimerEvent: {}
[19.937993] (-) TimerEvent: {}
[20.038335] (-) TimerEvent: {}
[20.138733] (-) TimerEvent: {}
[20.239138] (-) TimerEvent: {}
[20.339472] (-) TimerEvent: {}
[20.439882] (-) TimerEvent: {}
[20.540272] (-) TimerEvent: {}
[20.640661] (-) TimerEvent: {}
[20.741070] (-) TimerEvent: {}
[20.841477] (-) TimerEvent: {}
[20.941827] (-) TimerEvent: {}
[21.033811] (realsense_node) StdoutLine: {'line': b'[100%] \x1b[32m\x1b[1mLinking CXX executable realsense_node\x1b[0m\n'}
[21.041939] (-) TimerEvent: {}
[21.142304] (-) TimerEvent: {}
[21.192937] (realsense_node) StdoutLine: {'line': b'[100%] Built target realsense_node\n'}
[21.196617] (realsense_node) CommandEnded: {'returncode': 0}
[21.210568] (realsense_node) JobProgress: {'identifier': 'realsense_node', 'progress': 'install'}
[21.211062] (realsense_node) Command: {'cmd': ['/usr/local/bin/cmake', '--build', '/root/ros2_ws/build/realsense_node', '--target', 'install', '--', '-j16', '-l16'], 'cwd': '/root/ros2_ws/build/realsense_node', 'env': OrderedDict([('LESSOPEN', '| /usr/bin/lesspipe %s'), ('HOSTNAME', '1bd1ca9b3cba'), ('LD_LIBRARY_PATH', '/root/ros2_ws/install/realsense_ros/lib:/root/ros2_ws/install/realsense_msgs/lib:/opt/ros/dashing/opt/yaml_cpp_vendor/lib:/opt/ros/dashing/opt/rviz_ogre_vendor/lib:/opt/ros/dashing/lib'), ('SHLVL', '1'), ('OLDPWD', '/root'), ('HOME', '/root'), ('ROS_PYTHON_VERSION', '3'), ('ROS_DISTRO', 'dashing'), ('_', '/usr/bin/colcon'), ('ROS_VERSION', '2'), ('TERM', 'xterm'), ('PATH', '/opt/ros/dashing/bin:/usr/local/sbin:/usr/local/bin:/usr/sbin:/usr/bin:/sbin:/bin'), ('DISPLAY', ':0'), ('LS_COLORS', 'rs=0:di=01;34:ln=01;36:mh=00:pi=40;33:so=01;35:do=01;35:bd=40;33;01:cd=40;33;01:or=40;31;01:mi=00:su=37;41:sg=30;43:ca=30;41:tw=30;42:ow=34;42:st=37;44:ex=01;32:*.tar=01;31:*.tgz=01;31:*.arc=01;31:*.arj=01;31:*.taz=01;31:*.lha=01;31:*.lz4=01;31:*.lzh=01;31:*.lzma=01;31:*.tlz=01;31:*.txz=01;31:*.tzo=01;31:*.t7z=01;31:*.zip=01;31:*.z=01;31:*.Z=01;31:*.dz=01;31:*.gz=01;31:*.lrz=01;31:*.lz=01;31:*.lzo=01;31:*.xz=01;31:*.zst=01;31:*.tzst=01;31:*.bz2=01;31:*.bz=01;31:*.tbz=01;31:*.tbz2=01;31:*.tz=01;31:*.deb=01;31:*.rpm=01;31:*.jar=01;31:*.war=01;31:*.ear=01;31:*.sar=01;31:*.rar=01;31:*.alz=01;31:*.ace=01;31:*.zoo=01;31:*.cpio=01;31:*.7z=01;31:*.rz=01;31:*.cab=01;31:*.wim=01;31:*.swm=01;31:*.dwm=01;31:*.esd=01;31:*.jpg=01;35:*.jpeg=01;35:*.mjpg=01;35:*.mjpeg=01;35:*.gif=01;35:*.bmp=01;35:*.pbm=01;35:*.pgm=01;35:*.ppm=01;35:*.tga=01;35:*.xbm=01;35:*.xpm=01;35:*.tif=01;35:*.tiff=01;35:*.png=01;35:*.svg=01;35:*.svgz=01;35:*.mng=01;35:*.pcx=01;35:*.mov=01;35:*.mpg=01;35:*.mpeg=01;35:*.m2v=01;35:*.mkv=01;35:*.webm=01;35:*.ogm=01;35:*.mp4=01;35:*.m4v=01;35:*.mp4v=01;35:*.vob=01;35:*.qt=01;35:*.nuv=01;35:*.wmv=01;35:*.asf=01;35:*.rm=01;35:*.rmvb=01;35:*.flc=01;35:*.avi=01;35:*.fli=01;35:*.flv=01;35:*.gl=01;35:*.dl=01;35:*.xcf=01;35:*.xwd=01;35:*.yuv=01;35:*.cgm=01;35:*.emf=01;35:*.ogv=01;35:*.ogx=01;35:*.aac=00;36:*.au=00;36:*.flac=00;36:*.m4a=00;36:*.mid=00;36:*.midi=00;36:*.mka=00;36:*.mp3=00;36:*.mpc=00;36:*.ogg=00;36:*.ra=00;36:*.wav=00;36:*.oga=00;36:*.opus=00;36:*.spx=00;36:*.xspf=00;36:'), ('AMENT_PREFIX_PATH', '/root/ros2_ws/install/realsense_ros:/root/ros2_ws/install/realsense_msgs:/opt/ros/dashing'), ('LESSCLOSE', '/usr/bin/lesspipe %s %s'), ('PWD', '/root/ros2_ws/build/realsense_node'), ('PYTHONPATH', '/root/ros2_ws/install/realsense_msgs/lib/python3.6/site-packages:/opt/ros/dashing/lib/python3.6/site-packages'), ('NVIDIA_VISIBLE_DEVICES', 'all'), ('COLCON', '1'), ('CMAKE_PREFIX_PATH', '/root/ros2_ws/install/realsense_ros:/root/ros2_ws/install/realsense_msgs:/opt/ros/dashing')]), 'shell': False}
[21.242453] (-) TimerEvent: {}
[21.244615] (realsense_node) StdoutLine: {'line': b'[100%] Built target realsense_node\n'}
[21.250279] (realsense_node) StdoutLine: {'line': b'\x1b[36mInstall the project...\x1b[0m\n'}
[21.252876] (realsense_node) StdoutLine: {'line': b'-- Install configuration: ""\n'}
[21.254210] (realsense_node) StdoutLine: {'line': b'-- Execute custom install script\n'}
[21.255093] (realsense_node) StdoutLine: {'line': b'-- Symlinking: /root/ros2_ws/install/realsense_node/lib/realsense_node/realsense_node\n'}
[21.258426] (realsense_node) StdoutLine: {'line': b'-- Symlinking: /root/ros2_ws/install/realsense_node/bin/realsense_node\n'}
[21.261240] (realsense_node) StdoutLine: {'line': b'-- Symlinking: /root/ros2_ws/install/realsense_node/share/ament_index/resource_index/package_run_dependencies/realsense_node\n'}
[21.264083] (realsense_node) StdoutLine: {'line': b'-- Symlinking: /root/ros2_ws/install/realsense_node/share/ament_index/resource_index/parent_prefix_path/realsense_node\n'}
[21.266784] (realsense_node) StdoutLine: {'line': b'-- Symlinking: /root/ros2_ws/install/realsense_node/share/realsense_node/environment/ament_prefix_path.sh\n'}
[21.269424] (realsense_node) StdoutLine: {'line': b'-- Symlinking: /root/ros2_ws/install/realsense_node/share/realsense_node/environment/path.sh\n'}
[21.272178] (realsense_node) StdoutLine: {'line': b'-- Symlinking: /root/ros2_ws/install/realsense_node/share/realsense_node/local_setup.bash\n'}
[21.274667] (realsense_node) StdoutLine: {'line': b'-- Symlinking: /root/ros2_ws/install/realsense_node/share/realsense_node/local_setup.sh\n'}
[21.277158] (realsense_node) StdoutLine: {'line': b'-- Symlinking: /root/ros2_ws/install/realsense_node/share/realsense_node/local_setup.zsh\n'}
[21.279678] (realsense_node) StdoutLine: {'line': b'-- Symlinking: /root/ros2_ws/install/realsense_node/share/ament_index/resource_index/packages/realsense_node\n'}
[21.282458] (realsense_node) StdoutLine: {'line': b'-- Symlinking: /root/ros2_ws/install/realsense_node/share/realsense_node/cmake/realsense_nodeConfig.cmake\n'}
[21.284680] (realsense_node) StdoutLine: {'line': b'-- Symlinking: /root/ros2_ws/install/realsense_node/share/realsense_node/cmake/realsense_nodeConfig-version.cmake\n'}
[21.287233] (realsense_node) StdoutLine: {'line': b'-- Symlinking: /root/ros2_ws/install/realsense_node/share/realsense_node/package.xml\n'}
[21.292034] (realsense_node) CommandEnded: {'returncode': 0}
[21.326007] (realsense_node) JobEnded: {'identifier': 'realsense_node', 'rc': 0}
[21.342566] (-) TimerEvent: {}
[21.442950] (-) TimerEvent: {}
[21.543342] (-) TimerEvent: {}
[21.643741] (-) TimerEvent: {}
[21.744140] (-) TimerEvent: {}
[21.844526] (-) TimerEvent: {}
[21.944906] (-) TimerEvent: {}
[22.045304] (-) TimerEvent: {}
[22.145698] (-) TimerEvent: {}
[22.246005] (-) TimerEvent: {}
[22.346335] (-) TimerEvent: {}
[22.446706] (-) TimerEvent: {}
[22.547084] (-) TimerEvent: {}
[22.647485] (-) TimerEvent: {}
[22.747875] (-) TimerEvent: {}
[22.848247] (-) TimerEvent: {}
[22.948611] (-) TimerEvent: {}
[23.048963] (-) TimerEvent: {}
[23.149319] (-) TimerEvent: {}
[23.249699] (-) TimerEvent: {}
[23.325430] (grasp_ros2) StdoutLine: {'line': b'[ 76%] \x1b[32m\x1b[1mLinking CXX executable tgrasp_ros2\x1b[0m\n'}
[23.349826] (-) TimerEvent: {}
[23.450167] (-) TimerEvent: {}
[23.550506] (-) TimerEvent: {}
[23.650863] (-) TimerEvent: {}
[23.751171] (-) TimerEvent: {}
[23.851510] (-) TimerEvent: {}
[23.951836] (-) TimerEvent: {}
[24.052175] (-) TimerEvent: {}
[24.069685] (grasp_ros2) StdoutLine: {'line': b'[ 76%] Built target tgrasp_ros2\n'}
[24.152364] (-) TimerEvent: {}
[24.229991] (grasp_ros2) StdoutLine: {'line': b'[ 82%] \x1b[32m\x1b[1mLinking CXX shared library libgrasp_plan.so\x1b[0m\n'}
[24.252521] (-) TimerEvent: {}
[24.352848] (-) TimerEvent: {}
[24.353304] (grasp_ros2) StdoutLine: {'line': b'[ 82%] Built target grasp_plan\n'}
[24.453050] (-) TimerEvent: {}
[24.553534] (-) TimerEvent: {}
[24.653857] (-) TimerEvent: {}
[24.754325] (-) TimerEvent: {}
[24.854666] (-) TimerEvent: {}
[24.955157] (-) TimerEvent: {}
[25.055612] (-) TimerEvent: {}
[25.156075] (-) TimerEvent: {}
[25.256580] (-) TimerEvent: {}
[25.356977] (-) TimerEvent: {}
[25.457412] (-) TimerEvent: {}
[25.478835] (grasp_ros2) StdoutLine: {'line': b'[ 88%] \x1b[32m\x1b[1mLinking CXX shared library libgrasp_detect.so\x1b[0m\n'}
[25.557632] (-) TimerEvent: {}
[25.658060] (-) TimerEvent: {}
[25.758613] (-) TimerEvent: {}
[25.859163] (-) TimerEvent: {}
[25.959662] (-) TimerEvent: {}
[26.060039] (-) TimerEvent: {}
[26.160578] (-) TimerEvent: {}
[26.261015] (-) TimerEvent: {}
[26.361511] (-) TimerEvent: {}
[26.461919] (-) TimerEvent: {}
[26.562476] (-) TimerEvent: {}
[26.663025] (-) TimerEvent: {}
[26.763426] (-) TimerEvent: {}
[26.840523] (grasp_ros2) StdoutLine: {'line': b'[ 88%] Built target grasp_detect\n'}
[26.845227] (grasp_ros2) StdoutLine: {'line': b'\x1b[35m\x1b[1mScanning dependencies of target grasp_ros2\x1b[0m\n'}
[26.863551] (-) TimerEvent: {}
[26.939965] (grasp_ros2) StdoutLine: {'line': b'[ 94%] \x1b[32mBuilding CXX object CMakeFiles/grasp_ros2.dir/src/grasp_composition.cpp.o\x1b[0m\n'}
[26.963699] (-) TimerEvent: {}
[27.064119] (-) TimerEvent: {}
[27.164548] (-) TimerEvent: {}
[27.264856] (-) TimerEvent: {}
[27.365163] (-) TimerEvent: {}
[27.465513] (-) TimerEvent: {}
[27.565847] (-) TimerEvent: {}
[27.666210] (-) TimerEvent: {}
[27.766602] (-) TimerEvent: {}
[27.866972] (-) TimerEvent: {}
[27.967430] (-) TimerEvent: {}
[28.067894] (-) TimerEvent: {}
[28.168416] (-) TimerEvent: {}
[28.268937] (-) TimerEvent: {}
[28.369326] (-) TimerEvent: {}
[28.469725] (-) TimerEvent: {}
[28.570105] (-) TimerEvent: {}
[28.670643] (-) TimerEvent: {}
[28.771086] (-) TimerEvent: {}
[28.871604] (-) TimerEvent: {}
[28.972034] (-) TimerEvent: {}
[29.072430] (-) TimerEvent: {}
[29.172796] (-) TimerEvent: {}
[29.273318] (-) TimerEvent: {}
[29.373831] (-) TimerEvent: {}
[29.474251] (-) TimerEvent: {}
[29.574717] (-) TimerEvent: {}
[29.675121] (-) TimerEvent: {}
[29.775531] (-) TimerEvent: {}
[29.875993] (-) TimerEvent: {}
[29.976403] (-) TimerEvent: {}
[30.076849] (-) TimerEvent: {}
[30.177289] (-) TimerEvent: {}
[30.277715] (-) TimerEvent: {}
[30.378241] (-) TimerEvent: {}
[30.478753] (-) TimerEvent: {}
[30.579169] (-) TimerEvent: {}
[30.679668] (-) TimerEvent: {}
[30.780070] (-) TimerEvent: {}
[30.880578] (-) TimerEvent: {}
[30.980993] (-) TimerEvent: {}
[31.081482] (-) TimerEvent: {}
[31.181924] (-) TimerEvent: {}
[31.282293] (-) TimerEvent: {}
[31.382626] (-) TimerEvent: {}
[31.483106] (-) TimerEvent: {}
[31.583603] (-) TimerEvent: {}
[31.684005] (-) TimerEvent: {}
[31.784538] (-) TimerEvent: {}
[31.885018] (-) TimerEvent: {}
[31.985462] (-) TimerEvent: {}
[32.085906] (-) TimerEvent: {}
[32.186444] (-) TimerEvent: {}
[32.286951] (-) TimerEvent: {}
[32.387432] (-) TimerEvent: {}
[32.487925] (-) TimerEvent: {}
[32.563277] (grasp_ros2) StdoutLine: {'line': b'[100%] \x1b[32m\x1b[1mLinking CXX executable grasp_ros2\x1b[0m\n'}
[32.588098] (-) TimerEvent: {}
[32.688428] (-) TimerEvent: {}
[32.788857] (-) TimerEvent: {}
[32.889338] (-) TimerEvent: {}
[32.989728] (-) TimerEvent: {}
[33.090150] (-) TimerEvent: {}
[33.190529] (-) TimerEvent: {}
[33.290896] (-) TimerEvent: {}
[33.391293] (-) TimerEvent: {}
[33.491827] (-) TimerEvent: {}
[33.592358] (-) TimerEvent: {}
[33.692928] (-) TimerEvent: {}
[33.793509] (-) TimerEvent: {}
[33.885275] (grasp_ros2) StderrLine: {'line': b'/usr/bin/ld: warning: libiomp5.so, needed by /usr/local/lib/libgrasp_pose_detection.so, not found (try using -rpath or -rpath-link)\n'}
[33.885443] (grasp_ros2) StderrLine: {'line': b"/usr/local/lib/libgrasp_pose_detection.so: undefined reference to `omp_get_max_threads@VERSION'\n"}
[33.885487] (grasp_ros2) StderrLine: {'line': b"/usr/local/lib/libgrasp_pose_detection.so: undefined reference to `omp_get_num_threads@VERSION'\n"}
[33.885541] (grasp_ros2) StderrLine: {'line': b"/usr/local/lib/libgrasp_pose_detection.so: undefined reference to `GOMP_parallel@VERSION'\n"}
[33.885579] (grasp_ros2) StderrLine: {'line': b"/usr/local/lib/libgrasp_pose_detection.so: undefined reference to `omp_get_wtime@VERSION'\n"}
[33.885624] (grasp_ros2) StderrLine: {'line': b"/usr/local/lib/libgrasp_pose_detection.so: undefined reference to `omp_get_thread_num@VERSION'\n"}
[33.885665] (grasp_ros2) StderrLine: {'line': b'collect2: error: ld returned 1 exit status\n'}
[33.886430] (grasp_ros2) StderrLine: {'line': b'make[2]: *** [grasp_ros2] Error 1\n'}
[33.886608] (grasp_ros2) StdoutLine: {'line': b"CMakeFiles/grasp_ros2.dir/build.make:647: recipe for target 'grasp_ros2' failed\n"}
[33.887024] (grasp_ros2) StdoutLine: {'line': b"CMakeFiles/Makefile2:179: recipe for target 'CMakeFiles/grasp_ros2.dir/all' failed\n"}
[33.887081] (grasp_ros2) StdoutLine: {'line': b"Makefile:140: recipe for target 'all' failed\n"}
[33.887123] (grasp_ros2) StderrLine: {'line': b'make[1]: *** [CMakeFiles/grasp_ros2.dir/all] Error 2\n'}
[33.887162] (grasp_ros2) StderrLine: {'line': b'make: *** [all] Error 2\n'}
[33.888242] (grasp_ros2) CommandEnded: {'returncode': 2}
[33.893656] (-) TimerEvent: {}
[33.923782] (grasp_ros2) JobEnded: {'identifier': 'grasp_ros2', 'rc': 2}
[33.939462] (-) EventReactorShutdown: {}
