[0.069s] DEBUG:colcon:Command line arguments: ['/usr/bin/colcon', 'build', '--symlink-install', '--packages-select', 'grasp_msgs', 'moveit_msgs', 'grasp_ros2', 'realsense_msgs', 'realsense_ros', 'realsense_node']
[0.069s] DEBUG:colcon:Parsed command line arguments: Namespace(allow_overriding=[], ament_cmake_args=None, base_paths=['.'], build_base='build', catkin_cmake_args=None, catkin_skip_building_tests=False, cmake_args=None, cmake_clean_cache=False, cmake_clean_first=False, cmake_force_configure=False, cmake_target=None, cmake_target_skip_unavailable=False, continue_on_error=False, event_handlers=None, executor='parallel', ignore_user_meta=False, install_base='install', log_base=None, log_level=None, main=<bound method BuildVerb.main of <colcon_core.verb.build.BuildVerb object at 0x7f6e53435f28>>, merge_install=False, metas=['./colcon.meta'], packages_above=None, packages_above_and_dependencies=None, packages_above_depth=None, packages_end=None, packages_ignore=None, packages_ignore_regex=None, packages_select=['grasp_msgs', 'moveit_msgs', 'grasp_ros2', 'realsense_msgs', 'realsense_ros', 'realsense_node'], packages_select_build_failed=False, packages_select_by_dep=None, packages_select_regex=None, packages_select_test_failures=False, packages_skip=None, packages_skip_build_finished=False, packages_skip_by_dep=None, packages_skip_regex=None, packages_skip_test_passed=False, packages_skip_up_to=None, packages_start=None, packages_up_to=None, packages_up_to_regex=None, parallel_workers=16, paths=None, symlink_install=True, test_result_base=None, verb_extension=<colcon_core.verb.build.BuildVerb object at 0x7f6e53435f28>, verb_name='build', verb_parser=<colcon_defaults.argument_parser.defaults.DefaultArgumentsDecorator object at 0x7f6e5343e438>)
[0.081s] Level 1:colcon.colcon_core.package_discovery:discover_packages(colcon_meta) check parameters
[0.081s] Level 1:colcon.colcon_core.package_discovery:discover_packages(recursive) check parameters
[0.081s] Level 1:colcon.colcon_core.package_discovery:discover_packages(ignore) check parameters
[0.081s] Level 1:colcon.colcon_core.package_discovery:discover_packages(path) check parameters
[0.081s] Level 1:colcon.colcon_core.package_discovery:discover_packages(colcon_meta) discover
[0.081s] Level 1:colcon.colcon_core.package_discovery:discover_packages(recursive) discover
[0.081s] INFO:colcon.colcon_core.package_discovery:Crawling recursively for packages in '/root/ros2_ws'
[0.081s] Level 1:colcon.colcon_core.package_identification:_identify(.) by extensions ['ignore', 'ignore_ament_install']
[0.081s] Level 1:colcon.colcon_core.package_identification:_identify(.) by extension 'ignore'
[0.081s] Level 1:colcon.colcon_core.package_identification:_identify(.) by extension 'ignore_ament_install'
[0.081s] Level 1:colcon.colcon_core.package_identification:_identify(.) by extensions ['colcon_pkg']
[0.081s] Level 1:colcon.colcon_core.package_identification:_identify(.) by extension 'colcon_pkg'
[0.081s] Level 1:colcon.colcon_core.package_identification:_identify(.) by extensions ['colcon_meta']
[0.081s] Level 1:colcon.colcon_core.package_identification:_identify(.) by extension 'colcon_meta'
[0.081s] Level 1:colcon.colcon_core.package_identification:_identify(.) by extensions ['ros']
[0.081s] Level 1:colcon.colcon_core.package_identification:_identify(.) by extension 'ros'
[0.088s] Level 1:colcon.colcon_core.package_identification:_identify(.) by extensions ['cmake', 'python']
[0.088s] Level 1:colcon.colcon_core.package_identification:_identify(.) by extension 'cmake'
[0.088s] Level 1:colcon.colcon_core.package_identification:_identify(.) by extension 'python'
[0.088s] Level 1:colcon.colcon_core.package_identification:_identify(.) by extensions ['python_setup_py']
[0.088s] Level 1:colcon.colcon_core.package_identification:_identify(.) by extension 'python_setup_py'
[0.088s] Level 1:colcon.colcon_core.package_identification:_identify(build) by extensions ['ignore', 'ignore_ament_install']
[0.088s] Level 1:colcon.colcon_core.package_identification:_identify(build) by extension 'ignore'
[0.088s] Level 1:colcon.colcon_core.package_identification:_identify(build) ignored
[0.088s] Level 1:colcon.colcon_core.package_identification:_identify(install) by extensions ['ignore', 'ignore_ament_install']
[0.088s] Level 1:colcon.colcon_core.package_identification:_identify(install) by extension 'ignore'
[0.088s] Level 1:colcon.colcon_core.package_identification:_identify(install) ignored
[0.088s] Level 1:colcon.colcon_core.package_identification:_identify(log) by extensions ['ignore', 'ignore_ament_install']
[0.089s] Level 1:colcon.colcon_core.package_identification:_identify(log) by extension 'ignore'
[0.089s] Level 1:colcon.colcon_core.package_identification:_identify(log) ignored
[0.089s] Level 1:colcon.colcon_core.package_identification:_identify(src) by extensions ['ignore', 'ignore_ament_install']
[0.089s] Level 1:colcon.colcon_core.package_identification:_identify(src) by extension 'ignore'
[0.089s] Level 1:colcon.colcon_core.package_identification:_identify(src) by extension 'ignore_ament_install'
[0.089s] Level 1:colcon.colcon_core.package_identification:_identify(src) by extensions ['colcon_pkg']
[0.089s] Level 1:colcon.colcon_core.package_identification:_identify(src) by extension 'colcon_pkg'
[0.089s] Level 1:colcon.colcon_core.package_identification:_identify(src) by extensions ['colcon_meta']
[0.089s] Level 1:colcon.colcon_core.package_identification:_identify(src) by extension 'colcon_meta'
[0.089s] Level 1:colcon.colcon_core.package_identification:_identify(src) by extensions ['ros']
[0.089s] Level 1:colcon.colcon_core.package_identification:_identify(src) by extension 'ros'
[0.089s] Level 1:colcon.colcon_core.package_identification:_identify(src) by extensions ['cmake', 'python']
[0.089s] Level 1:colcon.colcon_core.package_identification:_identify(src) by extension 'cmake'
[0.089s] Level 1:colcon.colcon_core.package_identification:_identify(src) by extension 'python'
[0.089s] Level 1:colcon.colcon_core.package_identification:_identify(src) by extensions ['python_setup_py']
[0.089s] Level 1:colcon.colcon_core.package_identification:_identify(src) by extension 'python_setup_py'
[0.089s] Level 1:colcon.colcon_core.package_identification:_identify(src/baldor) by extensions ['ignore', 'ignore_ament_install']
[0.089s] Level 1:colcon.colcon_core.package_identification:_identify(src/baldor) by extension 'ignore'
[0.089s] Level 1:colcon.colcon_core.package_identification:_identify(src/baldor) by extension 'ignore_ament_install'
[0.089s] Level 1:colcon.colcon_core.package_identification:_identify(src/baldor) by extensions ['colcon_pkg']
[0.089s] Level 1:colcon.colcon_core.package_identification:_identify(src/baldor) by extension 'colcon_pkg'
[0.089s] Level 1:colcon.colcon_core.package_identification:_identify(src/baldor) by extensions ['colcon_meta']
[0.089s] Level 1:colcon.colcon_core.package_identification:_identify(src/baldor) by extension 'colcon_meta'
[0.089s] Level 1:colcon.colcon_core.package_identification:_identify(src/baldor) by extensions ['ros']
[0.089s] Level 1:colcon.colcon_core.package_identification:_identify(src/baldor) by extension 'ros'
[0.091s] DEBUG:colcon.colcon_core.package_identification:Package 'src/baldor' with type 'ros.ament_python' and name 'baldor'
[0.091s] Level 1:colcon.colcon_core.package_identification:_identify(src/criutils) by extensions ['ignore', 'ignore_ament_install']
[0.091s] Level 1:colcon.colcon_core.package_identification:_identify(src/criutils) by extension 'ignore'
[0.091s] Level 1:colcon.colcon_core.package_identification:_identify(src/criutils) by extension 'ignore_ament_install'
[0.091s] Level 1:colcon.colcon_core.package_identification:_identify(src/criutils) by extensions ['colcon_pkg']
[0.091s] Level 1:colcon.colcon_core.package_identification:_identify(src/criutils) by extension 'colcon_pkg'
[0.091s] Level 1:colcon.colcon_core.package_identification:_identify(src/criutils) by extensions ['colcon_meta']
[0.091s] Level 1:colcon.colcon_core.package_identification:_identify(src/criutils) by extension 'colcon_meta'
[0.091s] Level 1:colcon.colcon_core.package_identification:_identify(src/criutils) by extensions ['ros']
[0.091s] Level 1:colcon.colcon_core.package_identification:_identify(src/criutils) by extension 'ros'
[0.092s] DEBUG:colcon.colcon_core.package_identification:Package 'src/criutils' with type 'ros.ament_python' and name 'criutils'
[0.092s] Level 1:colcon.colcon_core.package_identification:_identify(src/handeye) by extensions ['ignore', 'ignore_ament_install']
[0.092s] Level 1:colcon.colcon_core.package_identification:_identify(src/handeye) by extension 'ignore'
[0.092s] Level 1:colcon.colcon_core.package_identification:_identify(src/handeye) by extension 'ignore_ament_install'
[0.092s] Level 1:colcon.colcon_core.package_identification:_identify(src/handeye) by extensions ['colcon_pkg']
[0.092s] Level 1:colcon.colcon_core.package_identification:_identify(src/handeye) by extension 'colcon_pkg'
[0.092s] Level 1:colcon.colcon_core.package_identification:_identify(src/handeye) by extensions ['colcon_meta']
[0.092s] Level 1:colcon.colcon_core.package_identification:_identify(src/handeye) by extension 'colcon_meta'
[0.092s] Level 1:colcon.colcon_core.package_identification:_identify(src/handeye) by extensions ['ros']
[0.092s] Level 1:colcon.colcon_core.package_identification:_identify(src/handeye) by extension 'ros'
[0.092s] DEBUG:colcon.colcon_core.package_identification:Package 'src/handeye' with type 'ros.ament_python' and name 'handeye'
[0.092s] Level 1:colcon.colcon_core.package_identification:_identify(src/ros2_grasp_library) by extensions ['ignore', 'ignore_ament_install']
[0.092s] Level 1:colcon.colcon_core.package_identification:_identify(src/ros2_grasp_library) by extension 'ignore'
[0.092s] Level 1:colcon.colcon_core.package_identification:_identify(src/ros2_grasp_library) by extension 'ignore_ament_install'
[0.092s] Level 1:colcon.colcon_core.package_identification:_identify(src/ros2_grasp_library) by extensions ['colcon_pkg']
[0.092s] Level 1:colcon.colcon_core.package_identification:_identify(src/ros2_grasp_library) by extension 'colcon_pkg'
[0.092s] Level 1:colcon.colcon_core.package_identification:_identify(src/ros2_grasp_library) by extensions ['colcon_meta']
[0.092s] Level 1:colcon.colcon_core.package_identification:_identify(src/ros2_grasp_library) by extension 'colcon_meta'
[0.092s] Level 1:colcon.colcon_core.package_identification:_identify(src/ros2_grasp_library) by extensions ['ros']
[0.092s] Level 1:colcon.colcon_core.package_identification:_identify(src/ros2_grasp_library) by extension 'ros'
[0.093s] Level 1:colcon.colcon_core.package_identification:_identify(src/ros2_grasp_library) by extensions ['cmake', 'python']
[0.093s] Level 1:colcon.colcon_core.package_identification:_identify(src/ros2_grasp_library) by extension 'cmake'
[0.093s] Level 1:colcon.colcon_core.package_identification:_identify(src/ros2_grasp_library) by extension 'python'
[0.093s] Level 1:colcon.colcon_core.package_identification:_identify(src/ros2_grasp_library) by extensions ['python_setup_py']
[0.093s] Level 1:colcon.colcon_core.package_identification:_identify(src/ros2_grasp_library) by extension 'python_setup_py'
[0.093s] Level 1:colcon.colcon_core.package_identification:_identify(src/ros2_grasp_library/docker) by extensions ['ignore', 'ignore_ament_install']
[0.093s] Level 1:colcon.colcon_core.package_identification:_identify(src/ros2_grasp_library/docker) by extension 'ignore'
[0.093s] Level 1:colcon.colcon_core.package_identification:_identify(src/ros2_grasp_library/docker) by extension 'ignore_ament_install'
[0.093s] Level 1:colcon.colcon_core.package_identification:_identify(src/ros2_grasp_library/docker) by extensions ['colcon_pkg']
[0.093s] Level 1:colcon.colcon_core.package_identification:_identify(src/ros2_grasp_library/docker) by extension 'colcon_pkg'
[0.093s] Level 1:colcon.colcon_core.package_identification:_identify(src/ros2_grasp_library/docker) by extensions ['colcon_meta']
[0.093s] Level 1:colcon.colcon_core.package_identification:_identify(src/ros2_grasp_library/docker) by extension 'colcon_meta'
[0.093s] Level 1:colcon.colcon_core.package_identification:_identify(src/ros2_grasp_library/docker) by extensions ['ros']
[0.093s] Level 1:colcon.colcon_core.package_identification:_identify(src/ros2_grasp_library/docker) by extension 'ros'
[0.093s] Level 1:colcon.colcon_core.package_identification:_identify(src/ros2_grasp_library/docker) by extensions ['cmake', 'python']
[0.093s] Level 1:colcon.colcon_core.package_identification:_identify(src/ros2_grasp_library/docker) by extension 'cmake'
[0.093s] Level 1:colcon.colcon_core.package_identification:_identify(src/ros2_grasp_library/docker) by extension 'python'
[0.093s] Level 1:colcon.colcon_core.package_identification:_identify(src/ros2_grasp_library/docker) by extensions ['python_setup_py']
[0.093s] Level 1:colcon.colcon_core.package_identification:_identify(src/ros2_grasp_library/docker) by extension 'python_setup_py'
[0.093s] Level 1:colcon.colcon_core.package_identification:_identify(src/ros2_grasp_library/docker/script) by extensions ['ignore', 'ignore_ament_install']
[0.093s] Level 1:colcon.colcon_core.package_identification:_identify(src/ros2_grasp_library/docker/script) by extension 'ignore'
[0.093s] Level 1:colcon.colcon_core.package_identification:_identify(src/ros2_grasp_library/docker/script) by extension 'ignore_ament_install'
[0.093s] Level 1:colcon.colcon_core.package_identification:_identify(src/ros2_grasp_library/docker/script) by extensions ['colcon_pkg']
[0.093s] Level 1:colcon.colcon_core.package_identification:_identify(src/ros2_grasp_library/docker/script) by extension 'colcon_pkg'
[0.093s] Level 1:colcon.colcon_core.package_identification:_identify(src/ros2_grasp_library/docker/script) by extensions ['colcon_meta']
[0.093s] Level 1:colcon.colcon_core.package_identification:_identify(src/ros2_grasp_library/docker/script) by extension 'colcon_meta'
[0.093s] Level 1:colcon.colcon_core.package_identification:_identify(src/ros2_grasp_library/docker/script) by extensions ['ros']
[0.093s] Level 1:colcon.colcon_core.package_identification:_identify(src/ros2_grasp_library/docker/script) by extension 'ros'
[0.093s] Level 1:colcon.colcon_core.package_identification:_identify(src/ros2_grasp_library/docker/script) by extensions ['cmake', 'python']
[0.093s] Level 1:colcon.colcon_core.package_identification:_identify(src/ros2_grasp_library/docker/script) by extension 'cmake'
[0.093s] Level 1:colcon.colcon_core.package_identification:_identify(src/ros2_grasp_library/docker/script) by extension 'python'
[0.093s] Level 1:colcon.colcon_core.package_identification:_identify(src/ros2_grasp_library/docker/script) by extensions ['python_setup_py']
[0.093s] Level 1:colcon.colcon_core.package_identification:_identify(src/ros2_grasp_library/docker/script) by extension 'python_setup_py'
[0.094s] Level 1:colcon.colcon_core.package_identification:_identify(src/ros2_grasp_library/grasp_apps) by extensions ['ignore', 'ignore_ament_install']
[0.094s] Level 1:colcon.colcon_core.package_identification:_identify(src/ros2_grasp_library/grasp_apps) by extension 'ignore'
[0.094s] Level 1:colcon.colcon_core.package_identification:_identify(src/ros2_grasp_library/grasp_apps) by extension 'ignore_ament_install'
[0.094s] Level 1:colcon.colcon_core.package_identification:_identify(src/ros2_grasp_library/grasp_apps) by extensions ['colcon_pkg']
[0.094s] Level 1:colcon.colcon_core.package_identification:_identify(src/ros2_grasp_library/grasp_apps) by extension 'colcon_pkg'
[0.094s] Level 1:colcon.colcon_core.package_identification:_identify(src/ros2_grasp_library/grasp_apps) by extensions ['colcon_meta']
[0.094s] Level 1:colcon.colcon_core.package_identification:_identify(src/ros2_grasp_library/grasp_apps) by extension 'colcon_meta'
[0.094s] Level 1:colcon.colcon_core.package_identification:_identify(src/ros2_grasp_library/grasp_apps) by extensions ['ros']
[0.094s] Level 1:colcon.colcon_core.package_identification:_identify(src/ros2_grasp_library/grasp_apps) by extension 'ros'
[0.094s] Level 1:colcon.colcon_core.package_identification:_identify(src/ros2_grasp_library/grasp_apps) by extensions ['cmake', 'python']
[0.094s] Level 1:colcon.colcon_core.package_identification:_identify(src/ros2_grasp_library/grasp_apps) by extension 'cmake'
[0.094s] Level 1:colcon.colcon_core.package_identification:_identify(src/ros2_grasp_library/grasp_apps) by extension 'python'
[0.094s] Level 1:colcon.colcon_core.package_identification:_identify(src/ros2_grasp_library/grasp_apps) by extensions ['python_setup_py']
[0.094s] Level 1:colcon.colcon_core.package_identification:_identify(src/ros2_grasp_library/grasp_apps) by extension 'python_setup_py'
[0.094s] Level 1:colcon.colcon_core.package_identification:_identify(src/ros2_grasp_library/grasp_apps/draw_x) by extensions ['ignore', 'ignore_ament_install']
[0.094s] Level 1:colcon.colcon_core.package_identification:_identify(src/ros2_grasp_library/grasp_apps/draw_x) by extension 'ignore'
[0.094s] Level 1:colcon.colcon_core.package_identification:_identify(src/ros2_grasp_library/grasp_apps/draw_x) by extension 'ignore_ament_install'
[0.094s] Level 1:colcon.colcon_core.package_identification:_identify(src/ros2_grasp_library/grasp_apps/draw_x) by extensions ['colcon_pkg']
[0.094s] Level 1:colcon.colcon_core.package_identification:_identify(src/ros2_grasp_library/grasp_apps/draw_x) by extension 'colcon_pkg'
[0.094s] Level 1:colcon.colcon_core.package_identification:_identify(src/ros2_grasp_library/grasp_apps/draw_x) by extensions ['colcon_meta']
[0.094s] Level 1:colcon.colcon_core.package_identification:_identify(src/ros2_grasp_library/grasp_apps/draw_x) by extension 'colcon_meta'
[0.094s] Level 1:colcon.colcon_core.package_identification:_identify(src/ros2_grasp_library/grasp_apps/draw_x) by extensions ['ros']
[0.094s] Level 1:colcon.colcon_core.package_identification:_identify(src/ros2_grasp_library/grasp_apps/draw_x) by extension 'ros'
[0.095s] DEBUG:colcon.colcon_core.package_identification:Package 'src/ros2_grasp_library/grasp_apps/draw_x' with type 'ros.ament_cmake' and name 'draw_x'
[0.095s] Level 1:colcon.colcon_core.package_identification:_identify(src/ros2_grasp_library/grasp_apps/fixed_position_pick) by extensions ['ignore', 'ignore_ament_install']
[0.095s] Level 1:colcon.colcon_core.package_identification:_identify(src/ros2_grasp_library/grasp_apps/fixed_position_pick) by extension 'ignore'
[0.095s] Level 1:colcon.colcon_core.package_identification:_identify(src/ros2_grasp_library/grasp_apps/fixed_position_pick) by extension 'ignore_ament_install'
[0.095s] Level 1:colcon.colcon_core.package_identification:_identify(src/ros2_grasp_library/grasp_apps/fixed_position_pick) by extensions ['colcon_pkg']
[0.095s] Level 1:colcon.colcon_core.package_identification:_identify(src/ros2_grasp_library/grasp_apps/fixed_position_pick) by extension 'colcon_pkg'
[0.095s] Level 1:colcon.colcon_core.package_identification:_identify(src/ros2_grasp_library/grasp_apps/fixed_position_pick) by extensions ['colcon_meta']
[0.095s] Level 1:colcon.colcon_core.package_identification:_identify(src/ros2_grasp_library/grasp_apps/fixed_position_pick) by extension 'colcon_meta'
[0.095s] Level 1:colcon.colcon_core.package_identification:_identify(src/ros2_grasp_library/grasp_apps/fixed_position_pick) by extensions ['ros']
[0.095s] Level 1:colcon.colcon_core.package_identification:_identify(src/ros2_grasp_library/grasp_apps/fixed_position_pick) by extension 'ros'
[0.095s] DEBUG:colcon.colcon_core.package_identification:Package 'src/ros2_grasp_library/grasp_apps/fixed_position_pick' with type 'ros.ament_cmake' and name 'fixed_position_pick'
[0.095s] Level 1:colcon.colcon_core.package_identification:_identify(src/ros2_grasp_library/grasp_apps/random_pick) by extensions ['ignore', 'ignore_ament_install']
[0.095s] Level 1:colcon.colcon_core.package_identification:_identify(src/ros2_grasp_library/grasp_apps/random_pick) by extension 'ignore'
[0.095s] Level 1:colcon.colcon_core.package_identification:_identify(src/ros2_grasp_library/grasp_apps/random_pick) by extension 'ignore_ament_install'
[0.095s] Level 1:colcon.colcon_core.package_identification:_identify(src/ros2_grasp_library/grasp_apps/random_pick) by extensions ['colcon_pkg']
[0.095s] Level 1:colcon.colcon_core.package_identification:_identify(src/ros2_grasp_library/grasp_apps/random_pick) by extension 'colcon_pkg'
[0.095s] Level 1:colcon.colcon_core.package_identification:_identify(src/ros2_grasp_library/grasp_apps/random_pick) by extensions ['colcon_meta']
[0.095s] Level 1:colcon.colcon_core.package_identification:_identify(src/ros2_grasp_library/grasp_apps/random_pick) by extension 'colcon_meta'
[0.095s] Level 1:colcon.colcon_core.package_identification:_identify(src/ros2_grasp_library/grasp_apps/random_pick) by extensions ['ros']
[0.095s] Level 1:colcon.colcon_core.package_identification:_identify(src/ros2_grasp_library/grasp_apps/random_pick) by extension 'ros'
[0.096s] DEBUG:colcon.colcon_core.package_identification:Package 'src/ros2_grasp_library/grasp_apps/random_pick' with type 'ros.ament_cmake' and name 'random_pick'
[0.096s] Level 1:colcon.colcon_core.package_identification:_identify(src/ros2_grasp_library/grasp_apps/recognize_pick) by extensions ['ignore', 'ignore_ament_install']
[0.096s] Level 1:colcon.colcon_core.package_identification:_identify(src/ros2_grasp_library/grasp_apps/recognize_pick) by extension 'ignore'
[0.096s] Level 1:colcon.colcon_core.package_identification:_identify(src/ros2_grasp_library/grasp_apps/recognize_pick) by extension 'ignore_ament_install'
[0.096s] Level 1:colcon.colcon_core.package_identification:_identify(src/ros2_grasp_library/grasp_apps/recognize_pick) by extensions ['colcon_pkg']
[0.096s] Level 1:colcon.colcon_core.package_identification:_identify(src/ros2_grasp_library/grasp_apps/recognize_pick) by extension 'colcon_pkg'
[0.096s] Level 1:colcon.colcon_core.package_identification:_identify(src/ros2_grasp_library/grasp_apps/recognize_pick) by extensions ['colcon_meta']
[0.096s] Level 1:colcon.colcon_core.package_identification:_identify(src/ros2_grasp_library/grasp_apps/recognize_pick) by extension 'colcon_meta'
[0.096s] Level 1:colcon.colcon_core.package_identification:_identify(src/ros2_grasp_library/grasp_apps/recognize_pick) by extensions ['ros']
[0.096s] Level 1:colcon.colcon_core.package_identification:_identify(src/ros2_grasp_library/grasp_apps/recognize_pick) by extension 'ros'
[0.096s] DEBUG:colcon.colcon_core.package_identification:Package 'src/ros2_grasp_library/grasp_apps/recognize_pick' with type 'ros.ament_cmake' and name 'recognize_pick'
[0.097s] Level 1:colcon.colcon_core.package_identification:_identify(src/ros2_grasp_library/grasp_msgs) by extensions ['ignore', 'ignore_ament_install']
[0.097s] Level 1:colcon.colcon_core.package_identification:_identify(src/ros2_grasp_library/grasp_msgs) by extension 'ignore'
[0.097s] Level 1:colcon.colcon_core.package_identification:_identify(src/ros2_grasp_library/grasp_msgs) by extension 'ignore_ament_install'
[0.097s] Level 1:colcon.colcon_core.package_identification:_identify(src/ros2_grasp_library/grasp_msgs) by extensions ['colcon_pkg']
[0.097s] Level 1:colcon.colcon_core.package_identification:_identify(src/ros2_grasp_library/grasp_msgs) by extension 'colcon_pkg'
[0.097s] Level 1:colcon.colcon_core.package_identification:_identify(src/ros2_grasp_library/grasp_msgs) by extensions ['colcon_meta']
[0.097s] Level 1:colcon.colcon_core.package_identification:_identify(src/ros2_grasp_library/grasp_msgs) by extension 'colcon_meta'
[0.097s] Level 1:colcon.colcon_core.package_identification:_identify(src/ros2_grasp_library/grasp_msgs) by extensions ['ros']
[0.097s] Level 1:colcon.colcon_core.package_identification:_identify(src/ros2_grasp_library/grasp_msgs) by extension 'ros'
[0.097s] DEBUG:colcon.colcon_core.package_identification:Package 'src/ros2_grasp_library/grasp_msgs' with type 'ros.ament_cmake' and name 'grasp_msgs'
[0.097s] Level 1:colcon.colcon_core.package_identification:_identify(src/ros2_grasp_library/grasp_ros2) by extensions ['ignore', 'ignore_ament_install']
[0.097s] Level 1:colcon.colcon_core.package_identification:_identify(src/ros2_grasp_library/grasp_ros2) by extension 'ignore'
[0.097s] Level 1:colcon.colcon_core.package_identification:_identify(src/ros2_grasp_library/grasp_ros2) by extension 'ignore_ament_install'
[0.097s] Level 1:colcon.colcon_core.package_identification:_identify(src/ros2_grasp_library/grasp_ros2) by extensions ['colcon_pkg']
[0.097s] Level 1:colcon.colcon_core.package_identification:_identify(src/ros2_grasp_library/grasp_ros2) by extension 'colcon_pkg'
[0.097s] Level 1:colcon.colcon_core.package_identification:_identify(src/ros2_grasp_library/grasp_ros2) by extensions ['colcon_meta']
[0.097s] Level 1:colcon.colcon_core.package_identification:_identify(src/ros2_grasp_library/grasp_ros2) by extension 'colcon_meta'
[0.097s] Level 1:colcon.colcon_core.package_identification:_identify(src/ros2_grasp_library/grasp_ros2) by extensions ['ros']
[0.097s] Level 1:colcon.colcon_core.package_identification:_identify(src/ros2_grasp_library/grasp_ros2) by extension 'ros'
[0.098s] DEBUG:colcon.colcon_core.package_identification:Package 'src/ros2_grasp_library/grasp_ros2' with type 'ros.ament_cmake' and name 'grasp_ros2'
[0.098s] Level 1:colcon.colcon_core.package_identification:_identify(src/ros2_grasp_library/grasp_tutorials) by extensions ['ignore', 'ignore_ament_install']
[0.098s] Level 1:colcon.colcon_core.package_identification:_identify(src/ros2_grasp_library/grasp_tutorials) by extension 'ignore'
[0.098s] Level 1:colcon.colcon_core.package_identification:_identify(src/ros2_grasp_library/grasp_tutorials) by extension 'ignore_ament_install'
[0.099s] Level 1:colcon.colcon_core.package_identification:_identify(src/ros2_grasp_library/grasp_tutorials) by extensions ['colcon_pkg']
[0.099s] Level 1:colcon.colcon_core.package_identification:_identify(src/ros2_grasp_library/grasp_tutorials) by extension 'colcon_pkg'
[0.099s] Level 1:colcon.colcon_core.package_identification:_identify(src/ros2_grasp_library/grasp_tutorials) by extensions ['colcon_meta']
[0.099s] Level 1:colcon.colcon_core.package_identification:_identify(src/ros2_grasp_library/grasp_tutorials) by extension 'colcon_meta'
[0.099s] Level 1:colcon.colcon_core.package_identification:_identify(src/ros2_grasp_library/grasp_tutorials) by extensions ['ros']
[0.099s] Level 1:colcon.colcon_core.package_identification:_identify(src/ros2_grasp_library/grasp_tutorials) by extension 'ros'
[0.099s] DEBUG:colcon.colcon_core.package_identification:Package 'src/ros2_grasp_library/grasp_tutorials' with type 'ros.ament_cmake' and name 'grasp_tutorials'
[0.099s] Level 1:colcon.colcon_core.package_identification:_identify(src/ros2_grasp_library/grasp_utils) by extensions ['ignore', 'ignore_ament_install']
[0.099s] Level 1:colcon.colcon_core.package_identification:_identify(src/ros2_grasp_library/grasp_utils) by extension 'ignore'
[0.099s] Level 1:colcon.colcon_core.package_identification:_identify(src/ros2_grasp_library/grasp_utils) by extension 'ignore_ament_install'
[0.099s] Level 1:colcon.colcon_core.package_identification:_identify(src/ros2_grasp_library/grasp_utils) by extensions ['colcon_pkg']
[0.099s] Level 1:colcon.colcon_core.package_identification:_identify(src/ros2_grasp_library/grasp_utils) by extension 'colcon_pkg'
[0.099s] Level 1:colcon.colcon_core.package_identification:_identify(src/ros2_grasp_library/grasp_utils) by extensions ['colcon_meta']
[0.099s] Level 1:colcon.colcon_core.package_identification:_identify(src/ros2_grasp_library/grasp_utils) by extension 'colcon_meta'
[0.099s] Level 1:colcon.colcon_core.package_identification:_identify(src/ros2_grasp_library/grasp_utils) by extensions ['ros']
[0.099s] Level 1:colcon.colcon_core.package_identification:_identify(src/ros2_grasp_library/grasp_utils) by extension 'ros'
[0.099s] Level 1:colcon.colcon_core.package_identification:_identify(src/ros2_grasp_library/grasp_utils) by extensions ['cmake', 'python']
[0.099s] Level 1:colcon.colcon_core.package_identification:_identify(src/ros2_grasp_library/grasp_utils) by extension 'cmake'
[0.099s] Level 1:colcon.colcon_core.package_identification:_identify(src/ros2_grasp_library/grasp_utils) by extension 'python'
[0.099s] Level 1:colcon.colcon_core.package_identification:_identify(src/ros2_grasp_library/grasp_utils) by extensions ['python_setup_py']
[0.099s] Level 1:colcon.colcon_core.package_identification:_identify(src/ros2_grasp_library/grasp_utils) by extension 'python_setup_py'
[0.099s] Level 1:colcon.colcon_core.package_identification:_identify(src/ros2_grasp_library/grasp_utils/handeye_dashboard) by extensions ['ignore', 'ignore_ament_install']
[0.100s] Level 1:colcon.colcon_core.package_identification:_identify(src/ros2_grasp_library/grasp_utils/handeye_dashboard) by extension 'ignore'
[0.100s] Level 1:colcon.colcon_core.package_identification:_identify(src/ros2_grasp_library/grasp_utils/handeye_dashboard) by extension 'ignore_ament_install'
[0.100s] Level 1:colcon.colcon_core.package_identification:_identify(src/ros2_grasp_library/grasp_utils/handeye_dashboard) by extensions ['colcon_pkg']
[0.100s] Level 1:colcon.colcon_core.package_identification:_identify(src/ros2_grasp_library/grasp_utils/handeye_dashboard) by extension 'colcon_pkg'
[0.100s] Level 1:colcon.colcon_core.package_identification:_identify(src/ros2_grasp_library/grasp_utils/handeye_dashboard) by extensions ['colcon_meta']
[0.100s] Level 1:colcon.colcon_core.package_identification:_identify(src/ros2_grasp_library/grasp_utils/handeye_dashboard) by extension 'colcon_meta'
[0.100s] Level 1:colcon.colcon_core.package_identification:_identify(src/ros2_grasp_library/grasp_utils/handeye_dashboard) by extensions ['ros']
[0.100s] Level 1:colcon.colcon_core.package_identification:_identify(src/ros2_grasp_library/grasp_utils/handeye_dashboard) by extension 'ros'
[0.100s] DEBUG:colcon.colcon_core.package_identification:Package 'src/ros2_grasp_library/grasp_utils/handeye_dashboard' with type 'ros.ament_python' and name 'handeye_dashboard'
[0.100s] Level 1:colcon.colcon_core.package_identification:_identify(src/ros2_grasp_library/grasp_utils/handeye_target_detection) by extensions ['ignore', 'ignore_ament_install']
[0.100s] Level 1:colcon.colcon_core.package_identification:_identify(src/ros2_grasp_library/grasp_utils/handeye_target_detection) by extension 'ignore'
[0.100s] Level 1:colcon.colcon_core.package_identification:_identify(src/ros2_grasp_library/grasp_utils/handeye_target_detection) by extension 'ignore_ament_install'
[0.100s] Level 1:colcon.colcon_core.package_identification:_identify(src/ros2_grasp_library/grasp_utils/handeye_target_detection) by extensions ['colcon_pkg']
[0.100s] Level 1:colcon.colcon_core.package_identification:_identify(src/ros2_grasp_library/grasp_utils/handeye_target_detection) by extension 'colcon_pkg'
[0.100s] Level 1:colcon.colcon_core.package_identification:_identify(src/ros2_grasp_library/grasp_utils/handeye_target_detection) by extensions ['colcon_meta']
[0.100s] Level 1:colcon.colcon_core.package_identification:_identify(src/ros2_grasp_library/grasp_utils/handeye_target_detection) by extension 'colcon_meta'
[0.100s] Level 1:colcon.colcon_core.package_identification:_identify(src/ros2_grasp_library/grasp_utils/handeye_target_detection) by extensions ['ros']
[0.100s] Level 1:colcon.colcon_core.package_identification:_identify(src/ros2_grasp_library/grasp_utils/handeye_target_detection) by extension 'ros'
[0.101s] DEBUG:colcon.colcon_core.package_identification:Package 'src/ros2_grasp_library/grasp_utils/handeye_target_detection' with type 'ros.ament_cmake' and name 'handeye_target_detection'
[0.101s] Level 1:colcon.colcon_core.package_identification:_identify(src/ros2_grasp_library/grasp_utils/handeye_tf_service) by extensions ['ignore', 'ignore_ament_install']
[0.101s] Level 1:colcon.colcon_core.package_identification:_identify(src/ros2_grasp_library/grasp_utils/handeye_tf_service) by extension 'ignore'
[0.101s] Level 1:colcon.colcon_core.package_identification:_identify(src/ros2_grasp_library/grasp_utils/handeye_tf_service) by extension 'ignore_ament_install'
[0.101s] Level 1:colcon.colcon_core.package_identification:_identify(src/ros2_grasp_library/grasp_utils/handeye_tf_service) by extensions ['colcon_pkg']
[0.101s] Level 1:colcon.colcon_core.package_identification:_identify(src/ros2_grasp_library/grasp_utils/handeye_tf_service) by extension 'colcon_pkg'
[0.101s] Level 1:colcon.colcon_core.package_identification:_identify(src/ros2_grasp_library/grasp_utils/handeye_tf_service) by extensions ['colcon_meta']
[0.101s] Level 1:colcon.colcon_core.package_identification:_identify(src/ros2_grasp_library/grasp_utils/handeye_tf_service) by extension 'colcon_meta'
[0.101s] Level 1:colcon.colcon_core.package_identification:_identify(src/ros2_grasp_library/grasp_utils/handeye_tf_service) by extensions ['ros']
[0.101s] Level 1:colcon.colcon_core.package_identification:_identify(src/ros2_grasp_library/grasp_utils/handeye_tf_service) by extension 'ros'
[0.101s] DEBUG:colcon.colcon_core.package_identification:Package 'src/ros2_grasp_library/grasp_utils/handeye_tf_service' with type 'ros.ament_cmake' and name 'handeye_tf_service'
[0.101s] Level 1:colcon.colcon_core.package_identification:_identify(src/ros2_grasp_library/grasp_utils/robot_interface) by extensions ['ignore', 'ignore_ament_install']
[0.101s] Level 1:colcon.colcon_core.package_identification:_identify(src/ros2_grasp_library/grasp_utils/robot_interface) by extension 'ignore'
[0.101s] Level 1:colcon.colcon_core.package_identification:_identify(src/ros2_grasp_library/grasp_utils/robot_interface) by extension 'ignore_ament_install'
[0.101s] Level 1:colcon.colcon_core.package_identification:_identify(src/ros2_grasp_library/grasp_utils/robot_interface) by extensions ['colcon_pkg']
[0.101s] Level 1:colcon.colcon_core.package_identification:_identify(src/ros2_grasp_library/grasp_utils/robot_interface) by extension 'colcon_pkg'
[0.101s] Level 1:colcon.colcon_core.package_identification:_identify(src/ros2_grasp_library/grasp_utils/robot_interface) by extensions ['colcon_meta']
[0.102s] Level 1:colcon.colcon_core.package_identification:_identify(src/ros2_grasp_library/grasp_utils/robot_interface) by extension 'colcon_meta'
[0.102s] Level 1:colcon.colcon_core.package_identification:_identify(src/ros2_grasp_library/grasp_utils/robot_interface) by extensions ['ros']
[0.102s] Level 1:colcon.colcon_core.package_identification:_identify(src/ros2_grasp_library/grasp_utils/robot_interface) by extension 'ros'
[0.102s] DEBUG:colcon.colcon_core.package_identification:Package 'src/ros2_grasp_library/grasp_utils/robot_interface' with type 'ros.ament_cmake' and name 'robot_interface'
[0.102s] Level 1:colcon.colcon_core.package_identification:_identify(src/ros2_grasp_library/moveit_msgs_light) by extensions ['ignore', 'ignore_ament_install']
[0.102s] Level 1:colcon.colcon_core.package_identification:_identify(src/ros2_grasp_library/moveit_msgs_light) by extension 'ignore'
[0.102s] Level 1:colcon.colcon_core.package_identification:_identify(src/ros2_grasp_library/moveit_msgs_light) by extension 'ignore_ament_install'
[0.102s] Level 1:colcon.colcon_core.package_identification:_identify(src/ros2_grasp_library/moveit_msgs_light) by extensions ['colcon_pkg']
[0.102s] Level 1:colcon.colcon_core.package_identification:_identify(src/ros2_grasp_library/moveit_msgs_light) by extension 'colcon_pkg'
[0.102s] Level 1:colcon.colcon_core.package_identification:_identify(src/ros2_grasp_library/moveit_msgs_light) by extensions ['colcon_meta']
[0.102s] Level 1:colcon.colcon_core.package_identification:_identify(src/ros2_grasp_library/moveit_msgs_light) by extension 'colcon_meta'
[0.102s] Level 1:colcon.colcon_core.package_identification:_identify(src/ros2_grasp_library/moveit_msgs_light) by extensions ['ros']
[0.102s] Level 1:colcon.colcon_core.package_identification:_identify(src/ros2_grasp_library/moveit_msgs_light) by extension 'ros'
[0.103s] DEBUG:colcon.colcon_core.package_identification:Package 'src/ros2_grasp_library/moveit_msgs_light' with type 'ros.ament_cmake' and name 'moveit_msgs'
[0.103s] Level 1:colcon.colcon_core.package_identification:_identify(src/ros2_intel_realsense) by extensions ['ignore', 'ignore_ament_install']
[0.103s] Level 1:colcon.colcon_core.package_identification:_identify(src/ros2_intel_realsense) by extension 'ignore'
[0.103s] Level 1:colcon.colcon_core.package_identification:_identify(src/ros2_intel_realsense) by extension 'ignore_ament_install'
[0.103s] Level 1:colcon.colcon_core.package_identification:_identify(src/ros2_intel_realsense) by extensions ['colcon_pkg']
[0.103s] Level 1:colcon.colcon_core.package_identification:_identify(src/ros2_intel_realsense) by extension 'colcon_pkg'
[0.103s] Level 1:colcon.colcon_core.package_identification:_identify(src/ros2_intel_realsense) by extensions ['colcon_meta']
[0.103s] Level 1:colcon.colcon_core.package_identification:_identify(src/ros2_intel_realsense) by extension 'colcon_meta'
[0.103s] Level 1:colcon.colcon_core.package_identification:_identify(src/ros2_intel_realsense) by extensions ['ros']
[0.103s] Level 1:colcon.colcon_core.package_identification:_identify(src/ros2_intel_realsense) by extension 'ros'
[0.103s] Level 1:colcon.colcon_core.package_identification:_identify(src/ros2_intel_realsense) by extensions ['cmake', 'python']
[0.103s] Level 1:colcon.colcon_core.package_identification:_identify(src/ros2_intel_realsense) by extension 'cmake'
[0.103s] Level 1:colcon.colcon_core.package_identification:_identify(src/ros2_intel_realsense) by extension 'python'
[0.103s] Level 1:colcon.colcon_core.package_identification:_identify(src/ros2_intel_realsense) by extensions ['python_setup_py']
[0.103s] Level 1:colcon.colcon_core.package_identification:_identify(src/ros2_intel_realsense) by extension 'python_setup_py'
[0.103s] Level 1:colcon.colcon_core.package_identification:_identify(src/ros2_intel_realsense/realsense_examples) by extensions ['ignore', 'ignore_ament_install']
[0.103s] Level 1:colcon.colcon_core.package_identification:_identify(src/ros2_intel_realsense/realsense_examples) by extension 'ignore'
[0.103s] Level 1:colcon.colcon_core.package_identification:_identify(src/ros2_intel_realsense/realsense_examples) by extension 'ignore_ament_install'
[0.103s] Level 1:colcon.colcon_core.package_identification:_identify(src/ros2_intel_realsense/realsense_examples) by extensions ['colcon_pkg']
[0.103s] Level 1:colcon.colcon_core.package_identification:_identify(src/ros2_intel_realsense/realsense_examples) by extension 'colcon_pkg'
[0.103s] Level 1:colcon.colcon_core.package_identification:_identify(src/ros2_intel_realsense/realsense_examples) by extensions ['colcon_meta']
[0.103s] Level 1:colcon.colcon_core.package_identification:_identify(src/ros2_intel_realsense/realsense_examples) by extension 'colcon_meta'
[0.103s] Level 1:colcon.colcon_core.package_identification:_identify(src/ros2_intel_realsense/realsense_examples) by extensions ['ros']
[0.103s] Level 1:colcon.colcon_core.package_identification:_identify(src/ros2_intel_realsense/realsense_examples) by extension 'ros'
[0.104s] DEBUG:colcon.colcon_core.package_identification:Package 'src/ros2_intel_realsense/realsense_examples' with type 'ros.ament_cmake' and name 'realsense_examples'
[0.104s] Level 1:colcon.colcon_core.package_identification:_identify(src/ros2_intel_realsense/realsense_msgs) by extensions ['ignore', 'ignore_ament_install']
[0.104s] Level 1:colcon.colcon_core.package_identification:_identify(src/ros2_intel_realsense/realsense_msgs) by extension 'ignore'
[0.104s] Level 1:colcon.colcon_core.package_identification:_identify(src/ros2_intel_realsense/realsense_msgs) by extension 'ignore_ament_install'
[0.104s] Level 1:colcon.colcon_core.package_identification:_identify(src/ros2_intel_realsense/realsense_msgs) by extensions ['colcon_pkg']
[0.104s] Level 1:colcon.colcon_core.package_identification:_identify(src/ros2_intel_realsense/realsense_msgs) by extension 'colcon_pkg'
[0.104s] Level 1:colcon.colcon_core.package_identification:_identify(src/ros2_intel_realsense/realsense_msgs) by extensions ['colcon_meta']
[0.104s] Level 1:colcon.colcon_core.package_identification:_identify(src/ros2_intel_realsense/realsense_msgs) by extension 'colcon_meta'
[0.104s] Level 1:colcon.colcon_core.package_identification:_identify(src/ros2_intel_realsense/realsense_msgs) by extensions ['ros']
[0.104s] Level 1:colcon.colcon_core.package_identification:_identify(src/ros2_intel_realsense/realsense_msgs) by extension 'ros'
[0.104s] DEBUG:colcon.colcon_core.package_identification:Package 'src/ros2_intel_realsense/realsense_msgs' with type 'ros.ament_cmake' and name 'realsense_msgs'
[0.105s] Level 1:colcon.colcon_core.package_identification:_identify(src/ros2_intel_realsense/realsense_node) by extensions ['ignore', 'ignore_ament_install']
[0.105s] Level 1:colcon.colcon_core.package_identification:_identify(src/ros2_intel_realsense/realsense_node) by extension 'ignore'
[0.105s] Level 1:colcon.colcon_core.package_identification:_identify(src/ros2_intel_realsense/realsense_node) by extension 'ignore_ament_install'
[0.105s] Level 1:colcon.colcon_core.package_identification:_identify(src/ros2_intel_realsense/realsense_node) by extensions ['colcon_pkg']
[0.105s] Level 1:colcon.colcon_core.package_identification:_identify(src/ros2_intel_realsense/realsense_node) by extension 'colcon_pkg'
[0.105s] Level 1:colcon.colcon_core.package_identification:_identify(src/ros2_intel_realsense/realsense_node) by extensions ['colcon_meta']
[0.105s] Level 1:colcon.colcon_core.package_identification:_identify(src/ros2_intel_realsense/realsense_node) by extension 'colcon_meta'
[0.105s] Level 1:colcon.colcon_core.package_identification:_identify(src/ros2_intel_realsense/realsense_node) by extensions ['ros']
[0.105s] Level 1:colcon.colcon_core.package_identification:_identify(src/ros2_intel_realsense/realsense_node) by extension 'ros'
[0.105s] DEBUG:colcon.colcon_core.package_identification:Package 'src/ros2_intel_realsense/realsense_node' with type 'ros.ament_cmake' and name 'realsense_node'
[0.106s] Level 1:colcon.colcon_core.package_identification:_identify(src/ros2_intel_realsense/realsense_ros) by extensions ['ignore', 'ignore_ament_install']
[0.106s] Level 1:colcon.colcon_core.package_identification:_identify(src/ros2_intel_realsense/realsense_ros) by extension 'ignore'
[0.106s] Level 1:colcon.colcon_core.package_identification:_identify(src/ros2_intel_realsense/realsense_ros) by extension 'ignore_ament_install'
[0.106s] Level 1:colcon.colcon_core.package_identification:_identify(src/ros2_intel_realsense/realsense_ros) by extensions ['colcon_pkg']
[0.106s] Level 1:colcon.colcon_core.package_identification:_identify(src/ros2_intel_realsense/realsense_ros) by extension 'colcon_pkg'
[0.106s] Level 1:colcon.colcon_core.package_identification:_identify(src/ros2_intel_realsense/realsense_ros) by extensions ['colcon_meta']
[0.106s] Level 1:colcon.colcon_core.package_identification:_identify(src/ros2_intel_realsense/realsense_ros) by extension 'colcon_meta'
[0.106s] Level 1:colcon.colcon_core.package_identification:_identify(src/ros2_intel_realsense/realsense_ros) by extensions ['ros']
[0.106s] Level 1:colcon.colcon_core.package_identification:_identify(src/ros2_intel_realsense/realsense_ros) by extension 'ros'
[0.106s] DEBUG:colcon.colcon_core.package_identification:Package 'src/ros2_intel_realsense/realsense_ros' with type 'ros.ament_cmake' and name 'realsense_ros'
[0.107s] Level 1:colcon.colcon_core.package_identification:_identify(src/ros2_ur_description) by extensions ['ignore', 'ignore_ament_install']
[0.107s] Level 1:colcon.colcon_core.package_identification:_identify(src/ros2_ur_description) by extension 'ignore'
[0.107s] Level 1:colcon.colcon_core.package_identification:_identify(src/ros2_ur_description) by extension 'ignore_ament_install'
[0.107s] Level 1:colcon.colcon_core.package_identification:_identify(src/ros2_ur_description) by extensions ['colcon_pkg']
[0.107s] Level 1:colcon.colcon_core.package_identification:_identify(src/ros2_ur_description) by extension 'colcon_pkg'
[0.107s] Level 1:colcon.colcon_core.package_identification:_identify(src/ros2_ur_description) by extensions ['colcon_meta']
[0.107s] Level 1:colcon.colcon_core.package_identification:_identify(src/ros2_ur_description) by extension 'colcon_meta'
[0.107s] Level 1:colcon.colcon_core.package_identification:_identify(src/ros2_ur_description) by extensions ['ros']
[0.107s] Level 1:colcon.colcon_core.package_identification:_identify(src/ros2_ur_description) by extension 'ros'
[0.107s] Level 1:colcon.colcon_core.package_identification:_identify(src/ros2_ur_description) by extensions ['cmake', 'python']
[0.107s] Level 1:colcon.colcon_core.package_identification:_identify(src/ros2_ur_description) by extension 'cmake'
[0.107s] Level 1:colcon.colcon_core.package_identification:_identify(src/ros2_ur_description) by extension 'python'
[0.107s] Level 1:colcon.colcon_core.package_identification:_identify(src/ros2_ur_description) by extensions ['python_setup_py']
[0.107s] Level 1:colcon.colcon_core.package_identification:_identify(src/ros2_ur_description) by extension 'python_setup_py'
[0.107s] Level 1:colcon.colcon_core.package_identification:_identify(src/ros2_ur_description/ur_description) by extensions ['ignore', 'ignore_ament_install']
[0.107s] Level 1:colcon.colcon_core.package_identification:_identify(src/ros2_ur_description/ur_description) by extension 'ignore'
[0.107s] Level 1:colcon.colcon_core.package_identification:_identify(src/ros2_ur_description/ur_description) by extension 'ignore_ament_install'
[0.107s] Level 1:colcon.colcon_core.package_identification:_identify(src/ros2_ur_description/ur_description) by extensions ['colcon_pkg']
[0.107s] Level 1:colcon.colcon_core.package_identification:_identify(src/ros2_ur_description/ur_description) by extension 'colcon_pkg'
[0.107s] Level 1:colcon.colcon_core.package_identification:_identify(src/ros2_ur_description/ur_description) by extensions ['colcon_meta']
[0.107s] Level 1:colcon.colcon_core.package_identification:_identify(src/ros2_ur_description/ur_description) by extension 'colcon_meta'
[0.107s] Level 1:colcon.colcon_core.package_identification:_identify(src/ros2_ur_description/ur_description) by extensions ['ros']
[0.107s] Level 1:colcon.colcon_core.package_identification:_identify(src/ros2_ur_description/ur_description) by extension 'ros'
[0.108s] DEBUG:colcon.colcon_core.package_identification:Package 'src/ros2_ur_description/ur_description' with type 'ros.ament_cmake' and name 'ur_description'
[0.108s] Level 1:colcon.colcon_core.package_discovery:discover_packages(recursive) using defaults
[0.108s] Level 1:colcon.colcon_core.package_discovery:discover_packages(ignore) discover
[0.108s] Level 1:colcon.colcon_core.package_discovery:discover_packages(ignore) using defaults
[0.108s] Level 1:colcon.colcon_core.package_discovery:discover_packages(path) discover
[0.108s] Level 1:colcon.colcon_core.package_discovery:discover_packages(path) using defaults
[0.120s] INFO:colcon.colcon_core.package_selection:Skipping not selected package 'baldor' in 'src/baldor'
[0.120s] INFO:colcon.colcon_core.package_selection:Skipping not selected package 'grasp_tutorials' in 'src/ros2_grasp_library/grasp_tutorials'
[0.120s] INFO:colcon.colcon_core.package_selection:Skipping not selected package 'handeye_target_detection' in 'src/ros2_grasp_library/grasp_utils/handeye_target_detection'
[0.120s] INFO:colcon.colcon_core.package_selection:Skipping not selected package 'handeye_tf_service' in 'src/ros2_grasp_library/grasp_utils/handeye_tf_service'
[0.120s] INFO:colcon.colcon_core.package_selection:Skipping not selected package 'robot_interface' in 'src/ros2_grasp_library/grasp_utils/robot_interface'
[0.120s] INFO:colcon.colcon_core.package_selection:Skipping not selected package 'ur_description' in 'src/ros2_ur_description/ur_description'
[0.120s] INFO:colcon.colcon_core.package_selection:Skipping not selected package 'criutils' in 'src/criutils'
[0.120s] INFO:colcon.colcon_core.package_selection:Skipping not selected package 'draw_x' in 'src/ros2_grasp_library/grasp_apps/draw_x'
[0.120s] INFO:colcon.colcon_core.package_selection:Skipping not selected package 'fixed_position_pick' in 'src/ros2_grasp_library/grasp_apps/fixed_position_pick'
[0.120s] INFO:colcon.colcon_core.package_selection:Skipping not selected package 'random_pick' in 'src/ros2_grasp_library/grasp_apps/random_pick'
[0.120s] INFO:colcon.colcon_core.package_selection:Skipping not selected package 'recognize_pick' in 'src/ros2_grasp_library/grasp_apps/recognize_pick'
[0.120s] INFO:colcon.colcon_core.package_selection:Skipping not selected package 'handeye' in 'src/handeye'
[0.120s] INFO:colcon.colcon_core.package_selection:Skipping not selected package 'handeye_dashboard' in 'src/ros2_grasp_library/grasp_utils/handeye_dashboard'
[0.120s] INFO:colcon.colcon_core.package_selection:Skipping not selected package 'realsense_examples' in 'src/ros2_intel_realsense/realsense_examples'
[0.120s] Level 1:colcon.colcon_core.package_discovery:discover_packages(prefix_path) check parameters
[0.120s] Level 1:colcon.colcon_core.package_discovery:discover_packages(prefix_path) discover
[0.126s] DEBUG:colcon.colcon_installed_package_information.package_discovery:Found 216 installed packages in /opt/ros/dashing
[0.128s] Level 1:colcon.colcon_core.package_discovery:discover_packages(prefix_path) using defaults
[0.172s] Level 5:colcon.colcon_core.verb:set package 'grasp_msgs' build argument 'cmake_args' from command line to 'None'
[0.172s] Level 5:colcon.colcon_core.verb:set package 'grasp_msgs' build argument 'cmake_target' from command line to 'None'
[0.172s] Level 5:colcon.colcon_core.verb:set package 'grasp_msgs' build argument 'cmake_target_skip_unavailable' from command line to 'False'
[0.172s] Level 5:colcon.colcon_core.verb:set package 'grasp_msgs' build argument 'cmake_clean_cache' from command line to 'False'
[0.172s] Level 5:colcon.colcon_core.verb:set package 'grasp_msgs' build argument 'cmake_clean_first' from command line to 'False'
[0.172s] Level 5:colcon.colcon_core.verb:set package 'grasp_msgs' build argument 'cmake_force_configure' from command line to 'False'
[0.172s] Level 5:colcon.colcon_core.verb:set package 'grasp_msgs' build argument 'ament_cmake_args' from command line to 'None'
[0.172s] Level 5:colcon.colcon_core.verb:set package 'grasp_msgs' build argument 'catkin_cmake_args' from command line to 'None'
[0.172s] Level 5:colcon.colcon_core.verb:set package 'grasp_msgs' build argument 'catkin_skip_building_tests' from command line to 'False'
[0.172s] DEBUG:colcon.colcon_core.verb:Building package 'grasp_msgs' with the following arguments: {'ament_cmake_args': None, 'build_base': '/root/ros2_ws/build/grasp_msgs', 'catkin_cmake_args': None, 'catkin_skip_building_tests': False, 'cmake_args': None, 'cmake_clean_cache': False, 'cmake_clean_first': False, 'cmake_force_configure': False, 'cmake_target': None, 'cmake_target_skip_unavailable': False, 'install_base': '/root/ros2_ws/install/grasp_msgs', 'merge_install': False, 'path': '/root/ros2_ws/src/ros2_grasp_library/grasp_msgs', 'symlink_install': True, 'test_result_base': None}
[0.173s] Level 5:colcon.colcon_core.verb:set package 'moveit_msgs' build argument 'cmake_args' from command line to 'None'
[0.173s] Level 5:colcon.colcon_core.verb:set package 'moveit_msgs' build argument 'cmake_target' from command line to 'None'
[0.173s] Level 5:colcon.colcon_core.verb:set package 'moveit_msgs' build argument 'cmake_target_skip_unavailable' from command line to 'False'
[0.173s] Level 5:colcon.colcon_core.verb:set package 'moveit_msgs' build argument 'cmake_clean_cache' from command line to 'False'
[0.173s] Level 5:colcon.colcon_core.verb:set package 'moveit_msgs' build argument 'cmake_clean_first' from command line to 'False'
[0.173s] Level 5:colcon.colcon_core.verb:set package 'moveit_msgs' build argument 'cmake_force_configure' from command line to 'False'
[0.173s] Level 5:colcon.colcon_core.verb:set package 'moveit_msgs' build argument 'ament_cmake_args' from command line to 'None'
[0.173s] Level 5:colcon.colcon_core.verb:set package 'moveit_msgs' build argument 'catkin_cmake_args' from command line to 'None'
[0.173s] Level 5:colcon.colcon_core.verb:set package 'moveit_msgs' build argument 'catkin_skip_building_tests' from command line to 'False'
[0.173s] DEBUG:colcon.colcon_core.verb:Building package 'moveit_msgs' with the following arguments: {'ament_cmake_args': None, 'build_base': '/root/ros2_ws/build/moveit_msgs', 'catkin_cmake_args': None, 'catkin_skip_building_tests': False, 'cmake_args': None, 'cmake_clean_cache': False, 'cmake_clean_first': False, 'cmake_force_configure': False, 'cmake_target': None, 'cmake_target_skip_unavailable': False, 'install_base': '/root/ros2_ws/install/moveit_msgs', 'merge_install': False, 'path': '/root/ros2_ws/src/ros2_grasp_library/moveit_msgs_light', 'symlink_install': True, 'test_result_base': None}
[0.173s] Level 5:colcon.colcon_core.verb:set package 'realsense_msgs' build argument 'cmake_args' from command line to 'None'
[0.173s] Level 5:colcon.colcon_core.verb:set package 'realsense_msgs' build argument 'cmake_target' from command line to 'None'
[0.173s] Level 5:colcon.colcon_core.verb:set package 'realsense_msgs' build argument 'cmake_target_skip_unavailable' from command line to 'False'
[0.173s] Level 5:colcon.colcon_core.verb:set package 'realsense_msgs' build argument 'cmake_clean_cache' from command line to 'False'
[0.173s] Level 5:colcon.colcon_core.verb:set package 'realsense_msgs' build argument 'cmake_clean_first' from command line to 'False'
[0.173s] Level 5:colcon.colcon_core.verb:set package 'realsense_msgs' build argument 'cmake_force_configure' from command line to 'False'
[0.173s] Level 5:colcon.colcon_core.verb:set package 'realsense_msgs' build argument 'ament_cmake_args' from command line to 'None'
[0.173s] Level 5:colcon.colcon_core.verb:set package 'realsense_msgs' build argument 'catkin_cmake_args' from command line to 'None'
[0.173s] Level 5:colcon.colcon_core.verb:set package 'realsense_msgs' build argument 'catkin_skip_building_tests' from command line to 'False'
[0.173s] DEBUG:colcon.colcon_core.verb:Building package 'realsense_msgs' with the following arguments: {'ament_cmake_args': None, 'build_base': '/root/ros2_ws/build/realsense_msgs', 'catkin_cmake_args': None, 'catkin_skip_building_tests': False, 'cmake_args': None, 'cmake_clean_cache': False, 'cmake_clean_first': False, 'cmake_force_configure': False, 'cmake_target': None, 'cmake_target_skip_unavailable': False, 'install_base': '/root/ros2_ws/install/realsense_msgs', 'merge_install': False, 'path': '/root/ros2_ws/src/ros2_intel_realsense/realsense_msgs', 'symlink_install': True, 'test_result_base': None}
[0.173s] Level 5:colcon.colcon_core.verb:set package 'grasp_ros2' build argument 'cmake_args' from command line to 'None'
[0.173s] Level 5:colcon.colcon_core.verb:set package 'grasp_ros2' build argument 'cmake_target' from command line to 'None'
[0.173s] Level 5:colcon.colcon_core.verb:set package 'grasp_ros2' build argument 'cmake_target_skip_unavailable' from command line to 'False'
[0.173s] Level 5:colcon.colcon_core.verb:set package 'grasp_ros2' build argument 'cmake_clean_cache' from command line to 'False'
[0.173s] Level 5:colcon.colcon_core.verb:set package 'grasp_ros2' build argument 'cmake_clean_first' from command line to 'False'
[0.173s] Level 5:colcon.colcon_core.verb:set package 'grasp_ros2' build argument 'cmake_force_configure' from command line to 'False'
[0.173s] Level 5:colcon.colcon_core.verb:set package 'grasp_ros2' build argument 'ament_cmake_args' from command line to 'None'
[0.173s] Level 5:colcon.colcon_core.verb:set package 'grasp_ros2' build argument 'catkin_cmake_args' from command line to 'None'
[0.173s] Level 5:colcon.colcon_core.verb:set package 'grasp_ros2' build argument 'catkin_skip_building_tests' from command line to 'False'
[0.174s] DEBUG:colcon.colcon_core.verb:Building package 'grasp_ros2' with the following arguments: {'ament_cmake_args': None, 'build_base': '/root/ros2_ws/build/grasp_ros2', 'catkin_cmake_args': None, 'catkin_skip_building_tests': False, 'cmake_args': None, 'cmake_clean_cache': False, 'cmake_clean_first': False, 'cmake_force_configure': False, 'cmake_target': None, 'cmake_target_skip_unavailable': False, 'install_base': '/root/ros2_ws/install/grasp_ros2', 'merge_install': False, 'path': '/root/ros2_ws/src/ros2_grasp_library/grasp_ros2', 'symlink_install': True, 'test_result_base': None}
[0.174s] Level 5:colcon.colcon_core.verb:set package 'realsense_ros' build argument 'cmake_args' from command line to 'None'
[0.174s] Level 5:colcon.colcon_core.verb:set package 'realsense_ros' build argument 'cmake_target' from command line to 'None'
[0.174s] Level 5:colcon.colcon_core.verb:set package 'realsense_ros' build argument 'cmake_target_skip_unavailable' from command line to 'False'
[0.174s] Level 5:colcon.colcon_core.verb:set package 'realsense_ros' build argument 'cmake_clean_cache' from command line to 'False'
[0.174s] Level 5:colcon.colcon_core.verb:set package 'realsense_ros' build argument 'cmake_clean_first' from command line to 'False'
[0.174s] Level 5:colcon.colcon_core.verb:set package 'realsense_ros' build argument 'cmake_force_configure' from command line to 'False'
[0.174s] Level 5:colcon.colcon_core.verb:set package 'realsense_ros' build argument 'ament_cmake_args' from command line to 'None'
[0.174s] Level 5:colcon.colcon_core.verb:set package 'realsense_ros' build argument 'catkin_cmake_args' from command line to 'None'
[0.174s] Level 5:colcon.colcon_core.verb:set package 'realsense_ros' build argument 'catkin_skip_building_tests' from command line to 'False'
[0.174s] DEBUG:colcon.colcon_core.verb:Building package 'realsense_ros' with the following arguments: {'ament_cmake_args': None, 'build_base': '/root/ros2_ws/build/realsense_ros', 'catkin_cmake_args': None, 'catkin_skip_building_tests': False, 'cmake_args': None, 'cmake_clean_cache': False, 'cmake_clean_first': False, 'cmake_force_configure': False, 'cmake_target': None, 'cmake_target_skip_unavailable': False, 'install_base': '/root/ros2_ws/install/realsense_ros', 'merge_install': False, 'path': '/root/ros2_ws/src/ros2_intel_realsense/realsense_ros', 'symlink_install': True, 'test_result_base': None}
[0.174s] Level 5:colcon.colcon_core.verb:set package 'realsense_node' build argument 'cmake_args' from command line to 'None'
[0.174s] Level 5:colcon.colcon_core.verb:set package 'realsense_node' build argument 'cmake_target' from command line to 'None'
[0.174s] Level 5:colcon.colcon_core.verb:set package 'realsense_node' build argument 'cmake_target_skip_unavailable' from command line to 'False'
[0.174s] Level 5:colcon.colcon_core.verb:set package 'realsense_node' build argument 'cmake_clean_cache' from command line to 'False'
[0.174s] Level 5:colcon.colcon_core.verb:set package 'realsense_node' build argument 'cmake_clean_first' from command line to 'False'
[0.174s] Level 5:colcon.colcon_core.verb:set package 'realsense_node' build argument 'cmake_force_configure' from command line to 'False'
[0.174s] Level 5:colcon.colcon_core.verb:set package 'realsense_node' build argument 'ament_cmake_args' from command line to 'None'
[0.174s] Level 5:colcon.colcon_core.verb:set package 'realsense_node' build argument 'catkin_cmake_args' from command line to 'None'
[0.174s] Level 5:colcon.colcon_core.verb:set package 'realsense_node' build argument 'catkin_skip_building_tests' from command line to 'False'
[0.174s] DEBUG:colcon.colcon_core.verb:Building package 'realsense_node' with the following arguments: {'ament_cmake_args': None, 'build_base': '/root/ros2_ws/build/realsense_node', 'catkin_cmake_args': None, 'catkin_skip_building_tests': False, 'cmake_args': None, 'cmake_clean_cache': False, 'cmake_clean_first': False, 'cmake_force_configure': False, 'cmake_target': None, 'cmake_target_skip_unavailable': False, 'install_base': '/root/ros2_ws/install/realsense_node', 'merge_install': False, 'path': '/root/ros2_ws/src/ros2_intel_realsense/realsense_node', 'symlink_install': True, 'test_result_base': None}
[0.174s] INFO:colcon.colcon_core.executor:Executing jobs using 'parallel' executor
[0.175s] DEBUG:colcon.colcon_parallel_executor.executor.parallel:run_until_complete
[0.175s] INFO:colcon.colcon_ros.task.ament_cmake.build:Building ROS package in '/root/ros2_ws/src/ros2_intel_realsense/realsense_msgs' with build type 'ament_cmake'
[0.175s] INFO:colcon.colcon_cmake.task.cmake.build:Building CMake package in '/root/ros2_ws/src/ros2_intel_realsense/realsense_msgs'
[0.177s] INFO:colcon.colcon_core.plugin_system:Skipping extension 'colcon_core.shell.bat': Not used on non-Windows systems
[0.177s] INFO:colcon.colcon_core.shell:Skip shell extension 'powershell' for command environment: Not usable outside of PowerShell
[0.177s] DEBUG:colcon.colcon_core.shell:Skip shell extension 'dsv' for command environment
[0.180s] INFO:colcon.colcon_ros.task.ament_cmake.build:Building ROS package in '/root/ros2_ws/src/ros2_grasp_library/grasp_msgs' with build type 'ament_cmake'
[0.180s] INFO:colcon.colcon_cmake.task.cmake.build:Building CMake package in '/root/ros2_ws/src/ros2_grasp_library/grasp_msgs'
[0.180s] INFO:colcon.colcon_core.shell:Skip shell extension 'powershell' for command environment: Not usable outside of PowerShell
[0.180s] DEBUG:colcon.colcon_core.shell:Skip shell extension 'dsv' for command environment
[0.183s] INFO:colcon.colcon_ros.task.ament_cmake.build:Building ROS package in '/root/ros2_ws/src/ros2_grasp_library/moveit_msgs_light' with build type 'ament_cmake'
[0.183s] INFO:colcon.colcon_cmake.task.cmake.build:Building CMake package in '/root/ros2_ws/src/ros2_grasp_library/moveit_msgs_light'
[0.183s] INFO:colcon.colcon_core.shell:Skip shell extension 'powershell' for command environment: Not usable outside of PowerShell
[0.183s] DEBUG:colcon.colcon_core.shell:Skip shell extension 'dsv' for command environment
[0.190s] DEBUG:colcon.colcon_core.event_handler.log_command:Invoking command in '/root/ros2_ws/build/realsense_msgs': CMAKE_PREFIX_PATH=/opt/ros/dashing /usr/local/bin/cmake /root/ros2_ws/src/ros2_intel_realsense/realsense_msgs -DAMENT_CMAKE_SYMLINK_INSTALL=1 -DCMAKE_INSTALL_PREFIX=/root/ros2_ws/install/realsense_msgs
[0.192s] DEBUG:colcon.colcon_core.event_handler.log_command:Invoking command in '/root/ros2_ws/build/grasp_msgs': CMAKE_PREFIX_PATH=/opt/ros/dashing /usr/local/bin/cmake /root/ros2_ws/src/ros2_grasp_library/grasp_msgs -DAMENT_CMAKE_SYMLINK_INSTALL=1 -DCMAKE_INSTALL_PREFIX=/root/ros2_ws/install/grasp_msgs
[0.194s] DEBUG:colcon.colcon_core.event_handler.log_command:Invoking command in '/root/ros2_ws/build/moveit_msgs': CMAKE_PREFIX_PATH=/opt/ros/dashing /usr/local/bin/cmake /root/ros2_ws/src/ros2_grasp_library/moveit_msgs_light -DAMENT_CMAKE_SYMLINK_INSTALL=1 -DCMAKE_INSTALL_PREFIX=/root/ros2_ws/install/moveit_msgs
[2.259s] DEBUG:colcon.colcon_core.event_handler.log_command:Invoked command in '/root/ros2_ws/build/realsense_msgs' returned '0': CMAKE_PREFIX_PATH=/opt/ros/dashing /usr/local/bin/cmake /root/ros2_ws/src/ros2_intel_realsense/realsense_msgs -DAMENT_CMAKE_SYMLINK_INSTALL=1 -DCMAKE_INSTALL_PREFIX=/root/ros2_ws/install/realsense_msgs
[2.261s] DEBUG:colcon.colcon_core.event_handler.log_command:Invoking command in '/root/ros2_ws/build/realsense_msgs': CMAKE_PREFIX_PATH=/opt/ros/dashing /usr/local/bin/cmake --build /root/ros2_ws/build/realsense_msgs -- -j16 -l16
[3.076s] DEBUG:colcon.colcon_core.event_handler.log_command:Invoked command in '/root/ros2_ws/build/grasp_msgs' returned '0': CMAKE_PREFIX_PATH=/opt/ros/dashing /usr/local/bin/cmake /root/ros2_ws/src/ros2_grasp_library/grasp_msgs -DAMENT_CMAKE_SYMLINK_INSTALL=1 -DCMAKE_INSTALL_PREFIX=/root/ros2_ws/install/grasp_msgs
[3.077s] DEBUG:colcon.colcon_core.event_handler.log_command:Invoking command in '/root/ros2_ws/build/grasp_msgs': CMAKE_PREFIX_PATH=/opt/ros/dashing /usr/local/bin/cmake --build /root/ros2_ws/build/grasp_msgs -- -j16 -l16
[3.890s] DEBUG:colcon.colcon_core.event_handler.log_command:Invoked command in '/root/ros2_ws/build/moveit_msgs' returned '0': CMAKE_PREFIX_PATH=/opt/ros/dashing /usr/local/bin/cmake /root/ros2_ws/src/ros2_grasp_library/moveit_msgs_light -DAMENT_CMAKE_SYMLINK_INSTALL=1 -DCMAKE_INSTALL_PREFIX=/root/ros2_ws/install/moveit_msgs
[3.893s] DEBUG:colcon.colcon_core.event_handler.log_command:Invoking command in '/root/ros2_ws/build/moveit_msgs': CMAKE_PREFIX_PATH=/opt/ros/dashing /usr/local/bin/cmake --build /root/ros2_ws/build/moveit_msgs -- -j16 -l16
[4.120s] DEBUG:colcon.colcon_core.event_handler.log_command:Invoked command in '/root/ros2_ws/build/realsense_msgs' returned '0': CMAKE_PREFIX_PATH=/opt/ros/dashing /usr/local/bin/cmake --build /root/ros2_ws/build/realsense_msgs -- -j16 -l16
[4.153s] DEBUG:colcon.colcon_core.event_handler.log_command:Invoking command in '/root/ros2_ws/build/realsense_msgs': CMAKE_PREFIX_PATH=/opt/ros/dashing /usr/local/bin/cmake --build /root/ros2_ws/build/realsense_msgs --target install -- -j16 -l16
[4.410s] Level 1:colcon.colcon_core.environment:create_environment_scripts_only(realsense_msgs)
[4.411s] DEBUG:colcon.colcon_core.event_handler.log_command:Invoked command in '/root/ros2_ws/build/realsense_msgs' returned '0': CMAKE_PREFIX_PATH=/opt/ros/dashing /usr/local/bin/cmake --build /root/ros2_ws/build/realsense_msgs --target install -- -j16 -l16
[4.413s] Level 1:colcon.colcon_core.environment:checking '/root/ros2_ws/install/realsense_msgs' for CMake module files
[4.413s] Level 1:colcon.colcon_core.environment:checking '/root/ros2_ws/install/realsense_msgs' for CMake config files
[4.414s] Level 1:colcon.colcon_core.shell:create_environment_hook('realsense_msgs', 'cmake_prefix_path')
[4.414s] INFO:colcon.colcon_core.shell:Creating environment hook '/root/ros2_ws/install/realsense_msgs/share/realsense_msgs/hook/cmake_prefix_path.ps1'
[4.414s] INFO:colcon.colcon_core.shell:Creating environment descriptor '/root/ros2_ws/install/realsense_msgs/share/realsense_msgs/hook/cmake_prefix_path.dsv'
[4.415s] INFO:colcon.colcon_core.shell:Creating environment hook '/root/ros2_ws/install/realsense_msgs/share/realsense_msgs/hook/cmake_prefix_path.sh'
[4.416s] Level 1:colcon.colcon_core.environment:checking '/root/ros2_ws/install/realsense_msgs/lib'
[4.416s] Level 1:colcon.colcon_core.shell:create_environment_hook('realsense_msgs', 'ld_library_path_lib')
[4.416s] INFO:colcon.colcon_core.shell:Creating environment hook '/root/ros2_ws/install/realsense_msgs/share/realsense_msgs/hook/ld_library_path_lib.ps1'
[4.416s] INFO:colcon.colcon_core.shell:Creating environment descriptor '/root/ros2_ws/install/realsense_msgs/share/realsense_msgs/hook/ld_library_path_lib.dsv'
[4.416s] INFO:colcon.colcon_core.shell:Creating environment hook '/root/ros2_ws/install/realsense_msgs/share/realsense_msgs/hook/ld_library_path_lib.sh'
[4.417s] Level 1:colcon.colcon_core.environment:checking '/root/ros2_ws/install/realsense_msgs/bin'
[4.417s] Level 1:colcon.colcon_core.environment:checking '/root/ros2_ws/install/realsense_msgs/lib/pkgconfig/realsense_msgs.pc'
[4.417s] Level 1:colcon.colcon_core.environment:checking '/root/ros2_ws/install/realsense_msgs/lib/python3.6/site-packages'
[4.417s] Level 1:colcon.colcon_core.shell:create_environment_hook('realsense_msgs', 'pythonpath')
[4.417s] INFO:colcon.colcon_core.shell:Creating environment hook '/root/ros2_ws/install/realsense_msgs/share/realsense_msgs/hook/pythonpath.ps1'
[4.417s] INFO:colcon.colcon_core.shell:Creating environment descriptor '/root/ros2_ws/install/realsense_msgs/share/realsense_msgs/hook/pythonpath.dsv'
[4.417s] INFO:colcon.colcon_core.shell:Creating environment hook '/root/ros2_ws/install/realsense_msgs/share/realsense_msgs/hook/pythonpath.sh'
[4.418s] Level 1:colcon.colcon_core.environment:checking '/root/ros2_ws/install/realsense_msgs/bin'
[4.418s] INFO:colcon.colcon_core.shell:Creating package script '/root/ros2_ws/install/realsense_msgs/share/realsense_msgs/package.ps1'
[4.418s] INFO:colcon.colcon_core.shell:Creating package descriptor '/root/ros2_ws/install/realsense_msgs/share/realsense_msgs/package.dsv'
[4.419s] INFO:colcon.colcon_core.shell:Creating package script '/root/ros2_ws/install/realsense_msgs/share/realsense_msgs/package.sh'
[4.419s] INFO:colcon.colcon_core.shell:Creating package script '/root/ros2_ws/install/realsense_msgs/share/realsense_msgs/package.bash'
[4.420s] INFO:colcon.colcon_core.shell:Creating package script '/root/ros2_ws/install/realsense_msgs/share/realsense_msgs/package.zsh'
[4.420s] Level 1:colcon.colcon_core.environment:create_file_with_runtime_dependencies(/root/ros2_ws/install/realsense_msgs/share/colcon-core/packages/realsense_msgs)
[4.449s] Level 1:colcon.colcon_core.environment:create_environment_scripts_only(realsense_msgs)
[4.449s] Level 1:colcon.colcon_core.environment:checking '/root/ros2_ws/install/realsense_msgs' for CMake module files
[4.449s] Level 1:colcon.colcon_core.environment:checking '/root/ros2_ws/install/realsense_msgs' for CMake config files
[4.450s] Level 1:colcon.colcon_core.shell:create_environment_hook('realsense_msgs', 'cmake_prefix_path')
[4.450s] INFO:colcon.colcon_core.shell:Creating environment hook '/root/ros2_ws/install/realsense_msgs/share/realsense_msgs/hook/cmake_prefix_path.ps1'
[4.450s] INFO:colcon.colcon_core.shell:Creating environment descriptor '/root/ros2_ws/install/realsense_msgs/share/realsense_msgs/hook/cmake_prefix_path.dsv'
[4.450s] INFO:colcon.colcon_core.shell:Creating environment hook '/root/ros2_ws/install/realsense_msgs/share/realsense_msgs/hook/cmake_prefix_path.sh'
[4.451s] Level 1:colcon.colcon_core.environment:checking '/root/ros2_ws/install/realsense_msgs/lib'
[4.451s] Level 1:colcon.colcon_core.shell:create_environment_hook('realsense_msgs', 'ld_library_path_lib')
[4.451s] INFO:colcon.colcon_core.shell:Creating environment hook '/root/ros2_ws/install/realsense_msgs/share/realsense_msgs/hook/ld_library_path_lib.ps1'
[4.452s] INFO:colcon.colcon_core.shell:Creating environment descriptor '/root/ros2_ws/install/realsense_msgs/share/realsense_msgs/hook/ld_library_path_lib.dsv'
[4.452s] INFO:colcon.colcon_core.shell:Creating environment hook '/root/ros2_ws/install/realsense_msgs/share/realsense_msgs/hook/ld_library_path_lib.sh'
[4.452s] Level 1:colcon.colcon_core.environment:checking '/root/ros2_ws/install/realsense_msgs/bin'
[4.452s] Level 1:colcon.colcon_core.environment:checking '/root/ros2_ws/install/realsense_msgs/lib/pkgconfig/realsense_msgs.pc'
[4.452s] Level 1:colcon.colcon_core.environment:checking '/root/ros2_ws/install/realsense_msgs/lib/python3.6/site-packages'
[4.452s] Level 1:colcon.colcon_core.shell:create_environment_hook('realsense_msgs', 'pythonpath')
[4.452s] INFO:colcon.colcon_core.shell:Creating environment hook '/root/ros2_ws/install/realsense_msgs/share/realsense_msgs/hook/pythonpath.ps1'
[4.453s] INFO:colcon.colcon_core.shell:Creating environment descriptor '/root/ros2_ws/install/realsense_msgs/share/realsense_msgs/hook/pythonpath.dsv'
[4.453s] INFO:colcon.colcon_core.shell:Creating environment hook '/root/ros2_ws/install/realsense_msgs/share/realsense_msgs/hook/pythonpath.sh'
[4.453s] Level 1:colcon.colcon_core.environment:checking '/root/ros2_ws/install/realsense_msgs/bin'
[4.453s] INFO:colcon.colcon_core.shell:Creating package script '/root/ros2_ws/install/realsense_msgs/share/realsense_msgs/package.ps1'
[4.454s] INFO:colcon.colcon_core.shell:Creating package descriptor '/root/ros2_ws/install/realsense_msgs/share/realsense_msgs/package.dsv'
[4.454s] INFO:colcon.colcon_core.shell:Creating package script '/root/ros2_ws/install/realsense_msgs/share/realsense_msgs/package.sh'
[4.454s] INFO:colcon.colcon_core.shell:Creating package script '/root/ros2_ws/install/realsense_msgs/share/realsense_msgs/package.bash'
[4.454s] INFO:colcon.colcon_core.shell:Creating package script '/root/ros2_ws/install/realsense_msgs/share/realsense_msgs/package.zsh'
[4.455s] Level 1:colcon.colcon_core.environment:create_file_with_runtime_dependencies(/root/ros2_ws/install/realsense_msgs/share/colcon-core/packages/realsense_msgs)
[4.455s] INFO:colcon.colcon_ros.task.ament_cmake.build:Building ROS package in '/root/ros2_ws/src/ros2_intel_realsense/realsense_ros' with build type 'ament_cmake'
[4.455s] INFO:colcon.colcon_cmake.task.cmake.build:Building CMake package in '/root/ros2_ws/src/ros2_intel_realsense/realsense_ros'
[4.455s] INFO:colcon.colcon_core.shell:Skip shell extension 'powershell' for command environment: Not usable outside of PowerShell
[4.455s] DEBUG:colcon.colcon_core.shell:Skip shell extension 'dsv' for command environment
[4.463s] DEBUG:colcon.colcon_core.event_handler.log_command:Invoking command in '/root/ros2_ws/build/realsense_ros': AMENT_PREFIX_PATH=/root/ros2_ws/install/realsense_msgs:${AMENT_PREFIX_PATH} CMAKE_PREFIX_PATH=/root/ros2_ws/install/realsense_msgs:/opt/ros/dashing LD_LIBRARY_PATH=/root/ros2_ws/install/realsense_msgs/lib:${LD_LIBRARY_PATH} PYTHONPATH=/root/ros2_ws/install/realsense_msgs/lib/python3.6/site-packages:${PYTHONPATH} /usr/local/bin/cmake /root/ros2_ws/src/ros2_intel_realsense/realsense_ros -DAMENT_CMAKE_SYMLINK_INSTALL=1 -DCMAKE_INSTALL_PREFIX=/root/ros2_ws/install/realsense_ros
[6.442s] DEBUG:colcon.colcon_core.event_handler.log_command:Invoked command in '/root/ros2_ws/build/grasp_msgs' returned '0': CMAKE_PREFIX_PATH=/opt/ros/dashing /usr/local/bin/cmake --build /root/ros2_ws/build/grasp_msgs -- -j16 -l16
[6.490s] DEBUG:colcon.colcon_core.event_handler.log_command:Invoking command in '/root/ros2_ws/build/grasp_msgs': CMAKE_PREFIX_PATH=/opt/ros/dashing /usr/local/bin/cmake --build /root/ros2_ws/build/grasp_msgs --target install -- -j16 -l16
[6.784s] Level 1:colcon.colcon_core.environment:create_environment_scripts_only(grasp_msgs)
[6.784s] Level 1:colcon.colcon_core.environment:checking '/root/ros2_ws/install/grasp_msgs' for CMake module files
[6.785s] DEBUG:colcon.colcon_core.event_handler.log_command:Invoked command in '/root/ros2_ws/build/grasp_msgs' returned '0': CMAKE_PREFIX_PATH=/opt/ros/dashing /usr/local/bin/cmake --build /root/ros2_ws/build/grasp_msgs --target install -- -j16 -l16
[6.785s] Level 1:colcon.colcon_core.environment:checking '/root/ros2_ws/install/grasp_msgs' for CMake config files
[6.786s] Level 1:colcon.colcon_core.shell:create_environment_hook('grasp_msgs', 'cmake_prefix_path')
[6.786s] INFO:colcon.colcon_core.shell:Creating environment hook '/root/ros2_ws/install/grasp_msgs/share/grasp_msgs/hook/cmake_prefix_path.ps1'
[6.786s] INFO:colcon.colcon_core.shell:Creating environment descriptor '/root/ros2_ws/install/grasp_msgs/share/grasp_msgs/hook/cmake_prefix_path.dsv'
[6.786s] INFO:colcon.colcon_core.shell:Creating environment hook '/root/ros2_ws/install/grasp_msgs/share/grasp_msgs/hook/cmake_prefix_path.sh'
[6.787s] Level 1:colcon.colcon_core.environment:checking '/root/ros2_ws/install/grasp_msgs/lib'
[6.787s] Level 1:colcon.colcon_core.shell:create_environment_hook('grasp_msgs', 'ld_library_path_lib')
[6.787s] INFO:colcon.colcon_core.shell:Creating environment hook '/root/ros2_ws/install/grasp_msgs/share/grasp_msgs/hook/ld_library_path_lib.ps1'
[6.787s] INFO:colcon.colcon_core.shell:Creating environment descriptor '/root/ros2_ws/install/grasp_msgs/share/grasp_msgs/hook/ld_library_path_lib.dsv'
[6.787s] INFO:colcon.colcon_core.shell:Creating environment hook '/root/ros2_ws/install/grasp_msgs/share/grasp_msgs/hook/ld_library_path_lib.sh'
[6.788s] Level 1:colcon.colcon_core.environment:checking '/root/ros2_ws/install/grasp_msgs/bin'
[6.788s] Level 1:colcon.colcon_core.environment:checking '/root/ros2_ws/install/grasp_msgs/lib/pkgconfig/grasp_msgs.pc'
[6.788s] Level 1:colcon.colcon_core.environment:checking '/root/ros2_ws/install/grasp_msgs/lib/python3.6/site-packages'
[6.788s] Level 1:colcon.colcon_core.shell:create_environment_hook('grasp_msgs', 'pythonpath')
[6.788s] INFO:colcon.colcon_core.shell:Creating environment hook '/root/ros2_ws/install/grasp_msgs/share/grasp_msgs/hook/pythonpath.ps1'
[6.788s] INFO:colcon.colcon_core.shell:Creating environment descriptor '/root/ros2_ws/install/grasp_msgs/share/grasp_msgs/hook/pythonpath.dsv'
[6.788s] INFO:colcon.colcon_core.shell:Creating environment hook '/root/ros2_ws/install/grasp_msgs/share/grasp_msgs/hook/pythonpath.sh'
[6.789s] Level 1:colcon.colcon_core.environment:checking '/root/ros2_ws/install/grasp_msgs/bin'
[6.789s] INFO:colcon.colcon_core.shell:Creating package script '/root/ros2_ws/install/grasp_msgs/share/grasp_msgs/package.ps1'
[6.789s] INFO:colcon.colcon_core.shell:Creating package descriptor '/root/ros2_ws/install/grasp_msgs/share/grasp_msgs/package.dsv'
[6.789s] INFO:colcon.colcon_core.shell:Creating package script '/root/ros2_ws/install/grasp_msgs/share/grasp_msgs/package.sh'
[6.790s] INFO:colcon.colcon_core.shell:Creating package script '/root/ros2_ws/install/grasp_msgs/share/grasp_msgs/package.bash'
[6.790s] INFO:colcon.colcon_core.shell:Creating package script '/root/ros2_ws/install/grasp_msgs/share/grasp_msgs/package.zsh'
[6.790s] Level 1:colcon.colcon_core.environment:create_file_with_runtime_dependencies(/root/ros2_ws/install/grasp_msgs/share/colcon-core/packages/grasp_msgs)
[6.838s] Level 1:colcon.colcon_core.environment:create_environment_scripts_only(grasp_msgs)
[6.838s] Level 1:colcon.colcon_core.environment:checking '/root/ros2_ws/install/grasp_msgs' for CMake module files
[6.839s] Level 1:colcon.colcon_core.environment:checking '/root/ros2_ws/install/grasp_msgs' for CMake config files
[6.839s] Level 1:colcon.colcon_core.shell:create_environment_hook('grasp_msgs', 'cmake_prefix_path')
[6.839s] INFO:colcon.colcon_core.shell:Creating environment hook '/root/ros2_ws/install/grasp_msgs/share/grasp_msgs/hook/cmake_prefix_path.ps1'
[6.840s] INFO:colcon.colcon_core.shell:Creating environment descriptor '/root/ros2_ws/install/grasp_msgs/share/grasp_msgs/hook/cmake_prefix_path.dsv'
[6.840s] INFO:colcon.colcon_core.shell:Creating environment hook '/root/ros2_ws/install/grasp_msgs/share/grasp_msgs/hook/cmake_prefix_path.sh'
[6.841s] Level 1:colcon.colcon_core.environment:checking '/root/ros2_ws/install/grasp_msgs/lib'
[6.841s] Level 1:colcon.colcon_core.shell:create_environment_hook('grasp_msgs', 'ld_library_path_lib')
[6.841s] INFO:colcon.colcon_core.shell:Creating environment hook '/root/ros2_ws/install/grasp_msgs/share/grasp_msgs/hook/ld_library_path_lib.ps1'
[6.841s] INFO:colcon.colcon_core.shell:Creating environment descriptor '/root/ros2_ws/install/grasp_msgs/share/grasp_msgs/hook/ld_library_path_lib.dsv'
[6.841s] INFO:colcon.colcon_core.shell:Creating environment hook '/root/ros2_ws/install/grasp_msgs/share/grasp_msgs/hook/ld_library_path_lib.sh'
[6.841s] Level 1:colcon.colcon_core.environment:checking '/root/ros2_ws/install/grasp_msgs/bin'
[6.841s] Level 1:colcon.colcon_core.environment:checking '/root/ros2_ws/install/grasp_msgs/lib/pkgconfig/grasp_msgs.pc'
[6.842s] Level 1:colcon.colcon_core.environment:checking '/root/ros2_ws/install/grasp_msgs/lib/python3.6/site-packages'
[6.842s] Level 1:colcon.colcon_core.shell:create_environment_hook('grasp_msgs', 'pythonpath')
[6.842s] INFO:colcon.colcon_core.shell:Creating environment hook '/root/ros2_ws/install/grasp_msgs/share/grasp_msgs/hook/pythonpath.ps1'
[6.842s] INFO:colcon.colcon_core.shell:Creating environment descriptor '/root/ros2_ws/install/grasp_msgs/share/grasp_msgs/hook/pythonpath.dsv'
[6.842s] INFO:colcon.colcon_core.shell:Creating environment hook '/root/ros2_ws/install/grasp_msgs/share/grasp_msgs/hook/pythonpath.sh'
[6.843s] Level 1:colcon.colcon_core.environment:checking '/root/ros2_ws/install/grasp_msgs/bin'
[6.843s] INFO:colcon.colcon_core.shell:Creating package script '/root/ros2_ws/install/grasp_msgs/share/grasp_msgs/package.ps1'
[6.843s] INFO:colcon.colcon_core.shell:Creating package descriptor '/root/ros2_ws/install/grasp_msgs/share/grasp_msgs/package.dsv'
[6.844s] INFO:colcon.colcon_core.shell:Creating package script '/root/ros2_ws/install/grasp_msgs/share/grasp_msgs/package.sh'
[6.844s] INFO:colcon.colcon_core.shell:Creating package script '/root/ros2_ws/install/grasp_msgs/share/grasp_msgs/package.bash'
[6.844s] INFO:colcon.colcon_core.shell:Creating package script '/root/ros2_ws/install/grasp_msgs/share/grasp_msgs/package.zsh'
[6.844s] Level 1:colcon.colcon_core.environment:create_file_with_runtime_dependencies(/root/ros2_ws/install/grasp_msgs/share/colcon-core/packages/grasp_msgs)
[7.440s] DEBUG:colcon.colcon_core.event_handler.log_command:Invoked command in '/root/ros2_ws/build/realsense_ros' returned '0': AMENT_PREFIX_PATH=/root/ros2_ws/install/realsense_msgs:${AMENT_PREFIX_PATH} CMAKE_PREFIX_PATH=/root/ros2_ws/install/realsense_msgs:/opt/ros/dashing LD_LIBRARY_PATH=/root/ros2_ws/install/realsense_msgs/lib:${LD_LIBRARY_PATH} PYTHONPATH=/root/ros2_ws/install/realsense_msgs/lib/python3.6/site-packages:${PYTHONPATH} /usr/local/bin/cmake /root/ros2_ws/src/ros2_intel_realsense/realsense_ros -DAMENT_CMAKE_SYMLINK_INSTALL=1 -DCMAKE_INSTALL_PREFIX=/root/ros2_ws/install/realsense_ros
[7.441s] DEBUG:colcon.colcon_core.event_handler.log_command:Invoking command in '/root/ros2_ws/build/realsense_ros': AMENT_PREFIX_PATH=/root/ros2_ws/install/realsense_msgs:${AMENT_PREFIX_PATH} CMAKE_PREFIX_PATH=/root/ros2_ws/install/realsense_msgs:/opt/ros/dashing LD_LIBRARY_PATH=/root/ros2_ws/install/realsense_msgs/lib:${LD_LIBRARY_PATH} PYTHONPATH=/root/ros2_ws/install/realsense_msgs/lib/python3.6/site-packages:${PYTHONPATH} /usr/local/bin/cmake --build /root/ros2_ws/build/realsense_ros -- -j16 -l16
[10.500s] DEBUG:colcon.colcon_core.event_handler.log_command:Invoked command in '/root/ros2_ws/build/moveit_msgs' returned '0': CMAKE_PREFIX_PATH=/opt/ros/dashing /usr/local/bin/cmake --build /root/ros2_ws/build/moveit_msgs -- -j16 -l16
[10.585s] DEBUG:colcon.colcon_core.event_handler.log_command:Invoking command in '/root/ros2_ws/build/moveit_msgs': CMAKE_PREFIX_PATH=/opt/ros/dashing /usr/local/bin/cmake --build /root/ros2_ws/build/moveit_msgs --target install -- -j16 -l16
[11.002s] Level 1:colcon.colcon_core.environment:create_environment_scripts_only(moveit_msgs)
[11.003s] Level 1:colcon.colcon_core.environment:checking '/root/ros2_ws/install/moveit_msgs' for CMake module files
[11.003s] DEBUG:colcon.colcon_core.event_handler.log_command:Invoked command in '/root/ros2_ws/build/moveit_msgs' returned '0': CMAKE_PREFIX_PATH=/opt/ros/dashing /usr/local/bin/cmake --build /root/ros2_ws/build/moveit_msgs --target install -- -j16 -l16
[11.003s] Level 1:colcon.colcon_core.environment:checking '/root/ros2_ws/install/moveit_msgs' for CMake config files
[11.004s] Level 1:colcon.colcon_core.shell:create_environment_hook('moveit_msgs', 'cmake_prefix_path')
[11.004s] INFO:colcon.colcon_core.shell:Creating environment hook '/root/ros2_ws/install/moveit_msgs/share/moveit_msgs/hook/cmake_prefix_path.ps1'
[11.004s] INFO:colcon.colcon_core.shell:Creating environment descriptor '/root/ros2_ws/install/moveit_msgs/share/moveit_msgs/hook/cmake_prefix_path.dsv'
[11.004s] INFO:colcon.colcon_core.shell:Creating environment hook '/root/ros2_ws/install/moveit_msgs/share/moveit_msgs/hook/cmake_prefix_path.sh'
[11.005s] Level 1:colcon.colcon_core.environment:checking '/root/ros2_ws/install/moveit_msgs/lib'
[11.005s] Level 1:colcon.colcon_core.shell:create_environment_hook('moveit_msgs', 'ld_library_path_lib')
[11.005s] INFO:colcon.colcon_core.shell:Creating environment hook '/root/ros2_ws/install/moveit_msgs/share/moveit_msgs/hook/ld_library_path_lib.ps1'
[11.005s] INFO:colcon.colcon_core.shell:Creating environment descriptor '/root/ros2_ws/install/moveit_msgs/share/moveit_msgs/hook/ld_library_path_lib.dsv'
[11.005s] INFO:colcon.colcon_core.shell:Creating environment hook '/root/ros2_ws/install/moveit_msgs/share/moveit_msgs/hook/ld_library_path_lib.sh'
[11.006s] Level 1:colcon.colcon_core.environment:checking '/root/ros2_ws/install/moveit_msgs/bin'
[11.006s] Level 1:colcon.colcon_core.environment:checking '/root/ros2_ws/install/moveit_msgs/lib/pkgconfig/moveit_msgs.pc'
[11.006s] Level 1:colcon.colcon_core.environment:checking '/root/ros2_ws/install/moveit_msgs/lib/python3.6/site-packages'
[11.006s] Level 1:colcon.colcon_core.shell:create_environment_hook('moveit_msgs', 'pythonpath')
[11.006s] INFO:colcon.colcon_core.shell:Creating environment hook '/root/ros2_ws/install/moveit_msgs/share/moveit_msgs/hook/pythonpath.ps1'
[11.006s] INFO:colcon.colcon_core.shell:Creating environment descriptor '/root/ros2_ws/install/moveit_msgs/share/moveit_msgs/hook/pythonpath.dsv'
[11.006s] INFO:colcon.colcon_core.shell:Creating environment hook '/root/ros2_ws/install/moveit_msgs/share/moveit_msgs/hook/pythonpath.sh'
[11.007s] Level 1:colcon.colcon_core.environment:checking '/root/ros2_ws/install/moveit_msgs/bin'
[11.007s] INFO:colcon.colcon_core.shell:Creating package script '/root/ros2_ws/install/moveit_msgs/share/moveit_msgs/package.ps1'
[11.007s] INFO:colcon.colcon_core.shell:Creating package descriptor '/root/ros2_ws/install/moveit_msgs/share/moveit_msgs/package.dsv'
[11.007s] INFO:colcon.colcon_core.shell:Creating package script '/root/ros2_ws/install/moveit_msgs/share/moveit_msgs/package.sh'
[11.008s] INFO:colcon.colcon_core.shell:Creating package script '/root/ros2_ws/install/moveit_msgs/share/moveit_msgs/package.bash'
[11.008s] INFO:colcon.colcon_core.shell:Creating package script '/root/ros2_ws/install/moveit_msgs/share/moveit_msgs/package.zsh'
[11.008s] Level 1:colcon.colcon_core.environment:create_file_with_runtime_dependencies(/root/ros2_ws/install/moveit_msgs/share/colcon-core/packages/moveit_msgs)
[11.090s] Level 1:colcon.colcon_core.environment:create_environment_scripts_only(moveit_msgs)
[11.090s] Level 1:colcon.colcon_core.environment:checking '/root/ros2_ws/install/moveit_msgs' for CMake module files
[11.090s] Level 1:colcon.colcon_core.environment:checking '/root/ros2_ws/install/moveit_msgs' for CMake config files
[11.091s] Level 1:colcon.colcon_core.shell:create_environment_hook('moveit_msgs', 'cmake_prefix_path')
[11.091s] INFO:colcon.colcon_core.shell:Creating environment hook '/root/ros2_ws/install/moveit_msgs/share/moveit_msgs/hook/cmake_prefix_path.ps1'
[11.091s] INFO:colcon.colcon_core.shell:Creating environment descriptor '/root/ros2_ws/install/moveit_msgs/share/moveit_msgs/hook/cmake_prefix_path.dsv'
[11.092s] INFO:colcon.colcon_core.shell:Creating environment hook '/root/ros2_ws/install/moveit_msgs/share/moveit_msgs/hook/cmake_prefix_path.sh'
[11.092s] Level 1:colcon.colcon_core.environment:checking '/root/ros2_ws/install/moveit_msgs/lib'
[11.092s] Level 1:colcon.colcon_core.shell:create_environment_hook('moveit_msgs', 'ld_library_path_lib')
[11.092s] INFO:colcon.colcon_core.shell:Creating environment hook '/root/ros2_ws/install/moveit_msgs/share/moveit_msgs/hook/ld_library_path_lib.ps1'
[11.093s] INFO:colcon.colcon_core.shell:Creating environment descriptor '/root/ros2_ws/install/moveit_msgs/share/moveit_msgs/hook/ld_library_path_lib.dsv'
[11.093s] INFO:colcon.colcon_core.shell:Creating environment hook '/root/ros2_ws/install/moveit_msgs/share/moveit_msgs/hook/ld_library_path_lib.sh'
[11.093s] Level 1:colcon.colcon_core.environment:checking '/root/ros2_ws/install/moveit_msgs/bin'
[11.093s] Level 1:colcon.colcon_core.environment:checking '/root/ros2_ws/install/moveit_msgs/lib/pkgconfig/moveit_msgs.pc'
[11.093s] Level 1:colcon.colcon_core.environment:checking '/root/ros2_ws/install/moveit_msgs/lib/python3.6/site-packages'
[11.093s] Level 1:colcon.colcon_core.shell:create_environment_hook('moveit_msgs', 'pythonpath')
[11.093s] INFO:colcon.colcon_core.shell:Creating environment hook '/root/ros2_ws/install/moveit_msgs/share/moveit_msgs/hook/pythonpath.ps1'
[11.094s] INFO:colcon.colcon_core.shell:Creating environment descriptor '/root/ros2_ws/install/moveit_msgs/share/moveit_msgs/hook/pythonpath.dsv'
[11.094s] INFO:colcon.colcon_core.shell:Creating environment hook '/root/ros2_ws/install/moveit_msgs/share/moveit_msgs/hook/pythonpath.sh'
[11.094s] Level 1:colcon.colcon_core.environment:checking '/root/ros2_ws/install/moveit_msgs/bin'
[11.094s] INFO:colcon.colcon_core.shell:Creating package script '/root/ros2_ws/install/moveit_msgs/share/moveit_msgs/package.ps1'
[11.095s] INFO:colcon.colcon_core.shell:Creating package descriptor '/root/ros2_ws/install/moveit_msgs/share/moveit_msgs/package.dsv'
[11.095s] INFO:colcon.colcon_core.shell:Creating package script '/root/ros2_ws/install/moveit_msgs/share/moveit_msgs/package.sh'
[11.095s] INFO:colcon.colcon_core.shell:Creating package script '/root/ros2_ws/install/moveit_msgs/share/moveit_msgs/package.bash'
[11.096s] INFO:colcon.colcon_core.shell:Creating package script '/root/ros2_ws/install/moveit_msgs/share/moveit_msgs/package.zsh'
[11.096s] Level 1:colcon.colcon_core.environment:create_file_with_runtime_dependencies(/root/ros2_ws/install/moveit_msgs/share/colcon-core/packages/moveit_msgs)
[11.096s] INFO:colcon.colcon_ros.task.ament_cmake.build:Building ROS package in '/root/ros2_ws/src/ros2_grasp_library/grasp_ros2' with build type 'ament_cmake'
[11.096s] INFO:colcon.colcon_cmake.task.cmake.build:Building CMake package in '/root/ros2_ws/src/ros2_grasp_library/grasp_ros2'
[11.096s] INFO:colcon.colcon_core.shell:Skip shell extension 'powershell' for command environment: Not usable outside of PowerShell
[11.096s] DEBUG:colcon.colcon_core.shell:Skip shell extension 'dsv' for command environment
[11.106s] DEBUG:colcon.colcon_core.event_handler.log_command:Invoking command in '/root/ros2_ws/build/grasp_ros2': AMENT_PREFIX_PATH=/root/ros2_ws/install/moveit_msgs:/root/ros2_ws/install/grasp_msgs:${AMENT_PREFIX_PATH} CMAKE_PREFIX_PATH=/root/ros2_ws/install/moveit_msgs:/root/ros2_ws/install/grasp_msgs:/opt/ros/dashing LD_LIBRARY_PATH=/root/ros2_ws/install/moveit_msgs/lib:/root/ros2_ws/install/grasp_msgs/lib:${LD_LIBRARY_PATH} PYTHONPATH=/root/ros2_ws/install/moveit_msgs/lib/python3.6/site-packages:/root/ros2_ws/install/grasp_msgs/lib/python3.6/site-packages:${PYTHONPATH} /usr/local/bin/cmake /root/ros2_ws/src/ros2_grasp_library/grasp_ros2 -DAMENT_CMAKE_SYMLINK_INSTALL=1 -DCMAKE_INSTALL_PREFIX=/root/ros2_ws/install/grasp_ros2
[15.882s] DEBUG:colcon.colcon_core.event_handler.log_command:Invoked command in '/root/ros2_ws/build/grasp_ros2' returned '0': AMENT_PREFIX_PATH=/root/ros2_ws/install/moveit_msgs:/root/ros2_ws/install/grasp_msgs:${AMENT_PREFIX_PATH} CMAKE_PREFIX_PATH=/root/ros2_ws/install/moveit_msgs:/root/ros2_ws/install/grasp_msgs:/opt/ros/dashing LD_LIBRARY_PATH=/root/ros2_ws/install/moveit_msgs/lib:/root/ros2_ws/install/grasp_msgs/lib:${LD_LIBRARY_PATH} PYTHONPATH=/root/ros2_ws/install/moveit_msgs/lib/python3.6/site-packages:/root/ros2_ws/install/grasp_msgs/lib/python3.6/site-packages:${PYTHONPATH} /usr/local/bin/cmake /root/ros2_ws/src/ros2_grasp_library/grasp_ros2 -DAMENT_CMAKE_SYMLINK_INSTALL=1 -DCMAKE_INSTALL_PREFIX=/root/ros2_ws/install/grasp_ros2
[15.884s] DEBUG:colcon.colcon_core.event_handler.log_command:Invoking command in '/root/ros2_ws/build/grasp_ros2': AMENT_PREFIX_PATH=/root/ros2_ws/install/moveit_msgs:/root/ros2_ws/install/grasp_msgs:${AMENT_PREFIX_PATH} CMAKE_PREFIX_PATH=/root/ros2_ws/install/moveit_msgs:/root/ros2_ws/install/grasp_msgs:/opt/ros/dashing LD_LIBRARY_PATH=/root/ros2_ws/install/moveit_msgs/lib:/root/ros2_ws/install/grasp_msgs/lib:${LD_LIBRARY_PATH} PYTHONPATH=/root/ros2_ws/install/moveit_msgs/lib/python3.6/site-packages:/root/ros2_ws/install/grasp_msgs/lib/python3.6/site-packages:${PYTHONPATH} /usr/local/bin/cmake --build /root/ros2_ws/build/grasp_ros2 -- -j16 -l16
[16.953s] DEBUG:colcon.colcon_core.event_handler.log_command:Invoked command in '/root/ros2_ws/build/realsense_ros' returned '0': AMENT_PREFIX_PATH=/root/ros2_ws/install/realsense_msgs:${AMENT_PREFIX_PATH} CMAKE_PREFIX_PATH=/root/ros2_ws/install/realsense_msgs:/opt/ros/dashing LD_LIBRARY_PATH=/root/ros2_ws/install/realsense_msgs/lib:${LD_LIBRARY_PATH} PYTHONPATH=/root/ros2_ws/install/realsense_msgs/lib/python3.6/site-packages:${PYTHONPATH} /usr/local/bin/cmake --build /root/ros2_ws/build/realsense_ros -- -j16 -l16
[16.973s] DEBUG:colcon.colcon_core.event_handler.log_command:Invoking command in '/root/ros2_ws/build/realsense_ros': AMENT_PREFIX_PATH=/root/ros2_ws/install/realsense_msgs:${AMENT_PREFIX_PATH} CMAKE_PREFIX_PATH=/root/ros2_ws/install/realsense_msgs:/opt/ros/dashing LD_LIBRARY_PATH=/root/ros2_ws/install/realsense_msgs/lib:${LD_LIBRARY_PATH} PYTHONPATH=/root/ros2_ws/install/realsense_msgs/lib/python3.6/site-packages:${PYTHONPATH} /usr/local/bin/cmake --build /root/ros2_ws/build/realsense_ros --target install -- -j16 -l16
[17.096s] Level 1:colcon.colcon_core.environment:create_environment_scripts_only(realsense_ros)
[17.096s] Level 1:colcon.colcon_core.environment:checking '/root/ros2_ws/install/realsense_ros' for CMake module files
[17.097s] DEBUG:colcon.colcon_core.event_handler.log_command:Invoked command in '/root/ros2_ws/build/realsense_ros' returned '0': AMENT_PREFIX_PATH=/root/ros2_ws/install/realsense_msgs:${AMENT_PREFIX_PATH} CMAKE_PREFIX_PATH=/root/ros2_ws/install/realsense_msgs:/opt/ros/dashing LD_LIBRARY_PATH=/root/ros2_ws/install/realsense_msgs/lib:${LD_LIBRARY_PATH} PYTHONPATH=/root/ros2_ws/install/realsense_msgs/lib/python3.6/site-packages:${PYTHONPATH} /usr/local/bin/cmake --build /root/ros2_ws/build/realsense_ros --target install -- -j16 -l16
[17.097s] Level 1:colcon.colcon_core.environment:checking '/root/ros2_ws/install/realsense_ros' for CMake config files
[17.097s] Level 1:colcon.colcon_core.shell:create_environment_hook('realsense_ros', 'cmake_prefix_path')
[17.098s] INFO:colcon.colcon_core.shell:Creating environment hook '/root/ros2_ws/install/realsense_ros/share/realsense_ros/hook/cmake_prefix_path.ps1'
[17.098s] INFO:colcon.colcon_core.shell:Creating environment descriptor '/root/ros2_ws/install/realsense_ros/share/realsense_ros/hook/cmake_prefix_path.dsv'
[17.098s] INFO:colcon.colcon_core.shell:Creating environment hook '/root/ros2_ws/install/realsense_ros/share/realsense_ros/hook/cmake_prefix_path.sh'
[17.099s] Level 1:colcon.colcon_core.environment:checking '/root/ros2_ws/install/realsense_ros/lib'
[17.099s] Level 1:colcon.colcon_core.shell:create_environment_hook('realsense_ros', 'ld_library_path_lib')
[17.099s] INFO:colcon.colcon_core.shell:Creating environment hook '/root/ros2_ws/install/realsense_ros/share/realsense_ros/hook/ld_library_path_lib.ps1'
[17.099s] INFO:colcon.colcon_core.shell:Creating environment descriptor '/root/ros2_ws/install/realsense_ros/share/realsense_ros/hook/ld_library_path_lib.dsv'
[17.099s] INFO:colcon.colcon_core.shell:Creating environment hook '/root/ros2_ws/install/realsense_ros/share/realsense_ros/hook/ld_library_path_lib.sh'
[17.100s] Level 1:colcon.colcon_core.environment:checking '/root/ros2_ws/install/realsense_ros/bin'
[17.100s] Level 1:colcon.colcon_core.environment:checking '/root/ros2_ws/install/realsense_ros/lib/pkgconfig/realsense_ros.pc'
[17.100s] Level 1:colcon.colcon_core.environment:checking '/root/ros2_ws/install/realsense_ros/lib/python3.6/site-packages'
[17.100s] Level 1:colcon.colcon_core.environment:checking '/root/ros2_ws/install/realsense_ros/bin'
[17.100s] INFO:colcon.colcon_core.shell:Creating package script '/root/ros2_ws/install/realsense_ros/share/realsense_ros/package.ps1'
[17.100s] INFO:colcon.colcon_core.shell:Creating package descriptor '/root/ros2_ws/install/realsense_ros/share/realsense_ros/package.dsv'
[17.101s] INFO:colcon.colcon_core.shell:Creating package script '/root/ros2_ws/install/realsense_ros/share/realsense_ros/package.sh'
[17.101s] INFO:colcon.colcon_core.shell:Creating package script '/root/ros2_ws/install/realsense_ros/share/realsense_ros/package.bash'
[17.101s] INFO:colcon.colcon_core.shell:Creating package script '/root/ros2_ws/install/realsense_ros/share/realsense_ros/package.zsh'
[17.101s] Level 1:colcon.colcon_core.environment:create_file_with_runtime_dependencies(/root/ros2_ws/install/realsense_ros/share/colcon-core/packages/realsense_ros)
[17.122s] Level 1:colcon.colcon_core.environment:create_environment_scripts_only(realsense_ros)
[17.122s] Level 1:colcon.colcon_core.environment:checking '/root/ros2_ws/install/realsense_ros' for CMake module files
[17.123s] Level 1:colcon.colcon_core.environment:checking '/root/ros2_ws/install/realsense_ros' for CMake config files
[17.124s] Level 1:colcon.colcon_core.shell:create_environment_hook('realsense_ros', 'cmake_prefix_path')
[17.124s] INFO:colcon.colcon_core.shell:Creating environment hook '/root/ros2_ws/install/realsense_ros/share/realsense_ros/hook/cmake_prefix_path.ps1'
[17.125s] INFO:colcon.colcon_core.shell:Creating environment descriptor '/root/ros2_ws/install/realsense_ros/share/realsense_ros/hook/cmake_prefix_path.dsv'
[17.125s] INFO:colcon.colcon_core.shell:Creating environment hook '/root/ros2_ws/install/realsense_ros/share/realsense_ros/hook/cmake_prefix_path.sh'
[17.126s] Level 1:colcon.colcon_core.environment:checking '/root/ros2_ws/install/realsense_ros/lib'
[17.126s] Level 1:colcon.colcon_core.shell:create_environment_hook('realsense_ros', 'ld_library_path_lib')
[17.126s] INFO:colcon.colcon_core.shell:Creating environment hook '/root/ros2_ws/install/realsense_ros/share/realsense_ros/hook/ld_library_path_lib.ps1'
[17.127s] INFO:colcon.colcon_core.shell:Creating environment descriptor '/root/ros2_ws/install/realsense_ros/share/realsense_ros/hook/ld_library_path_lib.dsv'
[17.127s] INFO:colcon.colcon_core.shell:Creating environment hook '/root/ros2_ws/install/realsense_ros/share/realsense_ros/hook/ld_library_path_lib.sh'
[17.127s] Level 1:colcon.colcon_core.environment:checking '/root/ros2_ws/install/realsense_ros/bin'
[17.128s] Level 1:colcon.colcon_core.environment:checking '/root/ros2_ws/install/realsense_ros/lib/pkgconfig/realsense_ros.pc'
[17.128s] Level 1:colcon.colcon_core.environment:checking '/root/ros2_ws/install/realsense_ros/lib/python3.6/site-packages'
[17.128s] Level 1:colcon.colcon_core.environment:checking '/root/ros2_ws/install/realsense_ros/bin'
[17.128s] INFO:colcon.colcon_core.shell:Creating package script '/root/ros2_ws/install/realsense_ros/share/realsense_ros/package.ps1'
[17.129s] INFO:colcon.colcon_core.shell:Creating package descriptor '/root/ros2_ws/install/realsense_ros/share/realsense_ros/package.dsv'
[17.129s] INFO:colcon.colcon_core.shell:Creating package script '/root/ros2_ws/install/realsense_ros/share/realsense_ros/package.sh'
[17.130s] INFO:colcon.colcon_core.shell:Creating package script '/root/ros2_ws/install/realsense_ros/share/realsense_ros/package.bash'
[17.130s] INFO:colcon.colcon_core.shell:Creating package script '/root/ros2_ws/install/realsense_ros/share/realsense_ros/package.zsh'
[17.131s] Level 1:colcon.colcon_core.environment:create_file_with_runtime_dependencies(/root/ros2_ws/install/realsense_ros/share/colcon-core/packages/realsense_ros)
[17.131s] INFO:colcon.colcon_ros.task.ament_cmake.build:Building ROS package in '/root/ros2_ws/src/ros2_intel_realsense/realsense_node' with build type 'ament_cmake'
[17.131s] INFO:colcon.colcon_cmake.task.cmake.build:Building CMake package in '/root/ros2_ws/src/ros2_intel_realsense/realsense_node'
[17.132s] INFO:colcon.colcon_core.shell:Skip shell extension 'powershell' for command environment: Not usable outside of PowerShell
[17.132s] DEBUG:colcon.colcon_core.shell:Skip shell extension 'dsv' for command environment
[17.144s] DEBUG:colcon.colcon_core.event_handler.log_command:Invoking command in '/root/ros2_ws/build/realsense_node': AMENT_PREFIX_PATH=/root/ros2_ws/install/realsense_ros:/root/ros2_ws/install/realsense_msgs:${AMENT_PREFIX_PATH} CMAKE_PREFIX_PATH=/root/ros2_ws/install/realsense_ros:/root/ros2_ws/install/realsense_msgs:/opt/ros/dashing LD_LIBRARY_PATH=/root/ros2_ws/install/realsense_ros/lib:/root/ros2_ws/install/realsense_msgs/lib:${LD_LIBRARY_PATH} PYTHONPATH=/root/ros2_ws/install/realsense_msgs/lib/python3.6/site-packages:${PYTHONPATH} /usr/local/bin/cmake /root/ros2_ws/src/ros2_intel_realsense/realsense_node -DAMENT_CMAKE_SYMLINK_INSTALL=1 -DCMAKE_INSTALL_PREFIX=/root/ros2_ws/install/realsense_node
[19.373s] DEBUG:colcon.colcon_core.event_handler.log_command:Invoked command in '/root/ros2_ws/build/realsense_node' returned '0': AMENT_PREFIX_PATH=/root/ros2_ws/install/realsense_ros:/root/ros2_ws/install/realsense_msgs:${AMENT_PREFIX_PATH} CMAKE_PREFIX_PATH=/root/ros2_ws/install/realsense_ros:/root/ros2_ws/install/realsense_msgs:/opt/ros/dashing LD_LIBRARY_PATH=/root/ros2_ws/install/realsense_ros/lib:/root/ros2_ws/install/realsense_msgs/lib:${LD_LIBRARY_PATH} PYTHONPATH=/root/ros2_ws/install/realsense_msgs/lib/python3.6/site-packages:${PYTHONPATH} /usr/local/bin/cmake /root/ros2_ws/src/ros2_intel_realsense/realsense_node -DAMENT_CMAKE_SYMLINK_INSTALL=1 -DCMAKE_INSTALL_PREFIX=/root/ros2_ws/install/realsense_node
[19.376s] DEBUG:colcon.colcon_core.event_handler.log_command:Invoking command in '/root/ros2_ws/build/realsense_node': AMENT_PREFIX_PATH=/root/ros2_ws/install/realsense_ros:/root/ros2_ws/install/realsense_msgs:${AMENT_PREFIX_PATH} CMAKE_PREFIX_PATH=/root/ros2_ws/install/realsense_ros:/root/ros2_ws/install/realsense_msgs:/opt/ros/dashing LD_LIBRARY_PATH=/root/ros2_ws/install/realsense_ros/lib:/root/ros2_ws/install/realsense_msgs/lib:${LD_LIBRARY_PATH} PYTHONPATH=/root/ros2_ws/install/realsense_msgs/lib/python3.6/site-packages:${PYTHONPATH} /usr/local/bin/cmake --build /root/ros2_ws/build/realsense_node -- -j16 -l16
[21.372s] DEBUG:colcon.colcon_core.event_handler.log_command:Invoked command in '/root/ros2_ws/build/realsense_node' returned '0': AMENT_PREFIX_PATH=/root/ros2_ws/install/realsense_ros:/root/ros2_ws/install/realsense_msgs:${AMENT_PREFIX_PATH} CMAKE_PREFIX_PATH=/root/ros2_ws/install/realsense_ros:/root/ros2_ws/install/realsense_msgs:/opt/ros/dashing LD_LIBRARY_PATH=/root/ros2_ws/install/realsense_ros/lib:/root/ros2_ws/install/realsense_msgs/lib:${LD_LIBRARY_PATH} PYTHONPATH=/root/ros2_ws/install/realsense_msgs/lib/python3.6/site-packages:${PYTHONPATH} /usr/local/bin/cmake --build /root/ros2_ws/build/realsense_node -- -j16 -l16
[21.389s] DEBUG:colcon.colcon_core.event_handler.log_command:Invoking command in '/root/ros2_ws/build/realsense_node': AMENT_PREFIX_PATH=/root/ros2_ws/install/realsense_ros:/root/ros2_ws/install/realsense_msgs:${AMENT_PREFIX_PATH} CMAKE_PREFIX_PATH=/root/ros2_ws/install/realsense_ros:/root/ros2_ws/install/realsense_msgs:/opt/ros/dashing LD_LIBRARY_PATH=/root/ros2_ws/install/realsense_ros/lib:/root/ros2_ws/install/realsense_msgs/lib:${LD_LIBRARY_PATH} PYTHONPATH=/root/ros2_ws/install/realsense_msgs/lib/python3.6/site-packages:${PYTHONPATH} /usr/local/bin/cmake --build /root/ros2_ws/build/realsense_node --target install -- -j16 -l16
[21.466s] Level 1:colcon.colcon_core.environment:create_environment_scripts_only(realsense_node)
[21.467s] Level 1:colcon.colcon_core.environment:checking '/root/ros2_ws/install/realsense_node' for CMake module files
[21.467s] DEBUG:colcon.colcon_core.event_handler.log_command:Invoked command in '/root/ros2_ws/build/realsense_node' returned '0': AMENT_PREFIX_PATH=/root/ros2_ws/install/realsense_ros:/root/ros2_ws/install/realsense_msgs:${AMENT_PREFIX_PATH} CMAKE_PREFIX_PATH=/root/ros2_ws/install/realsense_ros:/root/ros2_ws/install/realsense_msgs:/opt/ros/dashing LD_LIBRARY_PATH=/root/ros2_ws/install/realsense_ros/lib:/root/ros2_ws/install/realsense_msgs/lib:${LD_LIBRARY_PATH} PYTHONPATH=/root/ros2_ws/install/realsense_msgs/lib/python3.6/site-packages:${PYTHONPATH} /usr/local/bin/cmake --build /root/ros2_ws/build/realsense_node --target install -- -j16 -l16
[21.468s] Level 1:colcon.colcon_core.environment:checking '/root/ros2_ws/install/realsense_node' for CMake config files
[21.468s] Level 1:colcon.colcon_core.shell:create_environment_hook('realsense_node', 'cmake_prefix_path')
[21.469s] INFO:colcon.colcon_core.shell:Creating environment hook '/root/ros2_ws/install/realsense_node/share/realsense_node/hook/cmake_prefix_path.ps1'
[21.469s] INFO:colcon.colcon_core.shell:Creating environment descriptor '/root/ros2_ws/install/realsense_node/share/realsense_node/hook/cmake_prefix_path.dsv'
[21.469s] INFO:colcon.colcon_core.shell:Creating environment hook '/root/ros2_ws/install/realsense_node/share/realsense_node/hook/cmake_prefix_path.sh'
[21.470s] Level 1:colcon.colcon_core.environment:checking '/root/ros2_ws/install/realsense_node/lib'
[21.470s] Level 1:colcon.colcon_core.environment:checking '/root/ros2_ws/install/realsense_node/bin'
[21.470s] Level 1:colcon.colcon_core.shell:create_environment_hook('realsense_node', 'path')
[21.471s] INFO:colcon.colcon_core.shell:Creating environment hook '/root/ros2_ws/install/realsense_node/share/realsense_node/hook/path.ps1'
[21.471s] INFO:colcon.colcon_core.shell:Creating environment descriptor '/root/ros2_ws/install/realsense_node/share/realsense_node/hook/path.dsv'
[21.471s] INFO:colcon.colcon_core.shell:Creating environment hook '/root/ros2_ws/install/realsense_node/share/realsense_node/hook/path.sh'
[21.472s] Level 1:colcon.colcon_core.environment:checking '/root/ros2_ws/install/realsense_node/lib/pkgconfig/realsense_node.pc'
[21.472s] Level 1:colcon.colcon_core.environment:checking '/root/ros2_ws/install/realsense_node/lib/python3.6/site-packages'
[21.472s] Level 1:colcon.colcon_core.environment:checking '/root/ros2_ws/install/realsense_node/bin'
[21.472s] Level 1:colcon.colcon_core.shell:create_environment_hook('realsense_node', 'pythonscriptspath')
[21.472s] INFO:colcon.colcon_core.shell:Creating environment hook '/root/ros2_ws/install/realsense_node/share/realsense_node/hook/pythonscriptspath.ps1'
[21.473s] INFO:colcon.colcon_core.shell:Creating environment descriptor '/root/ros2_ws/install/realsense_node/share/realsense_node/hook/pythonscriptspath.dsv'
[21.473s] INFO:colcon.colcon_core.shell:Creating environment hook '/root/ros2_ws/install/realsense_node/share/realsense_node/hook/pythonscriptspath.sh'
[21.474s] INFO:colcon.colcon_core.shell:Creating package script '/root/ros2_ws/install/realsense_node/share/realsense_node/package.ps1'
[21.474s] INFO:colcon.colcon_core.shell:Creating package descriptor '/root/ros2_ws/install/realsense_node/share/realsense_node/package.dsv'
[21.475s] INFO:colcon.colcon_core.shell:Creating package script '/root/ros2_ws/install/realsense_node/share/realsense_node/package.sh'
[21.475s] INFO:colcon.colcon_core.shell:Creating package script '/root/ros2_ws/install/realsense_node/share/realsense_node/package.bash'
[21.476s] INFO:colcon.colcon_core.shell:Creating package script '/root/ros2_ws/install/realsense_node/share/realsense_node/package.zsh'
[21.476s] Level 1:colcon.colcon_core.environment:create_file_with_runtime_dependencies(/root/ros2_ws/install/realsense_node/share/colcon-core/packages/realsense_node)
[21.491s] Level 1:colcon.colcon_core.environment:create_environment_scripts_only(realsense_node)
[21.491s] Level 1:colcon.colcon_core.environment:checking '/root/ros2_ws/install/realsense_node' for CMake module files
[21.492s] Level 1:colcon.colcon_core.environment:checking '/root/ros2_ws/install/realsense_node' for CMake config files
[21.493s] Level 1:colcon.colcon_core.shell:create_environment_hook('realsense_node', 'cmake_prefix_path')
[21.493s] INFO:colcon.colcon_core.shell:Creating environment hook '/root/ros2_ws/install/realsense_node/share/realsense_node/hook/cmake_prefix_path.ps1'
[21.493s] INFO:colcon.colcon_core.shell:Creating environment descriptor '/root/ros2_ws/install/realsense_node/share/realsense_node/hook/cmake_prefix_path.dsv'
[21.494s] INFO:colcon.colcon_core.shell:Creating environment hook '/root/ros2_ws/install/realsense_node/share/realsense_node/hook/cmake_prefix_path.sh'
[21.495s] Level 1:colcon.colcon_core.environment:checking '/root/ros2_ws/install/realsense_node/lib'
[21.495s] Level 1:colcon.colcon_core.environment:checking '/root/ros2_ws/install/realsense_node/bin'
[21.495s] Level 1:colcon.colcon_core.shell:create_environment_hook('realsense_node', 'path')
[21.495s] INFO:colcon.colcon_core.shell:Creating environment hook '/root/ros2_ws/install/realsense_node/share/realsense_node/hook/path.ps1'
[21.496s] INFO:colcon.colcon_core.shell:Creating environment descriptor '/root/ros2_ws/install/realsense_node/share/realsense_node/hook/path.dsv'
[21.496s] INFO:colcon.colcon_core.shell:Creating environment hook '/root/ros2_ws/install/realsense_node/share/realsense_node/hook/path.sh'
[21.496s] Level 1:colcon.colcon_core.environment:checking '/root/ros2_ws/install/realsense_node/lib/pkgconfig/realsense_node.pc'
[21.496s] Level 1:colcon.colcon_core.environment:checking '/root/ros2_ws/install/realsense_node/lib/python3.6/site-packages'
[21.497s] Level 1:colcon.colcon_core.environment:checking '/root/ros2_ws/install/realsense_node/bin'
[21.497s] Level 1:colcon.colcon_core.shell:create_environment_hook('realsense_node', 'pythonscriptspath')
[21.497s] INFO:colcon.colcon_core.shell:Creating environment hook '/root/ros2_ws/install/realsense_node/share/realsense_node/hook/pythonscriptspath.ps1'
[21.497s] INFO:colcon.colcon_core.shell:Creating environment descriptor '/root/ros2_ws/install/realsense_node/share/realsense_node/hook/pythonscriptspath.dsv'
[21.498s] INFO:colcon.colcon_core.shell:Creating environment hook '/root/ros2_ws/install/realsense_node/share/realsense_node/hook/pythonscriptspath.sh'
[21.498s] INFO:colcon.colcon_core.shell:Creating package script '/root/ros2_ws/install/realsense_node/share/realsense_node/package.ps1'
[21.499s] INFO:colcon.colcon_core.shell:Creating package descriptor '/root/ros2_ws/install/realsense_node/share/realsense_node/package.dsv'
[21.499s] INFO:colcon.colcon_core.shell:Creating package script '/root/ros2_ws/install/realsense_node/share/realsense_node/package.sh'
[21.500s] INFO:colcon.colcon_core.shell:Creating package script '/root/ros2_ws/install/realsense_node/share/realsense_node/package.bash'
[21.500s] INFO:colcon.colcon_core.shell:Creating package script '/root/ros2_ws/install/realsense_node/share/realsense_node/package.zsh'
[21.501s] Level 1:colcon.colcon_core.environment:create_file_with_runtime_dependencies(/root/ros2_ws/install/realsense_node/share/colcon-core/packages/realsense_node)
[34.063s] DEBUG:colcon.colcon_core.event_handler.log_command:Invoked command in '/root/ros2_ws/build/grasp_ros2' returned '2': AMENT_PREFIX_PATH=/root/ros2_ws/install/moveit_msgs:/root/ros2_ws/install/grasp_msgs:${AMENT_PREFIX_PATH} CMAKE_PREFIX_PATH=/root/ros2_ws/install/moveit_msgs:/root/ros2_ws/install/grasp_msgs:/opt/ros/dashing LD_LIBRARY_PATH=/root/ros2_ws/install/moveit_msgs/lib:/root/ros2_ws/install/grasp_msgs/lib:${LD_LIBRARY_PATH} PYTHONPATH=/root/ros2_ws/install/moveit_msgs/lib/python3.6/site-packages:/root/ros2_ws/install/grasp_msgs/lib/python3.6/site-packages:${PYTHONPATH} /usr/local/bin/cmake --build /root/ros2_ws/build/grasp_ros2 -- -j16 -l16
[34.093s] Level 1:colcon.colcon_core.environment:create_environment_scripts_only(grasp_ros2)
[34.093s] Level 1:colcon.colcon_core.environment:checking '/root/ros2_ws/install/grasp_ros2' for CMake module files
[34.094s] Level 1:colcon.colcon_core.environment:checking '/root/ros2_ws/install/grasp_ros2' for CMake config files
[34.095s] Level 1:colcon.colcon_core.environment:checking '/root/ros2_ws/install/grasp_ros2/bin'
[34.095s] Level 1:colcon.colcon_core.environment:checking '/root/ros2_ws/install/grasp_ros2/lib/pkgconfig/grasp_ros2.pc'
[34.095s] Level 1:colcon.colcon_core.environment:checking '/root/ros2_ws/install/grasp_ros2/lib/python3.6/site-packages'
[34.096s] Level 1:colcon.colcon_core.environment:checking '/root/ros2_ws/install/grasp_ros2/bin'
[34.096s] INFO:colcon.colcon_core.shell:Creating package script '/root/ros2_ws/install/grasp_ros2/share/grasp_ros2/package.ps1'
[34.097s] INFO:colcon.colcon_core.shell:Creating package descriptor '/root/ros2_ws/install/grasp_ros2/share/grasp_ros2/package.dsv'
[34.098s] INFO:colcon.colcon_core.shell:Creating package script '/root/ros2_ws/install/grasp_ros2/share/grasp_ros2/package.sh'
[34.098s] INFO:colcon.colcon_core.shell:Creating package script '/root/ros2_ws/install/grasp_ros2/share/grasp_ros2/package.bash'
[34.098s] INFO:colcon.colcon_core.shell:Creating package script '/root/ros2_ws/install/grasp_ros2/share/grasp_ros2/package.zsh'
[34.099s] Level 1:colcon.colcon_core.environment:create_file_with_runtime_dependencies(/root/ros2_ws/install/grasp_ros2/share/colcon-core/packages/grasp_ros2)
[34.109s] DEBUG:colcon.colcon_parallel_executor.executor.parallel:closing loop
[34.110s] DEBUG:colcon.colcon_parallel_executor.executor.parallel:loop closed
[34.110s] DEBUG:colcon.colcon_parallel_executor.executor.parallel:run_until_complete finished with '2'
[34.110s] DEBUG:colcon.colcon_core.event_reactor:joining thread
[34.120s] INFO:colcon.colcon_core.plugin_system:Skipping extension 'colcon_notification.desktop_notification.notify_send': Could not find 'notify-send'
[34.120s] INFO:colcon.colcon_core.plugin_system:Skipping extension 'colcon_notification.desktop_notification.terminal_notifier': Not used on non-Darwin systems
[34.120s] INFO:colcon.colcon_core.plugin_system:Skipping extension 'colcon_notification.desktop_notification.win32': Not used on non-Windows systems
[34.120s] INFO:colcon.colcon_notification.desktop_notification:Sending desktop notification using 'notify2'
[34.121s] DEBUG:colcon.colcon_notification.desktop_notification.notify2:Failed to initialize notify2: org.freedesktop.DBus.Error.Spawn.ExecFailed: /usr/bin/dbus-launch terminated abnormally without any error message
[34.122s] DEBUG:colcon.colcon_core.event_reactor:joined thread
[34.122s] INFO:colcon.colcon_core.shell:Creating prefix script '/root/ros2_ws/install/local_setup.ps1'
[34.123s] INFO:colcon.colcon_core.shell:Creating prefix util module '/root/ros2_ws/install/_local_setup_util_ps1.py'
[34.124s] INFO:colcon.colcon_core.shell:Creating prefix chain script '/root/ros2_ws/install/setup.ps1'
[34.124s] INFO:colcon.colcon_core.shell:Creating prefix script '/root/ros2_ws/install/local_setup.sh'
[34.125s] INFO:colcon.colcon_core.shell:Creating prefix util module '/root/ros2_ws/install/_local_setup_util_sh.py'
[34.125s] INFO:colcon.colcon_core.shell:Creating prefix chain script '/root/ros2_ws/install/setup.sh'
[34.126s] INFO:colcon.colcon_core.shell:Creating prefix script '/root/ros2_ws/install/local_setup.bash'
[34.126s] INFO:colcon.colcon_core.shell:Creating prefix chain script '/root/ros2_ws/install/setup.bash'
[34.126s] INFO:colcon.colcon_core.shell:Creating prefix script '/root/ros2_ws/install/local_setup.zsh'
[34.127s] INFO:colcon.colcon_core.shell:Creating prefix chain script '/root/ros2_ws/install/setup.zsh'
