[0.061s] DEBUG:colcon:Command line arguments: ['/usr/bin/colcon', 'build', '--symlink-install', '--packages-select', 'grasp_msgs', 'moveit_msgs', 'people_msgs', 'grasp_ros2', 'realsense_msgs', 'realsense_ros', 'realsense_node']
[0.061s] DEBUG:colcon:Parsed command line arguments: Namespace(allow_overriding=[], ament_cmake_args=None, base_paths=['.'], build_base='build', catkin_cmake_args=None, catkin_skip_building_tests=False, cmake_args=None, cmake_clean_cache=False, cmake_clean_first=False, cmake_force_configure=False, cmake_target=None, cmake_target_skip_unavailable=False, continue_on_error=False, event_handlers=None, executor='parallel', ignore_user_meta=False, install_base='install', log_base=None, log_level=None, main=<bound method BuildVerb.main of <colcon_core.verb.build.BuildVerb object at 0x7f830448d128>>, merge_install=False, metas=['./colcon.meta'], packages_above=None, packages_above_and_dependencies=None, packages_above_depth=None, packages_end=None, packages_ignore=None, packages_ignore_regex=None, packages_select=['grasp_msgs', 'moveit_msgs', 'people_msgs', 'grasp_ros2', 'realsense_msgs', 'realsense_ros', 'realsense_node'], packages_select_build_failed=False, packages_select_by_dep=None, packages_select_regex=None, packages_select_test_failures=False, packages_skip=None, packages_skip_build_finished=False, packages_skip_by_dep=None, packages_skip_regex=None, packages_skip_test_passed=False, packages_skip_up_to=None, packages_start=None, packages_up_to=None, packages_up_to_regex=None, parallel_workers=16, paths=None, symlink_install=True, test_result_base=None, verb_extension=<colcon_core.verb.build.BuildVerb object at 0x7f830448d128>, verb_name='build', verb_parser=<colcon_defaults.argument_parser.defaults.DefaultArgumentsDecorator object at 0x7f830448d4a8>)
[0.073s] Level 1:colcon.colcon_core.package_discovery:discover_packages(colcon_meta) check parameters
[0.073s] Level 1:colcon.colcon_core.package_discovery:discover_packages(recursive) check parameters
[0.073s] Level 1:colcon.colcon_core.package_discovery:discover_packages(ignore) check parameters
[0.073s] Level 1:colcon.colcon_core.package_discovery:discover_packages(path) check parameters
[0.073s] Level 1:colcon.colcon_core.package_discovery:discover_packages(colcon_meta) discover
[0.073s] Level 1:colcon.colcon_core.package_discovery:discover_packages(recursive) discover
[0.073s] INFO:colcon.colcon_core.package_discovery:Crawling recursively for packages in '/root/ros2_ws'
[0.073s] Level 1:colcon.colcon_core.package_identification:_identify(.) by extensions ['ignore', 'ignore_ament_install']
[0.073s] Level 1:colcon.colcon_core.package_identification:_identify(.) by extension 'ignore'
[0.073s] Level 1:colcon.colcon_core.package_identification:_identify(.) by extension 'ignore_ament_install'
[0.073s] Level 1:colcon.colcon_core.package_identification:_identify(.) by extensions ['colcon_pkg']
[0.073s] Level 1:colcon.colcon_core.package_identification:_identify(.) by extension 'colcon_pkg'
[0.073s] Level 1:colcon.colcon_core.package_identification:_identify(.) by extensions ['colcon_meta']
[0.073s] Level 1:colcon.colcon_core.package_identification:_identify(.) by extension 'colcon_meta'
[0.073s] Level 1:colcon.colcon_core.package_identification:_identify(.) by extensions ['ros']
[0.073s] Level 1:colcon.colcon_core.package_identification:_identify(.) by extension 'ros'
[0.079s] Level 1:colcon.colcon_core.package_identification:_identify(.) by extensions ['cmake', 'python']
[0.080s] Level 1:colcon.colcon_core.package_identification:_identify(.) by extension 'cmake'
[0.080s] Level 1:colcon.colcon_core.package_identification:_identify(.) by extension 'python'
[0.080s] Level 1:colcon.colcon_core.package_identification:_identify(.) by extensions ['python_setup_py']
[0.080s] Level 1:colcon.colcon_core.package_identification:_identify(.) by extension 'python_setup_py'
[0.080s] Level 1:colcon.colcon_core.package_identification:_identify(build) by extensions ['ignore', 'ignore_ament_install']
[0.080s] Level 1:colcon.colcon_core.package_identification:_identify(build) by extension 'ignore'
[0.080s] Level 1:colcon.colcon_core.package_identification:_identify(build) ignored
[0.080s] Level 1:colcon.colcon_core.package_identification:_identify(install) by extensions ['ignore', 'ignore_ament_install']
[0.080s] Level 1:colcon.colcon_core.package_identification:_identify(install) by extension 'ignore'
[0.080s] Level 1:colcon.colcon_core.package_identification:_identify(install) ignored
[0.080s] Level 1:colcon.colcon_core.package_identification:_identify(log) by extensions ['ignore', 'ignore_ament_install']
[0.080s] Level 1:colcon.colcon_core.package_identification:_identify(log) by extension 'ignore'
[0.080s] Level 1:colcon.colcon_core.package_identification:_identify(log) ignored
[0.080s] Level 1:colcon.colcon_core.package_identification:_identify(src) by extensions ['ignore', 'ignore_ament_install']
[0.080s] Level 1:colcon.colcon_core.package_identification:_identify(src) by extension 'ignore'
[0.080s] Level 1:colcon.colcon_core.package_identification:_identify(src) by extension 'ignore_ament_install'
[0.080s] Level 1:colcon.colcon_core.package_identification:_identify(src) by extensions ['colcon_pkg']
[0.080s] Level 1:colcon.colcon_core.package_identification:_identify(src) by extension 'colcon_pkg'
[0.080s] Level 1:colcon.colcon_core.package_identification:_identify(src) by extensions ['colcon_meta']
[0.080s] Level 1:colcon.colcon_core.package_identification:_identify(src) by extension 'colcon_meta'
[0.080s] Level 1:colcon.colcon_core.package_identification:_identify(src) by extensions ['ros']
[0.080s] Level 1:colcon.colcon_core.package_identification:_identify(src) by extension 'ros'
[0.080s] Level 1:colcon.colcon_core.package_identification:_identify(src) by extensions ['cmake', 'python']
[0.081s] Level 1:colcon.colcon_core.package_identification:_identify(src) by extension 'cmake'
[0.081s] Level 1:colcon.colcon_core.package_identification:_identify(src) by extension 'python'
[0.081s] Level 1:colcon.colcon_core.package_identification:_identify(src) by extensions ['python_setup_py']
[0.081s] Level 1:colcon.colcon_core.package_identification:_identify(src) by extension 'python_setup_py'
[0.081s] Level 1:colcon.colcon_core.package_identification:_identify(src/baldor) by extensions ['ignore', 'ignore_ament_install']
[0.081s] Level 1:colcon.colcon_core.package_identification:_identify(src/baldor) by extension 'ignore'
[0.081s] Level 1:colcon.colcon_core.package_identification:_identify(src/baldor) by extension 'ignore_ament_install'
[0.081s] Level 1:colcon.colcon_core.package_identification:_identify(src/baldor) by extensions ['colcon_pkg']
[0.081s] Level 1:colcon.colcon_core.package_identification:_identify(src/baldor) by extension 'colcon_pkg'
[0.081s] Level 1:colcon.colcon_core.package_identification:_identify(src/baldor) by extensions ['colcon_meta']
[0.081s] Level 1:colcon.colcon_core.package_identification:_identify(src/baldor) by extension 'colcon_meta'
[0.081s] Level 1:colcon.colcon_core.package_identification:_identify(src/baldor) by extensions ['ros']
[0.081s] Level 1:colcon.colcon_core.package_identification:_identify(src/baldor) by extension 'ros'
[0.082s] DEBUG:colcon.colcon_core.package_identification:Package 'src/baldor' with type 'ros.ament_python' and name 'baldor'
[0.082s] Level 1:colcon.colcon_core.package_identification:_identify(src/criutils) by extensions ['ignore', 'ignore_ament_install']
[0.083s] Level 1:colcon.colcon_core.package_identification:_identify(src/criutils) by extension 'ignore'
[0.083s] Level 1:colcon.colcon_core.package_identification:_identify(src/criutils) by extension 'ignore_ament_install'
[0.083s] Level 1:colcon.colcon_core.package_identification:_identify(src/criutils) by extensions ['colcon_pkg']
[0.083s] Level 1:colcon.colcon_core.package_identification:_identify(src/criutils) by extension 'colcon_pkg'
[0.083s] Level 1:colcon.colcon_core.package_identification:_identify(src/criutils) by extensions ['colcon_meta']
[0.083s] Level 1:colcon.colcon_core.package_identification:_identify(src/criutils) by extension 'colcon_meta'
[0.083s] Level 1:colcon.colcon_core.package_identification:_identify(src/criutils) by extensions ['ros']
[0.083s] Level 1:colcon.colcon_core.package_identification:_identify(src/criutils) by extension 'ros'
[0.083s] DEBUG:colcon.colcon_core.package_identification:Package 'src/criutils' with type 'ros.ament_python' and name 'criutils'
[0.083s] Level 1:colcon.colcon_core.package_identification:_identify(src/handeye) by extensions ['ignore', 'ignore_ament_install']
[0.083s] Level 1:colcon.colcon_core.package_identification:_identify(src/handeye) by extension 'ignore'
[0.083s] Level 1:colcon.colcon_core.package_identification:_identify(src/handeye) by extension 'ignore_ament_install'
[0.083s] Level 1:colcon.colcon_core.package_identification:_identify(src/handeye) by extensions ['colcon_pkg']
[0.083s] Level 1:colcon.colcon_core.package_identification:_identify(src/handeye) by extension 'colcon_pkg'
[0.083s] Level 1:colcon.colcon_core.package_identification:_identify(src/handeye) by extensions ['colcon_meta']
[0.083s] Level 1:colcon.colcon_core.package_identification:_identify(src/handeye) by extension 'colcon_meta'
[0.083s] Level 1:colcon.colcon_core.package_identification:_identify(src/handeye) by extensions ['ros']
[0.083s] Level 1:colcon.colcon_core.package_identification:_identify(src/handeye) by extension 'ros'
[0.084s] DEBUG:colcon.colcon_core.package_identification:Package 'src/handeye' with type 'ros.ament_python' and name 'handeye'
[0.084s] Level 1:colcon.colcon_core.package_identification:_identify(src/ros2_grasp_library) by extensions ['ignore', 'ignore_ament_install']
[0.084s] Level 1:colcon.colcon_core.package_identification:_identify(src/ros2_grasp_library) by extension 'ignore'
[0.084s] Level 1:colcon.colcon_core.package_identification:_identify(src/ros2_grasp_library) by extension 'ignore_ament_install'
[0.084s] Level 1:colcon.colcon_core.package_identification:_identify(src/ros2_grasp_library) by extensions ['colcon_pkg']
[0.084s] Level 1:colcon.colcon_core.package_identification:_identify(src/ros2_grasp_library) by extension 'colcon_pkg'
[0.084s] Level 1:colcon.colcon_core.package_identification:_identify(src/ros2_grasp_library) by extensions ['colcon_meta']
[0.084s] Level 1:colcon.colcon_core.package_identification:_identify(src/ros2_grasp_library) by extension 'colcon_meta'
[0.084s] Level 1:colcon.colcon_core.package_identification:_identify(src/ros2_grasp_library) by extensions ['ros']
[0.084s] Level 1:colcon.colcon_core.package_identification:_identify(src/ros2_grasp_library) by extension 'ros'
[0.084s] Level 1:colcon.colcon_core.package_identification:_identify(src/ros2_grasp_library) by extensions ['cmake', 'python']
[0.084s] Level 1:colcon.colcon_core.package_identification:_identify(src/ros2_grasp_library) by extension 'cmake'
[0.084s] Level 1:colcon.colcon_core.package_identification:_identify(src/ros2_grasp_library) by extension 'python'
[0.084s] Level 1:colcon.colcon_core.package_identification:_identify(src/ros2_grasp_library) by extensions ['python_setup_py']
[0.084s] Level 1:colcon.colcon_core.package_identification:_identify(src/ros2_grasp_library) by extension 'python_setup_py'
[0.084s] Level 1:colcon.colcon_core.package_identification:_identify(src/ros2_grasp_library/docker) by extensions ['ignore', 'ignore_ament_install']
[0.084s] Level 1:colcon.colcon_core.package_identification:_identify(src/ros2_grasp_library/docker) by extension 'ignore'
[0.084s] Level 1:colcon.colcon_core.package_identification:_identify(src/ros2_grasp_library/docker) by extension 'ignore_ament_install'
[0.084s] Level 1:colcon.colcon_core.package_identification:_identify(src/ros2_grasp_library/docker) by extensions ['colcon_pkg']
[0.084s] Level 1:colcon.colcon_core.package_identification:_identify(src/ros2_grasp_library/docker) by extension 'colcon_pkg'
[0.084s] Level 1:colcon.colcon_core.package_identification:_identify(src/ros2_grasp_library/docker) by extensions ['colcon_meta']
[0.084s] Level 1:colcon.colcon_core.package_identification:_identify(src/ros2_grasp_library/docker) by extension 'colcon_meta'
[0.084s] Level 1:colcon.colcon_core.package_identification:_identify(src/ros2_grasp_library/docker) by extensions ['ros']
[0.085s] Level 1:colcon.colcon_core.package_identification:_identify(src/ros2_grasp_library/docker) by extension 'ros'
[0.085s] Level 1:colcon.colcon_core.package_identification:_identify(src/ros2_grasp_library/docker) by extensions ['cmake', 'python']
[0.085s] Level 1:colcon.colcon_core.package_identification:_identify(src/ros2_grasp_library/docker) by extension 'cmake'
[0.085s] Level 1:colcon.colcon_core.package_identification:_identify(src/ros2_grasp_library/docker) by extension 'python'
[0.085s] Level 1:colcon.colcon_core.package_identification:_identify(src/ros2_grasp_library/docker) by extensions ['python_setup_py']
[0.085s] Level 1:colcon.colcon_core.package_identification:_identify(src/ros2_grasp_library/docker) by extension 'python_setup_py'
[0.085s] Level 1:colcon.colcon_core.package_identification:_identify(src/ros2_grasp_library/docker/script) by extensions ['ignore', 'ignore_ament_install']
[0.085s] Level 1:colcon.colcon_core.package_identification:_identify(src/ros2_grasp_library/docker/script) by extension 'ignore'
[0.085s] Level 1:colcon.colcon_core.package_identification:_identify(src/ros2_grasp_library/docker/script) by extension 'ignore_ament_install'
[0.085s] Level 1:colcon.colcon_core.package_identification:_identify(src/ros2_grasp_library/docker/script) by extensions ['colcon_pkg']
[0.085s] Level 1:colcon.colcon_core.package_identification:_identify(src/ros2_grasp_library/docker/script) by extension 'colcon_pkg'
[0.085s] Level 1:colcon.colcon_core.package_identification:_identify(src/ros2_grasp_library/docker/script) by extensions ['colcon_meta']
[0.085s] Level 1:colcon.colcon_core.package_identification:_identify(src/ros2_grasp_library/docker/script) by extension 'colcon_meta'
[0.085s] Level 1:colcon.colcon_core.package_identification:_identify(src/ros2_grasp_library/docker/script) by extensions ['ros']
[0.085s] Level 1:colcon.colcon_core.package_identification:_identify(src/ros2_grasp_library/docker/script) by extension 'ros'
[0.085s] Level 1:colcon.colcon_core.package_identification:_identify(src/ros2_grasp_library/docker/script) by extensions ['cmake', 'python']
[0.085s] Level 1:colcon.colcon_core.package_identification:_identify(src/ros2_grasp_library/docker/script) by extension 'cmake'
[0.085s] Level 1:colcon.colcon_core.package_identification:_identify(src/ros2_grasp_library/docker/script) by extension 'python'
[0.085s] Level 1:colcon.colcon_core.package_identification:_identify(src/ros2_grasp_library/docker/script) by extensions ['python_setup_py']
[0.085s] Level 1:colcon.colcon_core.package_identification:_identify(src/ros2_grasp_library/docker/script) by extension 'python_setup_py'
[0.085s] Level 1:colcon.colcon_core.package_identification:_identify(src/ros2_grasp_library/grasp_apps) by extensions ['ignore', 'ignore_ament_install']
[0.085s] Level 1:colcon.colcon_core.package_identification:_identify(src/ros2_grasp_library/grasp_apps) by extension 'ignore'
[0.085s] Level 1:colcon.colcon_core.package_identification:_identify(src/ros2_grasp_library/grasp_apps) by extension 'ignore_ament_install'
[0.085s] Level 1:colcon.colcon_core.package_identification:_identify(src/ros2_grasp_library/grasp_apps) by extensions ['colcon_pkg']
[0.085s] Level 1:colcon.colcon_core.package_identification:_identify(src/ros2_grasp_library/grasp_apps) by extension 'colcon_pkg'
[0.085s] Level 1:colcon.colcon_core.package_identification:_identify(src/ros2_grasp_library/grasp_apps) by extensions ['colcon_meta']
[0.085s] Level 1:colcon.colcon_core.package_identification:_identify(src/ros2_grasp_library/grasp_apps) by extension 'colcon_meta'
[0.085s] Level 1:colcon.colcon_core.package_identification:_identify(src/ros2_grasp_library/grasp_apps) by extensions ['ros']
[0.085s] Level 1:colcon.colcon_core.package_identification:_identify(src/ros2_grasp_library/grasp_apps) by extension 'ros'
[0.085s] Level 1:colcon.colcon_core.package_identification:_identify(src/ros2_grasp_library/grasp_apps) by extensions ['cmake', 'python']
[0.085s] Level 1:colcon.colcon_core.package_identification:_identify(src/ros2_grasp_library/grasp_apps) by extension 'cmake'
[0.085s] Level 1:colcon.colcon_core.package_identification:_identify(src/ros2_grasp_library/grasp_apps) by extension 'python'
[0.086s] Level 1:colcon.colcon_core.package_identification:_identify(src/ros2_grasp_library/grasp_apps) by extensions ['python_setup_py']
[0.086s] Level 1:colcon.colcon_core.package_identification:_identify(src/ros2_grasp_library/grasp_apps) by extension 'python_setup_py'
[0.086s] Level 1:colcon.colcon_core.package_identification:_identify(src/ros2_grasp_library/grasp_apps/draw_x) by extensions ['ignore', 'ignore_ament_install']
[0.086s] Level 1:colcon.colcon_core.package_identification:_identify(src/ros2_grasp_library/grasp_apps/draw_x) by extension 'ignore'
[0.086s] Level 1:colcon.colcon_core.package_identification:_identify(src/ros2_grasp_library/grasp_apps/draw_x) by extension 'ignore_ament_install'
[0.086s] Level 1:colcon.colcon_core.package_identification:_identify(src/ros2_grasp_library/grasp_apps/draw_x) by extensions ['colcon_pkg']
[0.086s] Level 1:colcon.colcon_core.package_identification:_identify(src/ros2_grasp_library/grasp_apps/draw_x) by extension 'colcon_pkg'
[0.086s] Level 1:colcon.colcon_core.package_identification:_identify(src/ros2_grasp_library/grasp_apps/draw_x) by extensions ['colcon_meta']
[0.086s] Level 1:colcon.colcon_core.package_identification:_identify(src/ros2_grasp_library/grasp_apps/draw_x) by extension 'colcon_meta'
[0.086s] Level 1:colcon.colcon_core.package_identification:_identify(src/ros2_grasp_library/grasp_apps/draw_x) by extensions ['ros']
[0.086s] Level 1:colcon.colcon_core.package_identification:_identify(src/ros2_grasp_library/grasp_apps/draw_x) by extension 'ros'
[0.086s] DEBUG:colcon.colcon_core.package_identification:Package 'src/ros2_grasp_library/grasp_apps/draw_x' with type 'ros.ament_cmake' and name 'draw_x'
[0.086s] Level 1:colcon.colcon_core.package_identification:_identify(src/ros2_grasp_library/grasp_apps/fixed_position_pick) by extensions ['ignore', 'ignore_ament_install']
[0.086s] Level 1:colcon.colcon_core.package_identification:_identify(src/ros2_grasp_library/grasp_apps/fixed_position_pick) by extension 'ignore'
[0.086s] Level 1:colcon.colcon_core.package_identification:_identify(src/ros2_grasp_library/grasp_apps/fixed_position_pick) by extension 'ignore_ament_install'
[0.086s] Level 1:colcon.colcon_core.package_identification:_identify(src/ros2_grasp_library/grasp_apps/fixed_position_pick) by extensions ['colcon_pkg']
[0.086s] Level 1:colcon.colcon_core.package_identification:_identify(src/ros2_grasp_library/grasp_apps/fixed_position_pick) by extension 'colcon_pkg'
[0.086s] Level 1:colcon.colcon_core.package_identification:_identify(src/ros2_grasp_library/grasp_apps/fixed_position_pick) by extensions ['colcon_meta']
[0.086s] Level 1:colcon.colcon_core.package_identification:_identify(src/ros2_grasp_library/grasp_apps/fixed_position_pick) by extension 'colcon_meta'
[0.086s] Level 1:colcon.colcon_core.package_identification:_identify(src/ros2_grasp_library/grasp_apps/fixed_position_pick) by extensions ['ros']
[0.086s] Level 1:colcon.colcon_core.package_identification:_identify(src/ros2_grasp_library/grasp_apps/fixed_position_pick) by extension 'ros'
[0.087s] DEBUG:colcon.colcon_core.package_identification:Package 'src/ros2_grasp_library/grasp_apps/fixed_position_pick' with type 'ros.ament_cmake' and name 'fixed_position_pick'
[0.087s] Level 1:colcon.colcon_core.package_identification:_identify(src/ros2_grasp_library/grasp_apps/random_pick) by extensions ['ignore', 'ignore_ament_install']
[0.087s] Level 1:colcon.colcon_core.package_identification:_identify(src/ros2_grasp_library/grasp_apps/random_pick) by extension 'ignore'
[0.087s] Level 1:colcon.colcon_core.package_identification:_identify(src/ros2_grasp_library/grasp_apps/random_pick) by extension 'ignore_ament_install'
[0.087s] Level 1:colcon.colcon_core.package_identification:_identify(src/ros2_grasp_library/grasp_apps/random_pick) by extensions ['colcon_pkg']
[0.087s] Level 1:colcon.colcon_core.package_identification:_identify(src/ros2_grasp_library/grasp_apps/random_pick) by extension 'colcon_pkg'
[0.087s] Level 1:colcon.colcon_core.package_identification:_identify(src/ros2_grasp_library/grasp_apps/random_pick) by extensions ['colcon_meta']
[0.087s] Level 1:colcon.colcon_core.package_identification:_identify(src/ros2_grasp_library/grasp_apps/random_pick) by extension 'colcon_meta'
[0.087s] Level 1:colcon.colcon_core.package_identification:_identify(src/ros2_grasp_library/grasp_apps/random_pick) by extensions ['ros']
[0.087s] Level 1:colcon.colcon_core.package_identification:_identify(src/ros2_grasp_library/grasp_apps/random_pick) by extension 'ros'
[0.087s] DEBUG:colcon.colcon_core.package_identification:Package 'src/ros2_grasp_library/grasp_apps/random_pick' with type 'ros.ament_cmake' and name 'random_pick'
[0.088s] Level 1:colcon.colcon_core.package_identification:_identify(src/ros2_grasp_library/grasp_apps/recognize_pick) by extensions ['ignore', 'ignore_ament_install']
[0.088s] Level 1:colcon.colcon_core.package_identification:_identify(src/ros2_grasp_library/grasp_apps/recognize_pick) by extension 'ignore'
[0.088s] Level 1:colcon.colcon_core.package_identification:_identify(src/ros2_grasp_library/grasp_apps/recognize_pick) by extension 'ignore_ament_install'
[0.088s] Level 1:colcon.colcon_core.package_identification:_identify(src/ros2_grasp_library/grasp_apps/recognize_pick) by extensions ['colcon_pkg']
[0.088s] Level 1:colcon.colcon_core.package_identification:_identify(src/ros2_grasp_library/grasp_apps/recognize_pick) by extension 'colcon_pkg'
[0.088s] Level 1:colcon.colcon_core.package_identification:_identify(src/ros2_grasp_library/grasp_apps/recognize_pick) by extensions ['colcon_meta']
[0.088s] Level 1:colcon.colcon_core.package_identification:_identify(src/ros2_grasp_library/grasp_apps/recognize_pick) by extension 'colcon_meta'
[0.088s] Level 1:colcon.colcon_core.package_identification:_identify(src/ros2_grasp_library/grasp_apps/recognize_pick) by extensions ['ros']
[0.088s] Level 1:colcon.colcon_core.package_identification:_identify(src/ros2_grasp_library/grasp_apps/recognize_pick) by extension 'ros'
[0.088s] DEBUG:colcon.colcon_core.package_identification:Package 'src/ros2_grasp_library/grasp_apps/recognize_pick' with type 'ros.ament_cmake' and name 'recognize_pick'
[0.088s] Level 1:colcon.colcon_core.package_identification:_identify(src/ros2_grasp_library/grasp_msgs) by extensions ['ignore', 'ignore_ament_install']
[0.088s] Level 1:colcon.colcon_core.package_identification:_identify(src/ros2_grasp_library/grasp_msgs) by extension 'ignore'
[0.088s] Level 1:colcon.colcon_core.package_identification:_identify(src/ros2_grasp_library/grasp_msgs) by extension 'ignore_ament_install'
[0.088s] Level 1:colcon.colcon_core.package_identification:_identify(src/ros2_grasp_library/grasp_msgs) by extensions ['colcon_pkg']
[0.088s] Level 1:colcon.colcon_core.package_identification:_identify(src/ros2_grasp_library/grasp_msgs) by extension 'colcon_pkg'
[0.088s] Level 1:colcon.colcon_core.package_identification:_identify(src/ros2_grasp_library/grasp_msgs) by extensions ['colcon_meta']
[0.088s] Level 1:colcon.colcon_core.package_identification:_identify(src/ros2_grasp_library/grasp_msgs) by extension 'colcon_meta'
[0.088s] Level 1:colcon.colcon_core.package_identification:_identify(src/ros2_grasp_library/grasp_msgs) by extensions ['ros']
[0.088s] Level 1:colcon.colcon_core.package_identification:_identify(src/ros2_grasp_library/grasp_msgs) by extension 'ros'
[0.089s] DEBUG:colcon.colcon_core.package_identification:Package 'src/ros2_grasp_library/grasp_msgs' with type 'ros.ament_cmake' and name 'grasp_msgs'
[0.089s] Level 1:colcon.colcon_core.package_identification:_identify(src/ros2_grasp_library/grasp_ros2) by extensions ['ignore', 'ignore_ament_install']
[0.089s] Level 1:colcon.colcon_core.package_identification:_identify(src/ros2_grasp_library/grasp_ros2) by extension 'ignore'
[0.089s] Level 1:colcon.colcon_core.package_identification:_identify(src/ros2_grasp_library/grasp_ros2) by extension 'ignore_ament_install'
[0.089s] Level 1:colcon.colcon_core.package_identification:_identify(src/ros2_grasp_library/grasp_ros2) by extensions ['colcon_pkg']
[0.089s] Level 1:colcon.colcon_core.package_identification:_identify(src/ros2_grasp_library/grasp_ros2) by extension 'colcon_pkg'
[0.089s] Level 1:colcon.colcon_core.package_identification:_identify(src/ros2_grasp_library/grasp_ros2) by extensions ['colcon_meta']
[0.089s] Level 1:colcon.colcon_core.package_identification:_identify(src/ros2_grasp_library/grasp_ros2) by extension 'colcon_meta'
[0.089s] Level 1:colcon.colcon_core.package_identification:_identify(src/ros2_grasp_library/grasp_ros2) by extensions ['ros']
[0.089s] Level 1:colcon.colcon_core.package_identification:_identify(src/ros2_grasp_library/grasp_ros2) by extension 'ros'
[0.090s] DEBUG:colcon.colcon_core.package_identification:Package 'src/ros2_grasp_library/grasp_ros2' with type 'ros.ament_cmake' and name 'grasp_ros2'
[0.090s] Level 1:colcon.colcon_core.package_identification:_identify(src/ros2_grasp_library/grasp_tutorials) by extensions ['ignore', 'ignore_ament_install']
[0.090s] Level 1:colcon.colcon_core.package_identification:_identify(src/ros2_grasp_library/grasp_tutorials) by extension 'ignore'
[0.090s] Level 1:colcon.colcon_core.package_identification:_identify(src/ros2_grasp_library/grasp_tutorials) by extension 'ignore_ament_install'
[0.090s] Level 1:colcon.colcon_core.package_identification:_identify(src/ros2_grasp_library/grasp_tutorials) by extensions ['colcon_pkg']
[0.090s] Level 1:colcon.colcon_core.package_identification:_identify(src/ros2_grasp_library/grasp_tutorials) by extension 'colcon_pkg'
[0.090s] Level 1:colcon.colcon_core.package_identification:_identify(src/ros2_grasp_library/grasp_tutorials) by extensions ['colcon_meta']
[0.090s] Level 1:colcon.colcon_core.package_identification:_identify(src/ros2_grasp_library/grasp_tutorials) by extension 'colcon_meta'
[0.090s] Level 1:colcon.colcon_core.package_identification:_identify(src/ros2_grasp_library/grasp_tutorials) by extensions ['ros']
[0.090s] Level 1:colcon.colcon_core.package_identification:_identify(src/ros2_grasp_library/grasp_tutorials) by extension 'ros'
[0.091s] DEBUG:colcon.colcon_core.package_identification:Package 'src/ros2_grasp_library/grasp_tutorials' with type 'ros.ament_cmake' and name 'grasp_tutorials'
[0.091s] Level 1:colcon.colcon_core.package_identification:_identify(src/ros2_grasp_library/grasp_utils) by extensions ['ignore', 'ignore_ament_install']
[0.091s] Level 1:colcon.colcon_core.package_identification:_identify(src/ros2_grasp_library/grasp_utils) by extension 'ignore'
[0.091s] Level 1:colcon.colcon_core.package_identification:_identify(src/ros2_grasp_library/grasp_utils) by extension 'ignore_ament_install'
[0.091s] Level 1:colcon.colcon_core.package_identification:_identify(src/ros2_grasp_library/grasp_utils) by extensions ['colcon_pkg']
[0.091s] Level 1:colcon.colcon_core.package_identification:_identify(src/ros2_grasp_library/grasp_utils) by extension 'colcon_pkg'
[0.091s] Level 1:colcon.colcon_core.package_identification:_identify(src/ros2_grasp_library/grasp_utils) by extensions ['colcon_meta']
[0.091s] Level 1:colcon.colcon_core.package_identification:_identify(src/ros2_grasp_library/grasp_utils) by extension 'colcon_meta'
[0.091s] Level 1:colcon.colcon_core.package_identification:_identify(src/ros2_grasp_library/grasp_utils) by extensions ['ros']
[0.091s] Level 1:colcon.colcon_core.package_identification:_identify(src/ros2_grasp_library/grasp_utils) by extension 'ros'
[0.091s] Level 1:colcon.colcon_core.package_identification:_identify(src/ros2_grasp_library/grasp_utils) by extensions ['cmake', 'python']
[0.091s] Level 1:colcon.colcon_core.package_identification:_identify(src/ros2_grasp_library/grasp_utils) by extension 'cmake'
[0.091s] Level 1:colcon.colcon_core.package_identification:_identify(src/ros2_grasp_library/grasp_utils) by extension 'python'
[0.091s] Level 1:colcon.colcon_core.package_identification:_identify(src/ros2_grasp_library/grasp_utils) by extensions ['python_setup_py']
[0.091s] Level 1:colcon.colcon_core.package_identification:_identify(src/ros2_grasp_library/grasp_utils) by extension 'python_setup_py'
[0.091s] Level 1:colcon.colcon_core.package_identification:_identify(src/ros2_grasp_library/grasp_utils/handeye_dashboard) by extensions ['ignore', 'ignore_ament_install']
[0.091s] Level 1:colcon.colcon_core.package_identification:_identify(src/ros2_grasp_library/grasp_utils/handeye_dashboard) by extension 'ignore'
[0.091s] Level 1:colcon.colcon_core.package_identification:_identify(src/ros2_grasp_library/grasp_utils/handeye_dashboard) by extension 'ignore_ament_install'
[0.091s] Level 1:colcon.colcon_core.package_identification:_identify(src/ros2_grasp_library/grasp_utils/handeye_dashboard) by extensions ['colcon_pkg']
[0.091s] Level 1:colcon.colcon_core.package_identification:_identify(src/ros2_grasp_library/grasp_utils/handeye_dashboard) by extension 'colcon_pkg'
[0.091s] Level 1:colcon.colcon_core.package_identification:_identify(src/ros2_grasp_library/grasp_utils/handeye_dashboard) by extensions ['colcon_meta']
[0.091s] Level 1:colcon.colcon_core.package_identification:_identify(src/ros2_grasp_library/grasp_utils/handeye_dashboard) by extension 'colcon_meta'
[0.091s] Level 1:colcon.colcon_core.package_identification:_identify(src/ros2_grasp_library/grasp_utils/handeye_dashboard) by extensions ['ros']
[0.091s] Level 1:colcon.colcon_core.package_identification:_identify(src/ros2_grasp_library/grasp_utils/handeye_dashboard) by extension 'ros'
[0.092s] DEBUG:colcon.colcon_core.package_identification:Package 'src/ros2_grasp_library/grasp_utils/handeye_dashboard' with type 'ros.ament_python' and name 'handeye_dashboard'
[0.092s] Level 1:colcon.colcon_core.package_identification:_identify(src/ros2_grasp_library/grasp_utils/handeye_target_detection) by extensions ['ignore', 'ignore_ament_install']
[0.092s] Level 1:colcon.colcon_core.package_identification:_identify(src/ros2_grasp_library/grasp_utils/handeye_target_detection) by extension 'ignore'
[0.092s] Level 1:colcon.colcon_core.package_identification:_identify(src/ros2_grasp_library/grasp_utils/handeye_target_detection) by extension 'ignore_ament_install'
[0.092s] Level 1:colcon.colcon_core.package_identification:_identify(src/ros2_grasp_library/grasp_utils/handeye_target_detection) by extensions ['colcon_pkg']
[0.092s] Level 1:colcon.colcon_core.package_identification:_identify(src/ros2_grasp_library/grasp_utils/handeye_target_detection) by extension 'colcon_pkg'
[0.092s] Level 1:colcon.colcon_core.package_identification:_identify(src/ros2_grasp_library/grasp_utils/handeye_target_detection) by extensions ['colcon_meta']
[0.092s] Level 1:colcon.colcon_core.package_identification:_identify(src/ros2_grasp_library/grasp_utils/handeye_target_detection) by extension 'colcon_meta'
[0.092s] Level 1:colcon.colcon_core.package_identification:_identify(src/ros2_grasp_library/grasp_utils/handeye_target_detection) by extensions ['ros']
[0.092s] Level 1:colcon.colcon_core.package_identification:_identify(src/ros2_grasp_library/grasp_utils/handeye_target_detection) by extension 'ros'
[0.092s] DEBUG:colcon.colcon_core.package_identification:Package 'src/ros2_grasp_library/grasp_utils/handeye_target_detection' with type 'ros.ament_cmake' and name 'handeye_target_detection'
[0.092s] Level 1:colcon.colcon_core.package_identification:_identify(src/ros2_grasp_library/grasp_utils/handeye_tf_service) by extensions ['ignore', 'ignore_ament_install']
[0.092s] Level 1:colcon.colcon_core.package_identification:_identify(src/ros2_grasp_library/grasp_utils/handeye_tf_service) by extension 'ignore'
[0.092s] Level 1:colcon.colcon_core.package_identification:_identify(src/ros2_grasp_library/grasp_utils/handeye_tf_service) by extension 'ignore_ament_install'
[0.092s] Level 1:colcon.colcon_core.package_identification:_identify(src/ros2_grasp_library/grasp_utils/handeye_tf_service) by extensions ['colcon_pkg']
[0.092s] Level 1:colcon.colcon_core.package_identification:_identify(src/ros2_grasp_library/grasp_utils/handeye_tf_service) by extension 'colcon_pkg'
[0.092s] Level 1:colcon.colcon_core.package_identification:_identify(src/ros2_grasp_library/grasp_utils/handeye_tf_service) by extensions ['colcon_meta']
[0.092s] Level 1:colcon.colcon_core.package_identification:_identify(src/ros2_grasp_library/grasp_utils/handeye_tf_service) by extension 'colcon_meta'
[0.093s] Level 1:colcon.colcon_core.package_identification:_identify(src/ros2_grasp_library/grasp_utils/handeye_tf_service) by extensions ['ros']
[0.093s] Level 1:colcon.colcon_core.package_identification:_identify(src/ros2_grasp_library/grasp_utils/handeye_tf_service) by extension 'ros'
[0.093s] DEBUG:colcon.colcon_core.package_identification:Package 'src/ros2_grasp_library/grasp_utils/handeye_tf_service' with type 'ros.ament_cmake' and name 'handeye_tf_service'
[0.093s] Level 1:colcon.colcon_core.package_identification:_identify(src/ros2_grasp_library/grasp_utils/robot_interface) by extensions ['ignore', 'ignore_ament_install']
[0.093s] Level 1:colcon.colcon_core.package_identification:_identify(src/ros2_grasp_library/grasp_utils/robot_interface) by extension 'ignore'
[0.093s] Level 1:colcon.colcon_core.package_identification:_identify(src/ros2_grasp_library/grasp_utils/robot_interface) by extension 'ignore_ament_install'
[0.093s] Level 1:colcon.colcon_core.package_identification:_identify(src/ros2_grasp_library/grasp_utils/robot_interface) by extensions ['colcon_pkg']
[0.093s] Level 1:colcon.colcon_core.package_identification:_identify(src/ros2_grasp_library/grasp_utils/robot_interface) by extension 'colcon_pkg'
[0.093s] Level 1:colcon.colcon_core.package_identification:_identify(src/ros2_grasp_library/grasp_utils/robot_interface) by extensions ['colcon_meta']
[0.093s] Level 1:colcon.colcon_core.package_identification:_identify(src/ros2_grasp_library/grasp_utils/robot_interface) by extension 'colcon_meta'
[0.093s] Level 1:colcon.colcon_core.package_identification:_identify(src/ros2_grasp_library/grasp_utils/robot_interface) by extensions ['ros']
[0.093s] Level 1:colcon.colcon_core.package_identification:_identify(src/ros2_grasp_library/grasp_utils/robot_interface) by extension 'ros'
[0.094s] DEBUG:colcon.colcon_core.package_identification:Package 'src/ros2_grasp_library/grasp_utils/robot_interface' with type 'ros.ament_cmake' and name 'robot_interface'
[0.094s] Level 1:colcon.colcon_core.package_identification:_identify(src/ros2_grasp_library/moveit_msgs_light) by extensions ['ignore', 'ignore_ament_install']
[0.094s] Level 1:colcon.colcon_core.package_identification:_identify(src/ros2_grasp_library/moveit_msgs_light) by extension 'ignore'
[0.094s] Level 1:colcon.colcon_core.package_identification:_identify(src/ros2_grasp_library/moveit_msgs_light) by extension 'ignore_ament_install'
[0.094s] Level 1:colcon.colcon_core.package_identification:_identify(src/ros2_grasp_library/moveit_msgs_light) by extensions ['colcon_pkg']
[0.094s] Level 1:colcon.colcon_core.package_identification:_identify(src/ros2_grasp_library/moveit_msgs_light) by extension 'colcon_pkg'
[0.094s] Level 1:colcon.colcon_core.package_identification:_identify(src/ros2_grasp_library/moveit_msgs_light) by extensions ['colcon_meta']
[0.094s] Level 1:colcon.colcon_core.package_identification:_identify(src/ros2_grasp_library/moveit_msgs_light) by extension 'colcon_meta'
[0.094s] Level 1:colcon.colcon_core.package_identification:_identify(src/ros2_grasp_library/moveit_msgs_light) by extensions ['ros']
[0.094s] Level 1:colcon.colcon_core.package_identification:_identify(src/ros2_grasp_library/moveit_msgs_light) by extension 'ros'
[0.094s] DEBUG:colcon.colcon_core.package_identification:Package 'src/ros2_grasp_library/moveit_msgs_light' with type 'ros.ament_cmake' and name 'moveit_msgs'
[0.094s] Level 1:colcon.colcon_core.package_identification:_identify(src/ros2_intel_realsense) by extensions ['ignore', 'ignore_ament_install']
[0.094s] Level 1:colcon.colcon_core.package_identification:_identify(src/ros2_intel_realsense) by extension 'ignore'
[0.094s] Level 1:colcon.colcon_core.package_identification:_identify(src/ros2_intel_realsense) by extension 'ignore_ament_install'
[0.094s] Level 1:colcon.colcon_core.package_identification:_identify(src/ros2_intel_realsense) by extensions ['colcon_pkg']
[0.094s] Level 1:colcon.colcon_core.package_identification:_identify(src/ros2_intel_realsense) by extension 'colcon_pkg'
[0.094s] Level 1:colcon.colcon_core.package_identification:_identify(src/ros2_intel_realsense) by extensions ['colcon_meta']
[0.094s] Level 1:colcon.colcon_core.package_identification:_identify(src/ros2_intel_realsense) by extension 'colcon_meta'
[0.094s] Level 1:colcon.colcon_core.package_identification:_identify(src/ros2_intel_realsense) by extensions ['ros']
[0.095s] Level 1:colcon.colcon_core.package_identification:_identify(src/ros2_intel_realsense) by extension 'ros'
[0.095s] Level 1:colcon.colcon_core.package_identification:_identify(src/ros2_intel_realsense) by extensions ['cmake', 'python']
[0.095s] Level 1:colcon.colcon_core.package_identification:_identify(src/ros2_intel_realsense) by extension 'cmake'
[0.095s] Level 1:colcon.colcon_core.package_identification:_identify(src/ros2_intel_realsense) by extension 'python'
[0.095s] Level 1:colcon.colcon_core.package_identification:_identify(src/ros2_intel_realsense) by extensions ['python_setup_py']
[0.095s] Level 1:colcon.colcon_core.package_identification:_identify(src/ros2_intel_realsense) by extension 'python_setup_py'
[0.095s] Level 1:colcon.colcon_core.package_identification:_identify(src/ros2_intel_realsense/realsense_examples) by extensions ['ignore', 'ignore_ament_install']
[0.095s] Level 1:colcon.colcon_core.package_identification:_identify(src/ros2_intel_realsense/realsense_examples) by extension 'ignore'
[0.095s] Level 1:colcon.colcon_core.package_identification:_identify(src/ros2_intel_realsense/realsense_examples) by extension 'ignore_ament_install'
[0.095s] Level 1:colcon.colcon_core.package_identification:_identify(src/ros2_intel_realsense/realsense_examples) by extensions ['colcon_pkg']
[0.095s] Level 1:colcon.colcon_core.package_identification:_identify(src/ros2_intel_realsense/realsense_examples) by extension 'colcon_pkg'
[0.095s] Level 1:colcon.colcon_core.package_identification:_identify(src/ros2_intel_realsense/realsense_examples) by extensions ['colcon_meta']
[0.095s] Level 1:colcon.colcon_core.package_identification:_identify(src/ros2_intel_realsense/realsense_examples) by extension 'colcon_meta'
[0.095s] Level 1:colcon.colcon_core.package_identification:_identify(src/ros2_intel_realsense/realsense_examples) by extensions ['ros']
[0.095s] Level 1:colcon.colcon_core.package_identification:_identify(src/ros2_intel_realsense/realsense_examples) by extension 'ros'
[0.095s] DEBUG:colcon.colcon_core.package_identification:Package 'src/ros2_intel_realsense/realsense_examples' with type 'ros.ament_cmake' and name 'realsense_examples'
[0.096s] Level 1:colcon.colcon_core.package_identification:_identify(src/ros2_intel_realsense/realsense_msgs) by extensions ['ignore', 'ignore_ament_install']
[0.096s] Level 1:colcon.colcon_core.package_identification:_identify(src/ros2_intel_realsense/realsense_msgs) by extension 'ignore'
[0.096s] Level 1:colcon.colcon_core.package_identification:_identify(src/ros2_intel_realsense/realsense_msgs) by extension 'ignore_ament_install'
[0.096s] Level 1:colcon.colcon_core.package_identification:_identify(src/ros2_intel_realsense/realsense_msgs) by extensions ['colcon_pkg']
[0.096s] Level 1:colcon.colcon_core.package_identification:_identify(src/ros2_intel_realsense/realsense_msgs) by extension 'colcon_pkg'
[0.096s] Level 1:colcon.colcon_core.package_identification:_identify(src/ros2_intel_realsense/realsense_msgs) by extensions ['colcon_meta']
[0.096s] Level 1:colcon.colcon_core.package_identification:_identify(src/ros2_intel_realsense/realsense_msgs) by extension 'colcon_meta'
[0.096s] Level 1:colcon.colcon_core.package_identification:_identify(src/ros2_intel_realsense/realsense_msgs) by extensions ['ros']
[0.096s] Level 1:colcon.colcon_core.package_identification:_identify(src/ros2_intel_realsense/realsense_msgs) by extension 'ros'
[0.096s] DEBUG:colcon.colcon_core.package_identification:Package 'src/ros2_intel_realsense/realsense_msgs' with type 'ros.ament_cmake' and name 'realsense_msgs'
[0.096s] Level 1:colcon.colcon_core.package_identification:_identify(src/ros2_intel_realsense/realsense_node) by extensions ['ignore', 'ignore_ament_install']
[0.096s] Level 1:colcon.colcon_core.package_identification:_identify(src/ros2_intel_realsense/realsense_node) by extension 'ignore'
[0.096s] Level 1:colcon.colcon_core.package_identification:_identify(src/ros2_intel_realsense/realsense_node) by extension 'ignore_ament_install'
[0.096s] Level 1:colcon.colcon_core.package_identification:_identify(src/ros2_intel_realsense/realsense_node) by extensions ['colcon_pkg']
[0.096s] Level 1:colcon.colcon_core.package_identification:_identify(src/ros2_intel_realsense/realsense_node) by extension 'colcon_pkg'
[0.096s] Level 1:colcon.colcon_core.package_identification:_identify(src/ros2_intel_realsense/realsense_node) by extensions ['colcon_meta']
[0.096s] Level 1:colcon.colcon_core.package_identification:_identify(src/ros2_intel_realsense/realsense_node) by extension 'colcon_meta'
[0.096s] Level 1:colcon.colcon_core.package_identification:_identify(src/ros2_intel_realsense/realsense_node) by extensions ['ros']
[0.096s] Level 1:colcon.colcon_core.package_identification:_identify(src/ros2_intel_realsense/realsense_node) by extension 'ros'
[0.097s] DEBUG:colcon.colcon_core.package_identification:Package 'src/ros2_intel_realsense/realsense_node' with type 'ros.ament_cmake' and name 'realsense_node'
[0.097s] Level 1:colcon.colcon_core.package_identification:_identify(src/ros2_intel_realsense/realsense_ros) by extensions ['ignore', 'ignore_ament_install']
[0.097s] Level 1:colcon.colcon_core.package_identification:_identify(src/ros2_intel_realsense/realsense_ros) by extension 'ignore'
[0.097s] Level 1:colcon.colcon_core.package_identification:_identify(src/ros2_intel_realsense/realsense_ros) by extension 'ignore_ament_install'
[0.097s] Level 1:colcon.colcon_core.package_identification:_identify(src/ros2_intel_realsense/realsense_ros) by extensions ['colcon_pkg']
[0.097s] Level 1:colcon.colcon_core.package_identification:_identify(src/ros2_intel_realsense/realsense_ros) by extension 'colcon_pkg'
[0.097s] Level 1:colcon.colcon_core.package_identification:_identify(src/ros2_intel_realsense/realsense_ros) by extensions ['colcon_meta']
[0.097s] Level 1:colcon.colcon_core.package_identification:_identify(src/ros2_intel_realsense/realsense_ros) by extension 'colcon_meta'
[0.097s] Level 1:colcon.colcon_core.package_identification:_identify(src/ros2_intel_realsense/realsense_ros) by extensions ['ros']
[0.097s] Level 1:colcon.colcon_core.package_identification:_identify(src/ros2_intel_realsense/realsense_ros) by extension 'ros'
[0.098s] DEBUG:colcon.colcon_core.package_identification:Package 'src/ros2_intel_realsense/realsense_ros' with type 'ros.ament_cmake' and name 'realsense_ros'
[0.098s] Level 1:colcon.colcon_core.package_identification:_identify(src/ros2_ur_description) by extensions ['ignore', 'ignore_ament_install']
[0.098s] Level 1:colcon.colcon_core.package_identification:_identify(src/ros2_ur_description) by extension 'ignore'
[0.098s] Level 1:colcon.colcon_core.package_identification:_identify(src/ros2_ur_description) by extension 'ignore_ament_install'
[0.098s] Level 1:colcon.colcon_core.package_identification:_identify(src/ros2_ur_description) by extensions ['colcon_pkg']
[0.098s] Level 1:colcon.colcon_core.package_identification:_identify(src/ros2_ur_description) by extension 'colcon_pkg'
[0.098s] Level 1:colcon.colcon_core.package_identification:_identify(src/ros2_ur_description) by extensions ['colcon_meta']
[0.098s] Level 1:colcon.colcon_core.package_identification:_identify(src/ros2_ur_description) by extension 'colcon_meta'
[0.098s] Level 1:colcon.colcon_core.package_identification:_identify(src/ros2_ur_description) by extensions ['ros']
[0.098s] Level 1:colcon.colcon_core.package_identification:_identify(src/ros2_ur_description) by extension 'ros'
[0.098s] Level 1:colcon.colcon_core.package_identification:_identify(src/ros2_ur_description) by extensions ['cmake', 'python']
[0.098s] Level 1:colcon.colcon_core.package_identification:_identify(src/ros2_ur_description) by extension 'cmake'
[0.098s] Level 1:colcon.colcon_core.package_identification:_identify(src/ros2_ur_description) by extension 'python'
[0.099s] Level 1:colcon.colcon_core.package_identification:_identify(src/ros2_ur_description) by extensions ['python_setup_py']
[0.099s] Level 1:colcon.colcon_core.package_identification:_identify(src/ros2_ur_description) by extension 'python_setup_py'
[0.099s] Level 1:colcon.colcon_core.package_identification:_identify(src/ros2_ur_description/ur_description) by extensions ['ignore', 'ignore_ament_install']
[0.099s] Level 1:colcon.colcon_core.package_identification:_identify(src/ros2_ur_description/ur_description) by extension 'ignore'
[0.099s] Level 1:colcon.colcon_core.package_identification:_identify(src/ros2_ur_description/ur_description) by extension 'ignore_ament_install'
[0.099s] Level 1:colcon.colcon_core.package_identification:_identify(src/ros2_ur_description/ur_description) by extensions ['colcon_pkg']
[0.099s] Level 1:colcon.colcon_core.package_identification:_identify(src/ros2_ur_description/ur_description) by extension 'colcon_pkg'
[0.099s] Level 1:colcon.colcon_core.package_identification:_identify(src/ros2_ur_description/ur_description) by extensions ['colcon_meta']
[0.099s] Level 1:colcon.colcon_core.package_identification:_identify(src/ros2_ur_description/ur_description) by extension 'colcon_meta'
[0.099s] Level 1:colcon.colcon_core.package_identification:_identify(src/ros2_ur_description/ur_description) by extensions ['ros']
[0.099s] Level 1:colcon.colcon_core.package_identification:_identify(src/ros2_ur_description/ur_description) by extension 'ros'
[0.099s] DEBUG:colcon.colcon_core.package_identification:Package 'src/ros2_ur_description/ur_description' with type 'ros.ament_cmake' and name 'ur_description'
[0.099s] Level 1:colcon.colcon_core.package_discovery:discover_packages(recursive) using defaults
[0.099s] Level 1:colcon.colcon_core.package_discovery:discover_packages(ignore) discover
[0.099s] Level 1:colcon.colcon_core.package_discovery:discover_packages(ignore) using defaults
[0.099s] Level 1:colcon.colcon_core.package_discovery:discover_packages(path) discover
[0.099s] Level 1:colcon.colcon_core.package_discovery:discover_packages(path) using defaults
[0.099s] WARNING:colcon.colcon_core.package_selection:ignoring unknown package 'people_msgs' in --packages-select
[0.111s] INFO:colcon.colcon_core.package_selection:Skipping not selected package 'baldor' in 'src/baldor'
[0.111s] INFO:colcon.colcon_core.package_selection:Skipping not selected package 'grasp_tutorials' in 'src/ros2_grasp_library/grasp_tutorials'
[0.111s] INFO:colcon.colcon_core.package_selection:Skipping not selected package 'handeye_target_detection' in 'src/ros2_grasp_library/grasp_utils/handeye_target_detection'
[0.111s] INFO:colcon.colcon_core.package_selection:Skipping not selected package 'handeye_tf_service' in 'src/ros2_grasp_library/grasp_utils/handeye_tf_service'
[0.111s] INFO:colcon.colcon_core.package_selection:Skipping not selected package 'robot_interface' in 'src/ros2_grasp_library/grasp_utils/robot_interface'
[0.111s] INFO:colcon.colcon_core.package_selection:Skipping not selected package 'ur_description' in 'src/ros2_ur_description/ur_description'
[0.111s] INFO:colcon.colcon_core.package_selection:Skipping not selected package 'criutils' in 'src/criutils'
[0.111s] INFO:colcon.colcon_core.package_selection:Skipping not selected package 'draw_x' in 'src/ros2_grasp_library/grasp_apps/draw_x'
[0.111s] INFO:colcon.colcon_core.package_selection:Skipping not selected package 'fixed_position_pick' in 'src/ros2_grasp_library/grasp_apps/fixed_position_pick'
[0.111s] INFO:colcon.colcon_core.package_selection:Skipping not selected package 'random_pick' in 'src/ros2_grasp_library/grasp_apps/random_pick'
[0.111s] INFO:colcon.colcon_core.package_selection:Skipping not selected package 'recognize_pick' in 'src/ros2_grasp_library/grasp_apps/recognize_pick'
[0.111s] INFO:colcon.colcon_core.package_selection:Skipping not selected package 'handeye' in 'src/handeye'
[0.111s] INFO:colcon.colcon_core.package_selection:Skipping not selected package 'handeye_dashboard' in 'src/ros2_grasp_library/grasp_utils/handeye_dashboard'
[0.111s] INFO:colcon.colcon_core.package_selection:Skipping not selected package 'realsense_examples' in 'src/ros2_intel_realsense/realsense_examples'
[0.112s] Level 1:colcon.colcon_core.package_discovery:discover_packages(prefix_path) check parameters
[0.112s] Level 1:colcon.colcon_core.package_discovery:discover_packages(prefix_path) discover
[0.113s] DEBUG:colcon.colcon_installed_package_information.package_discovery:Found 216 installed packages in /opt/ros/dashing
[0.114s] Level 1:colcon.colcon_core.package_discovery:discover_packages(prefix_path) using defaults
[0.151s] Level 5:colcon.colcon_core.verb:set package 'grasp_msgs' build argument 'cmake_args' from command line to 'None'
[0.151s] Level 5:colcon.colcon_core.verb:set package 'grasp_msgs' build argument 'cmake_target' from command line to 'None'
[0.151s] Level 5:colcon.colcon_core.verb:set package 'grasp_msgs' build argument 'cmake_target_skip_unavailable' from command line to 'False'
[0.151s] Level 5:colcon.colcon_core.verb:set package 'grasp_msgs' build argument 'cmake_clean_cache' from command line to 'False'
[0.151s] Level 5:colcon.colcon_core.verb:set package 'grasp_msgs' build argument 'cmake_clean_first' from command line to 'False'
[0.151s] Level 5:colcon.colcon_core.verb:set package 'grasp_msgs' build argument 'cmake_force_configure' from command line to 'False'
[0.151s] Level 5:colcon.colcon_core.verb:set package 'grasp_msgs' build argument 'ament_cmake_args' from command line to 'None'
[0.151s] Level 5:colcon.colcon_core.verb:set package 'grasp_msgs' build argument 'catkin_cmake_args' from command line to 'None'
[0.151s] Level 5:colcon.colcon_core.verb:set package 'grasp_msgs' build argument 'catkin_skip_building_tests' from command line to 'False'
[0.151s] DEBUG:colcon.colcon_core.verb:Building package 'grasp_msgs' with the following arguments: {'ament_cmake_args': None, 'build_base': '/root/ros2_ws/build/grasp_msgs', 'catkin_cmake_args': None, 'catkin_skip_building_tests': False, 'cmake_args': None, 'cmake_clean_cache': False, 'cmake_clean_first': False, 'cmake_force_configure': False, 'cmake_target': None, 'cmake_target_skip_unavailable': False, 'install_base': '/root/ros2_ws/install/grasp_msgs', 'merge_install': False, 'path': '/root/ros2_ws/src/ros2_grasp_library/grasp_msgs', 'symlink_install': True, 'test_result_base': None}
[0.151s] Level 5:colcon.colcon_core.verb:set package 'moveit_msgs' build argument 'cmake_args' from command line to 'None'
[0.151s] Level 5:colcon.colcon_core.verb:set package 'moveit_msgs' build argument 'cmake_target' from command line to 'None'
[0.151s] Level 5:colcon.colcon_core.verb:set package 'moveit_msgs' build argument 'cmake_target_skip_unavailable' from command line to 'False'
[0.151s] Level 5:colcon.colcon_core.verb:set package 'moveit_msgs' build argument 'cmake_clean_cache' from command line to 'False'
[0.151s] Level 5:colcon.colcon_core.verb:set package 'moveit_msgs' build argument 'cmake_clean_first' from command line to 'False'
[0.151s] Level 5:colcon.colcon_core.verb:set package 'moveit_msgs' build argument 'cmake_force_configure' from command line to 'False'
[0.151s] Level 5:colcon.colcon_core.verb:set package 'moveit_msgs' build argument 'ament_cmake_args' from command line to 'None'
[0.151s] Level 5:colcon.colcon_core.verb:set package 'moveit_msgs' build argument 'catkin_cmake_args' from command line to 'None'
[0.152s] Level 5:colcon.colcon_core.verb:set package 'moveit_msgs' build argument 'catkin_skip_building_tests' from command line to 'False'
[0.152s] DEBUG:colcon.colcon_core.verb:Building package 'moveit_msgs' with the following arguments: {'ament_cmake_args': None, 'build_base': '/root/ros2_ws/build/moveit_msgs', 'catkin_cmake_args': None, 'catkin_skip_building_tests': False, 'cmake_args': None, 'cmake_clean_cache': False, 'cmake_clean_first': False, 'cmake_force_configure': False, 'cmake_target': None, 'cmake_target_skip_unavailable': False, 'install_base': '/root/ros2_ws/install/moveit_msgs', 'merge_install': False, 'path': '/root/ros2_ws/src/ros2_grasp_library/moveit_msgs_light', 'symlink_install': True, 'test_result_base': None}
[0.152s] Level 5:colcon.colcon_core.verb:set package 'realsense_msgs' build argument 'cmake_args' from command line to 'None'
[0.152s] Level 5:colcon.colcon_core.verb:set package 'realsense_msgs' build argument 'cmake_target' from command line to 'None'
[0.152s] Level 5:colcon.colcon_core.verb:set package 'realsense_msgs' build argument 'cmake_target_skip_unavailable' from command line to 'False'
[0.152s] Level 5:colcon.colcon_core.verb:set package 'realsense_msgs' build argument 'cmake_clean_cache' from command line to 'False'
[0.152s] Level 5:colcon.colcon_core.verb:set package 'realsense_msgs' build argument 'cmake_clean_first' from command line to 'False'
[0.152s] Level 5:colcon.colcon_core.verb:set package 'realsense_msgs' build argument 'cmake_force_configure' from command line to 'False'
[0.152s] Level 5:colcon.colcon_core.verb:set package 'realsense_msgs' build argument 'ament_cmake_args' from command line to 'None'
[0.152s] Level 5:colcon.colcon_core.verb:set package 'realsense_msgs' build argument 'catkin_cmake_args' from command line to 'None'
[0.152s] Level 5:colcon.colcon_core.verb:set package 'realsense_msgs' build argument 'catkin_skip_building_tests' from command line to 'False'
[0.152s] DEBUG:colcon.colcon_core.verb:Building package 'realsense_msgs' with the following arguments: {'ament_cmake_args': None, 'build_base': '/root/ros2_ws/build/realsense_msgs', 'catkin_cmake_args': None, 'catkin_skip_building_tests': False, 'cmake_args': None, 'cmake_clean_cache': False, 'cmake_clean_first': False, 'cmake_force_configure': False, 'cmake_target': None, 'cmake_target_skip_unavailable': False, 'install_base': '/root/ros2_ws/install/realsense_msgs', 'merge_install': False, 'path': '/root/ros2_ws/src/ros2_intel_realsense/realsense_msgs', 'symlink_install': True, 'test_result_base': None}
[0.152s] Level 5:colcon.colcon_core.verb:set package 'grasp_ros2' build argument 'cmake_args' from command line to 'None'
[0.152s] Level 5:colcon.colcon_core.verb:set package 'grasp_ros2' build argument 'cmake_target' from command line to 'None'
[0.152s] Level 5:colcon.colcon_core.verb:set package 'grasp_ros2' build argument 'cmake_target_skip_unavailable' from command line to 'False'
[0.152s] Level 5:colcon.colcon_core.verb:set package 'grasp_ros2' build argument 'cmake_clean_cache' from command line to 'False'
[0.152s] Level 5:colcon.colcon_core.verb:set package 'grasp_ros2' build argument 'cmake_clean_first' from command line to 'False'
[0.152s] Level 5:colcon.colcon_core.verb:set package 'grasp_ros2' build argument 'cmake_force_configure' from command line to 'False'
[0.152s] Level 5:colcon.colcon_core.verb:set package 'grasp_ros2' build argument 'ament_cmake_args' from command line to 'None'
[0.152s] Level 5:colcon.colcon_core.verb:set package 'grasp_ros2' build argument 'catkin_cmake_args' from command line to 'None'
[0.152s] Level 5:colcon.colcon_core.verb:set package 'grasp_ros2' build argument 'catkin_skip_building_tests' from command line to 'False'
[0.152s] DEBUG:colcon.colcon_core.verb:Building package 'grasp_ros2' with the following arguments: {'ament_cmake_args': None, 'build_base': '/root/ros2_ws/build/grasp_ros2', 'catkin_cmake_args': None, 'catkin_skip_building_tests': False, 'cmake_args': None, 'cmake_clean_cache': False, 'cmake_clean_first': False, 'cmake_force_configure': False, 'cmake_target': None, 'cmake_target_skip_unavailable': False, 'install_base': '/root/ros2_ws/install/grasp_ros2', 'merge_install': False, 'path': '/root/ros2_ws/src/ros2_grasp_library/grasp_ros2', 'symlink_install': True, 'test_result_base': None}
[0.152s] Level 5:colcon.colcon_core.verb:set package 'realsense_ros' build argument 'cmake_args' from command line to 'None'
[0.153s] Level 5:colcon.colcon_core.verb:set package 'realsense_ros' build argument 'cmake_target' from command line to 'None'
[0.153s] Level 5:colcon.colcon_core.verb:set package 'realsense_ros' build argument 'cmake_target_skip_unavailable' from command line to 'False'
[0.153s] Level 5:colcon.colcon_core.verb:set package 'realsense_ros' build argument 'cmake_clean_cache' from command line to 'False'
[0.153s] Level 5:colcon.colcon_core.verb:set package 'realsense_ros' build argument 'cmake_clean_first' from command line to 'False'
[0.153s] Level 5:colcon.colcon_core.verb:set package 'realsense_ros' build argument 'cmake_force_configure' from command line to 'False'
[0.153s] Level 5:colcon.colcon_core.verb:set package 'realsense_ros' build argument 'ament_cmake_args' from command line to 'None'
[0.153s] Level 5:colcon.colcon_core.verb:set package 'realsense_ros' build argument 'catkin_cmake_args' from command line to 'None'
[0.153s] Level 5:colcon.colcon_core.verb:set package 'realsense_ros' build argument 'catkin_skip_building_tests' from command line to 'False'
[0.153s] DEBUG:colcon.colcon_core.verb:Building package 'realsense_ros' with the following arguments: {'ament_cmake_args': None, 'build_base': '/root/ros2_ws/build/realsense_ros', 'catkin_cmake_args': None, 'catkin_skip_building_tests': False, 'cmake_args': None, 'cmake_clean_cache': False, 'cmake_clean_first': False, 'cmake_force_configure': False, 'cmake_target': None, 'cmake_target_skip_unavailable': False, 'install_base': '/root/ros2_ws/install/realsense_ros', 'merge_install': False, 'path': '/root/ros2_ws/src/ros2_intel_realsense/realsense_ros', 'symlink_install': True, 'test_result_base': None}
[0.153s] Level 5:colcon.colcon_core.verb:set package 'realsense_node' build argument 'cmake_args' from command line to 'None'
[0.153s] Level 5:colcon.colcon_core.verb:set package 'realsense_node' build argument 'cmake_target' from command line to 'None'
[0.153s] Level 5:colcon.colcon_core.verb:set package 'realsense_node' build argument 'cmake_target_skip_unavailable' from command line to 'False'
[0.153s] Level 5:colcon.colcon_core.verb:set package 'realsense_node' build argument 'cmake_clean_cache' from command line to 'False'
[0.153s] Level 5:colcon.colcon_core.verb:set package 'realsense_node' build argument 'cmake_clean_first' from command line to 'False'
[0.153s] Level 5:colcon.colcon_core.verb:set package 'realsense_node' build argument 'cmake_force_configure' from command line to 'False'
[0.153s] Level 5:colcon.colcon_core.verb:set package 'realsense_node' build argument 'ament_cmake_args' from command line to 'None'
[0.153s] Level 5:colcon.colcon_core.verb:set package 'realsense_node' build argument 'catkin_cmake_args' from command line to 'None'
[0.153s] Level 5:colcon.colcon_core.verb:set package 'realsense_node' build argument 'catkin_skip_building_tests' from command line to 'False'
[0.153s] DEBUG:colcon.colcon_core.verb:Building package 'realsense_node' with the following arguments: {'ament_cmake_args': None, 'build_base': '/root/ros2_ws/build/realsense_node', 'catkin_cmake_args': None, 'catkin_skip_building_tests': False, 'cmake_args': None, 'cmake_clean_cache': False, 'cmake_clean_first': False, 'cmake_force_configure': False, 'cmake_target': None, 'cmake_target_skip_unavailable': False, 'install_base': '/root/ros2_ws/install/realsense_node', 'merge_install': False, 'path': '/root/ros2_ws/src/ros2_intel_realsense/realsense_node', 'symlink_install': True, 'test_result_base': None}
[0.153s] INFO:colcon.colcon_core.executor:Executing jobs using 'parallel' executor
[0.154s] DEBUG:colcon.colcon_parallel_executor.executor.parallel:run_until_complete
[0.154s] INFO:colcon.colcon_ros.task.ament_cmake.build:Building ROS package in '/root/ros2_ws/src/ros2_intel_realsense/realsense_msgs' with build type 'ament_cmake'
[0.154s] INFO:colcon.colcon_cmake.task.cmake.build:Building CMake package in '/root/ros2_ws/src/ros2_intel_realsense/realsense_msgs'
[0.156s] INFO:colcon.colcon_core.plugin_system:Skipping extension 'colcon_core.shell.bat': Not used on non-Windows systems
[0.156s] INFO:colcon.colcon_core.shell:Skip shell extension 'powershell' for command environment: Not usable outside of PowerShell
[0.156s] DEBUG:colcon.colcon_core.shell:Skip shell extension 'dsv' for command environment
[0.159s] INFO:colcon.colcon_ros.task.ament_cmake.build:Building ROS package in '/root/ros2_ws/src/ros2_grasp_library/grasp_msgs' with build type 'ament_cmake'
[0.159s] INFO:colcon.colcon_cmake.task.cmake.build:Building CMake package in '/root/ros2_ws/src/ros2_grasp_library/grasp_msgs'
[0.160s] INFO:colcon.colcon_core.shell:Skip shell extension 'powershell' for command environment: Not usable outside of PowerShell
[0.160s] DEBUG:colcon.colcon_core.shell:Skip shell extension 'dsv' for command environment
[0.162s] INFO:colcon.colcon_ros.task.ament_cmake.build:Building ROS package in '/root/ros2_ws/src/ros2_grasp_library/moveit_msgs_light' with build type 'ament_cmake'
[0.162s] INFO:colcon.colcon_cmake.task.cmake.build:Building CMake package in '/root/ros2_ws/src/ros2_grasp_library/moveit_msgs_light'
[0.162s] INFO:colcon.colcon_core.shell:Skip shell extension 'powershell' for command environment: Not usable outside of PowerShell
[0.162s] DEBUG:colcon.colcon_core.shell:Skip shell extension 'dsv' for command environment
[0.169s] DEBUG:colcon.colcon_core.event_handler.log_command:Invoking command in '/root/ros2_ws/build/realsense_msgs': CMAKE_PREFIX_PATH=/opt/ros/dashing /usr/local/bin/cmake --build /root/ros2_ws/build/realsense_msgs -- -j16 -l16
[0.171s] DEBUG:colcon.colcon_core.event_handler.log_command:Invoking command in '/root/ros2_ws/build/grasp_msgs': CMAKE_PREFIX_PATH=/opt/ros/dashing /usr/local/bin/cmake --build /root/ros2_ws/build/grasp_msgs -- -j16 -l16
[0.186s] DEBUG:colcon.colcon_core.event_handler.log_command:Invoking command in '/root/ros2_ws/build/moveit_msgs': CMAKE_PREFIX_PATH=/opt/ros/dashing /usr/local/bin/cmake --build /root/ros2_ws/build/moveit_msgs -- -j16 -l16
[0.257s] DEBUG:colcon.colcon_core.event_handler.log_command:Invoked command in '/root/ros2_ws/build/realsense_msgs' returned '0': CMAKE_PREFIX_PATH=/opt/ros/dashing /usr/local/bin/cmake --build /root/ros2_ws/build/realsense_msgs -- -j16 -l16
[0.268s] DEBUG:colcon.colcon_core.event_handler.log_command:Invoked command in '/root/ros2_ws/build/grasp_msgs' returned '0': CMAKE_PREFIX_PATH=/opt/ros/dashing /usr/local/bin/cmake --build /root/ros2_ws/build/grasp_msgs -- -j16 -l16
[0.290s] DEBUG:colcon.colcon_core.event_handler.log_command:Invoking command in '/root/ros2_ws/build/realsense_msgs': CMAKE_PREFIX_PATH=/opt/ros/dashing /usr/local/bin/cmake --build /root/ros2_ws/build/realsense_msgs --target install -- -j16 -l16
[0.294s] DEBUG:colcon.colcon_core.event_handler.log_command:Invoked command in '/root/ros2_ws/build/moveit_msgs' returned '0': CMAKE_PREFIX_PATH=/opt/ros/dashing /usr/local/bin/cmake --build /root/ros2_ws/build/moveit_msgs -- -j16 -l16
[0.314s] DEBUG:colcon.colcon_core.event_handler.log_command:Invoking command in '/root/ros2_ws/build/grasp_msgs': CMAKE_PREFIX_PATH=/opt/ros/dashing /usr/local/bin/cmake --build /root/ros2_ws/build/grasp_msgs --target install -- -j16 -l16
[0.379s] DEBUG:colcon.colcon_core.event_handler.log_command:Invoking command in '/root/ros2_ws/build/moveit_msgs': CMAKE_PREFIX_PATH=/opt/ros/dashing /usr/local/bin/cmake --build /root/ros2_ws/build/moveit_msgs --target install -- -j16 -l16
[0.434s] Level 1:colcon.colcon_core.environment:create_environment_scripts_only(realsense_msgs)
[0.434s] DEBUG:colcon.colcon_core.event_handler.log_command:Invoked command in '/root/ros2_ws/build/realsense_msgs' returned '0': CMAKE_PREFIX_PATH=/opt/ros/dashing /usr/local/bin/cmake --build /root/ros2_ws/build/realsense_msgs --target install -- -j16 -l16
[0.436s] Level 1:colcon.colcon_core.environment:checking '/root/ros2_ws/install/realsense_msgs' for CMake module files
[0.437s] Level 1:colcon.colcon_core.environment:checking '/root/ros2_ws/install/realsense_msgs' for CMake config files
[0.437s] Level 1:colcon.colcon_core.shell:create_environment_hook('realsense_msgs', 'cmake_prefix_path')
[0.437s] INFO:colcon.colcon_core.shell:Creating environment hook '/root/ros2_ws/install/realsense_msgs/share/realsense_msgs/hook/cmake_prefix_path.ps1'
[0.438s] INFO:colcon.colcon_core.shell:Creating environment descriptor '/root/ros2_ws/install/realsense_msgs/share/realsense_msgs/hook/cmake_prefix_path.dsv'
[0.439s] INFO:colcon.colcon_core.shell:Creating environment hook '/root/ros2_ws/install/realsense_msgs/share/realsense_msgs/hook/cmake_prefix_path.sh'
[0.440s] Level 1:colcon.colcon_core.environment:checking '/root/ros2_ws/install/realsense_msgs/lib'
[0.440s] Level 1:colcon.colcon_core.shell:create_environment_hook('realsense_msgs', 'ld_library_path_lib')
[0.440s] INFO:colcon.colcon_core.shell:Creating environment hook '/root/ros2_ws/install/realsense_msgs/share/realsense_msgs/hook/ld_library_path_lib.ps1'
[0.440s] INFO:colcon.colcon_core.shell:Creating environment descriptor '/root/ros2_ws/install/realsense_msgs/share/realsense_msgs/hook/ld_library_path_lib.dsv'
[0.441s] INFO:colcon.colcon_core.shell:Creating environment hook '/root/ros2_ws/install/realsense_msgs/share/realsense_msgs/hook/ld_library_path_lib.sh'
[0.441s] Level 1:colcon.colcon_core.environment:checking '/root/ros2_ws/install/realsense_msgs/bin'
[0.441s] Level 1:colcon.colcon_core.environment:checking '/root/ros2_ws/install/realsense_msgs/lib/pkgconfig/realsense_msgs.pc'
[0.441s] Level 1:colcon.colcon_core.environment:checking '/root/ros2_ws/install/realsense_msgs/lib/python3.6/site-packages'
[0.441s] Level 1:colcon.colcon_core.shell:create_environment_hook('realsense_msgs', 'pythonpath')
[0.441s] INFO:colcon.colcon_core.shell:Creating environment hook '/root/ros2_ws/install/realsense_msgs/share/realsense_msgs/hook/pythonpath.ps1'
[0.442s] INFO:colcon.colcon_core.shell:Creating environment descriptor '/root/ros2_ws/install/realsense_msgs/share/realsense_msgs/hook/pythonpath.dsv'
[0.442s] INFO:colcon.colcon_core.shell:Creating environment hook '/root/ros2_ws/install/realsense_msgs/share/realsense_msgs/hook/pythonpath.sh'
[0.442s] Level 1:colcon.colcon_core.environment:checking '/root/ros2_ws/install/realsense_msgs/bin'
[0.443s] INFO:colcon.colcon_core.shell:Creating package script '/root/ros2_ws/install/realsense_msgs/share/realsense_msgs/package.ps1'
[0.444s] INFO:colcon.colcon_core.shell:Creating package descriptor '/root/ros2_ws/install/realsense_msgs/share/realsense_msgs/package.dsv'
[0.444s] INFO:colcon.colcon_core.shell:Creating package script '/root/ros2_ws/install/realsense_msgs/share/realsense_msgs/package.sh'
[0.445s] INFO:colcon.colcon_core.shell:Creating package script '/root/ros2_ws/install/realsense_msgs/share/realsense_msgs/package.bash'
[0.445s] INFO:colcon.colcon_core.shell:Creating package script '/root/ros2_ws/install/realsense_msgs/share/realsense_msgs/package.zsh'
[0.446s] Level 1:colcon.colcon_core.environment:create_file_with_runtime_dependencies(/root/ros2_ws/install/realsense_msgs/share/colcon-core/packages/realsense_msgs)
[0.472s] Level 1:colcon.colcon_core.environment:create_environment_scripts_only(realsense_msgs)
[0.472s] Level 1:colcon.colcon_core.environment:checking '/root/ros2_ws/install/realsense_msgs' for CMake module files
[0.472s] Level 1:colcon.colcon_core.environment:checking '/root/ros2_ws/install/realsense_msgs' for CMake config files
[0.473s] Level 1:colcon.colcon_core.shell:create_environment_hook('realsense_msgs', 'cmake_prefix_path')
[0.473s] INFO:colcon.colcon_core.shell:Creating environment hook '/root/ros2_ws/install/realsense_msgs/share/realsense_msgs/hook/cmake_prefix_path.ps1'
[0.474s] INFO:colcon.colcon_core.shell:Creating environment descriptor '/root/ros2_ws/install/realsense_msgs/share/realsense_msgs/hook/cmake_prefix_path.dsv'
[0.474s] INFO:colcon.colcon_core.shell:Creating environment hook '/root/ros2_ws/install/realsense_msgs/share/realsense_msgs/hook/cmake_prefix_path.sh'
[0.474s] Level 1:colcon.colcon_core.environment:checking '/root/ros2_ws/install/realsense_msgs/lib'
[0.474s] Level 1:colcon.colcon_core.shell:create_environment_hook('realsense_msgs', 'ld_library_path_lib')
[0.475s] INFO:colcon.colcon_core.shell:Creating environment hook '/root/ros2_ws/install/realsense_msgs/share/realsense_msgs/hook/ld_library_path_lib.ps1'
[0.475s] INFO:colcon.colcon_core.shell:Creating environment descriptor '/root/ros2_ws/install/realsense_msgs/share/realsense_msgs/hook/ld_library_path_lib.dsv'
[0.475s] INFO:colcon.colcon_core.shell:Creating environment hook '/root/ros2_ws/install/realsense_msgs/share/realsense_msgs/hook/ld_library_path_lib.sh'
[0.475s] Level 1:colcon.colcon_core.environment:checking '/root/ros2_ws/install/realsense_msgs/bin'
[0.475s] Level 1:colcon.colcon_core.environment:checking '/root/ros2_ws/install/realsense_msgs/lib/pkgconfig/realsense_msgs.pc'
[0.475s] Level 1:colcon.colcon_core.environment:checking '/root/ros2_ws/install/realsense_msgs/lib/python3.6/site-packages'
[0.475s] Level 1:colcon.colcon_core.shell:create_environment_hook('realsense_msgs', 'pythonpath')
[0.476s] INFO:colcon.colcon_core.shell:Creating environment hook '/root/ros2_ws/install/realsense_msgs/share/realsense_msgs/hook/pythonpath.ps1'
[0.476s] INFO:colcon.colcon_core.shell:Creating environment descriptor '/root/ros2_ws/install/realsense_msgs/share/realsense_msgs/hook/pythonpath.dsv'
[0.476s] INFO:colcon.colcon_core.shell:Creating environment hook '/root/ros2_ws/install/realsense_msgs/share/realsense_msgs/hook/pythonpath.sh'
[0.476s] Level 1:colcon.colcon_core.environment:checking '/root/ros2_ws/install/realsense_msgs/bin'
[0.476s] INFO:colcon.colcon_core.shell:Creating package script '/root/ros2_ws/install/realsense_msgs/share/realsense_msgs/package.ps1'
[0.477s] INFO:colcon.colcon_core.shell:Creating package descriptor '/root/ros2_ws/install/realsense_msgs/share/realsense_msgs/package.dsv'
[0.477s] INFO:colcon.colcon_core.shell:Creating package script '/root/ros2_ws/install/realsense_msgs/share/realsense_msgs/package.sh'
[0.477s] INFO:colcon.colcon_core.shell:Creating package script '/root/ros2_ws/install/realsense_msgs/share/realsense_msgs/package.bash'
[0.478s] INFO:colcon.colcon_core.shell:Creating package script '/root/ros2_ws/install/realsense_msgs/share/realsense_msgs/package.zsh'
[0.478s] Level 1:colcon.colcon_core.environment:create_file_with_runtime_dependencies(/root/ros2_ws/install/realsense_msgs/share/colcon-core/packages/realsense_msgs)
[0.478s] INFO:colcon.colcon_ros.task.ament_cmake.build:Building ROS package in '/root/ros2_ws/src/ros2_intel_realsense/realsense_ros' with build type 'ament_cmake'
[0.478s] INFO:colcon.colcon_cmake.task.cmake.build:Building CMake package in '/root/ros2_ws/src/ros2_intel_realsense/realsense_ros'
[0.479s] INFO:colcon.colcon_core.shell:Skip shell extension 'powershell' for command environment: Not usable outside of PowerShell
[0.479s] DEBUG:colcon.colcon_core.shell:Skip shell extension 'dsv' for command environment
[0.483s] Level 1:colcon.colcon_core.environment:create_environment_scripts_only(grasp_msgs)
[0.483s] Level 1:colcon.colcon_core.environment:checking '/root/ros2_ws/install/grasp_msgs' for CMake module files
[0.483s] DEBUG:colcon.colcon_core.event_handler.log_command:Invoked command in '/root/ros2_ws/build/grasp_msgs' returned '0': CMAKE_PREFIX_PATH=/opt/ros/dashing /usr/local/bin/cmake --build /root/ros2_ws/build/grasp_msgs --target install -- -j16 -l16
[0.484s] Level 1:colcon.colcon_core.environment:checking '/root/ros2_ws/install/grasp_msgs' for CMake config files
[0.484s] Level 1:colcon.colcon_core.shell:create_environment_hook('grasp_msgs', 'cmake_prefix_path')
[0.484s] INFO:colcon.colcon_core.shell:Creating environment hook '/root/ros2_ws/install/grasp_msgs/share/grasp_msgs/hook/cmake_prefix_path.ps1'
[0.485s] INFO:colcon.colcon_core.shell:Creating environment descriptor '/root/ros2_ws/install/grasp_msgs/share/grasp_msgs/hook/cmake_prefix_path.dsv'
[0.485s] INFO:colcon.colcon_core.shell:Creating environment hook '/root/ros2_ws/install/grasp_msgs/share/grasp_msgs/hook/cmake_prefix_path.sh'
[0.486s] Level 1:colcon.colcon_core.environment:checking '/root/ros2_ws/install/grasp_msgs/lib'
[0.486s] Level 1:colcon.colcon_core.shell:create_environment_hook('grasp_msgs', 'ld_library_path_lib')
[0.486s] INFO:colcon.colcon_core.shell:Creating environment hook '/root/ros2_ws/install/grasp_msgs/share/grasp_msgs/hook/ld_library_path_lib.ps1'
[0.486s] INFO:colcon.colcon_core.shell:Creating environment descriptor '/root/ros2_ws/install/grasp_msgs/share/grasp_msgs/hook/ld_library_path_lib.dsv'
[0.486s] INFO:colcon.colcon_core.shell:Creating environment hook '/root/ros2_ws/install/grasp_msgs/share/grasp_msgs/hook/ld_library_path_lib.sh'
[0.486s] Level 1:colcon.colcon_core.environment:checking '/root/ros2_ws/install/grasp_msgs/bin'
[0.487s] Level 1:colcon.colcon_core.environment:checking '/root/ros2_ws/install/grasp_msgs/lib/pkgconfig/grasp_msgs.pc'
[0.487s] Level 1:colcon.colcon_core.environment:checking '/root/ros2_ws/install/grasp_msgs/lib/python3.6/site-packages'
[0.487s] Level 1:colcon.colcon_core.shell:create_environment_hook('grasp_msgs', 'pythonpath')
[0.487s] INFO:colcon.colcon_core.shell:Creating environment hook '/root/ros2_ws/install/grasp_msgs/share/grasp_msgs/hook/pythonpath.ps1'
[0.487s] INFO:colcon.colcon_core.shell:Creating environment descriptor '/root/ros2_ws/install/grasp_msgs/share/grasp_msgs/hook/pythonpath.dsv'
[0.487s] INFO:colcon.colcon_core.shell:Creating environment hook '/root/ros2_ws/install/grasp_msgs/share/grasp_msgs/hook/pythonpath.sh'
[0.487s] Level 1:colcon.colcon_core.environment:checking '/root/ros2_ws/install/grasp_msgs/bin'
[0.488s] INFO:colcon.colcon_core.shell:Creating package script '/root/ros2_ws/install/grasp_msgs/share/grasp_msgs/package.ps1'
[0.488s] INFO:colcon.colcon_core.shell:Creating package descriptor '/root/ros2_ws/install/grasp_msgs/share/grasp_msgs/package.dsv'
[0.488s] INFO:colcon.colcon_core.shell:Creating package script '/root/ros2_ws/install/grasp_msgs/share/grasp_msgs/package.sh'
[0.489s] INFO:colcon.colcon_core.shell:Creating package script '/root/ros2_ws/install/grasp_msgs/share/grasp_msgs/package.bash'
[0.489s] INFO:colcon.colcon_core.shell:Creating package script '/root/ros2_ws/install/grasp_msgs/share/grasp_msgs/package.zsh'
[0.489s] Level 1:colcon.colcon_core.environment:create_file_with_runtime_dependencies(/root/ros2_ws/install/grasp_msgs/share/colcon-core/packages/grasp_msgs)
[0.494s] DEBUG:colcon.colcon_core.event_handler.log_command:Invoking command in '/root/ros2_ws/build/realsense_ros': AMENT_PREFIX_PATH=/root/ros2_ws/install/realsense_msgs:${AMENT_PREFIX_PATH} CMAKE_PREFIX_PATH=/root/ros2_ws/install/realsense_msgs:/opt/ros/dashing LD_LIBRARY_PATH=/root/ros2_ws/install/realsense_msgs/lib:${LD_LIBRARY_PATH} PYTHONPATH=/root/ros2_ws/install/realsense_msgs/lib/python3.6/site-packages:${PYTHONPATH} /usr/local/bin/cmake --build /root/ros2_ws/build/realsense_ros -- -j16 -l16
[0.532s] Level 1:colcon.colcon_core.environment:create_environment_scripts_only(grasp_msgs)
[0.532s] Level 1:colcon.colcon_core.environment:checking '/root/ros2_ws/install/grasp_msgs' for CMake module files
[0.533s] Level 1:colcon.colcon_core.environment:checking '/root/ros2_ws/install/grasp_msgs' for CMake config files
[0.533s] Level 1:colcon.colcon_core.shell:create_environment_hook('grasp_msgs', 'cmake_prefix_path')
[0.534s] INFO:colcon.colcon_core.shell:Creating environment hook '/root/ros2_ws/install/grasp_msgs/share/grasp_msgs/hook/cmake_prefix_path.ps1'
[0.534s] INFO:colcon.colcon_core.shell:Creating environment descriptor '/root/ros2_ws/install/grasp_msgs/share/grasp_msgs/hook/cmake_prefix_path.dsv'
[0.535s] INFO:colcon.colcon_core.shell:Creating environment hook '/root/ros2_ws/install/grasp_msgs/share/grasp_msgs/hook/cmake_prefix_path.sh'
[0.535s] Level 1:colcon.colcon_core.environment:checking '/root/ros2_ws/install/grasp_msgs/lib'
[0.536s] Level 1:colcon.colcon_core.shell:create_environment_hook('grasp_msgs', 'ld_library_path_lib')
[0.536s] INFO:colcon.colcon_core.shell:Creating environment hook '/root/ros2_ws/install/grasp_msgs/share/grasp_msgs/hook/ld_library_path_lib.ps1'
[0.536s] INFO:colcon.colcon_core.shell:Creating environment descriptor '/root/ros2_ws/install/grasp_msgs/share/grasp_msgs/hook/ld_library_path_lib.dsv'
[0.536s] INFO:colcon.colcon_core.shell:Creating environment hook '/root/ros2_ws/install/grasp_msgs/share/grasp_msgs/hook/ld_library_path_lib.sh'
[0.537s] Level 1:colcon.colcon_core.environment:checking '/root/ros2_ws/install/grasp_msgs/bin'
[0.537s] Level 1:colcon.colcon_core.environment:checking '/root/ros2_ws/install/grasp_msgs/lib/pkgconfig/grasp_msgs.pc'
[0.537s] Level 1:colcon.colcon_core.environment:checking '/root/ros2_ws/install/grasp_msgs/lib/python3.6/site-packages'
[0.537s] Level 1:colcon.colcon_core.shell:create_environment_hook('grasp_msgs', 'pythonpath')
[0.537s] INFO:colcon.colcon_core.shell:Creating environment hook '/root/ros2_ws/install/grasp_msgs/share/grasp_msgs/hook/pythonpath.ps1'
[0.537s] INFO:colcon.colcon_core.shell:Creating environment descriptor '/root/ros2_ws/install/grasp_msgs/share/grasp_msgs/hook/pythonpath.dsv'
[0.537s] INFO:colcon.colcon_core.shell:Creating environment hook '/root/ros2_ws/install/grasp_msgs/share/grasp_msgs/hook/pythonpath.sh'
[0.538s] Level 1:colcon.colcon_core.environment:checking '/root/ros2_ws/install/grasp_msgs/bin'
[0.538s] INFO:colcon.colcon_core.shell:Creating package script '/root/ros2_ws/install/grasp_msgs/share/grasp_msgs/package.ps1'
[0.538s] INFO:colcon.colcon_core.shell:Creating package descriptor '/root/ros2_ws/install/grasp_msgs/share/grasp_msgs/package.dsv'
[0.539s] INFO:colcon.colcon_core.shell:Creating package script '/root/ros2_ws/install/grasp_msgs/share/grasp_msgs/package.sh'
[0.539s] INFO:colcon.colcon_core.shell:Creating package script '/root/ros2_ws/install/grasp_msgs/share/grasp_msgs/package.bash'
[0.539s] INFO:colcon.colcon_core.shell:Creating package script '/root/ros2_ws/install/grasp_msgs/share/grasp_msgs/package.zsh'
[0.540s] Level 1:colcon.colcon_core.environment:create_file_with_runtime_dependencies(/root/ros2_ws/install/grasp_msgs/share/colcon-core/packages/grasp_msgs)
[0.546s] DEBUG:colcon.colcon_core.event_handler.log_command:Invoked command in '/root/ros2_ws/build/realsense_ros' returned '0': AMENT_PREFIX_PATH=/root/ros2_ws/install/realsense_msgs:${AMENT_PREFIX_PATH} CMAKE_PREFIX_PATH=/root/ros2_ws/install/realsense_msgs:/opt/ros/dashing LD_LIBRARY_PATH=/root/ros2_ws/install/realsense_msgs/lib:${LD_LIBRARY_PATH} PYTHONPATH=/root/ros2_ws/install/realsense_msgs/lib/python3.6/site-packages:${PYTHONPATH} /usr/local/bin/cmake --build /root/ros2_ws/build/realsense_ros -- -j16 -l16
[0.565s] DEBUG:colcon.colcon_core.event_handler.log_command:Invoking command in '/root/ros2_ws/build/realsense_ros': AMENT_PREFIX_PATH=/root/ros2_ws/install/realsense_msgs:${AMENT_PREFIX_PATH} CMAKE_PREFIX_PATH=/root/ros2_ws/install/realsense_msgs:/opt/ros/dashing LD_LIBRARY_PATH=/root/ros2_ws/install/realsense_msgs/lib:${LD_LIBRARY_PATH} PYTHONPATH=/root/ros2_ws/install/realsense_msgs/lib/python3.6/site-packages:${PYTHONPATH} /usr/local/bin/cmake --build /root/ros2_ws/build/realsense_ros --target install -- -j16 -l16
[0.578s] Level 1:colcon.colcon_core.environment:create_environment_scripts_only(moveit_msgs)
[0.579s] DEBUG:colcon.colcon_core.event_handler.log_command:Invoked command in '/root/ros2_ws/build/moveit_msgs' returned '0': CMAKE_PREFIX_PATH=/opt/ros/dashing /usr/local/bin/cmake --build /root/ros2_ws/build/moveit_msgs --target install -- -j16 -l16
[0.579s] Level 1:colcon.colcon_core.environment:checking '/root/ros2_ws/install/moveit_msgs' for CMake module files
[0.580s] Level 1:colcon.colcon_core.environment:checking '/root/ros2_ws/install/moveit_msgs' for CMake config files
[0.580s] Level 1:colcon.colcon_core.shell:create_environment_hook('moveit_msgs', 'cmake_prefix_path')
[0.580s] INFO:colcon.colcon_core.shell:Creating environment hook '/root/ros2_ws/install/moveit_msgs/share/moveit_msgs/hook/cmake_prefix_path.ps1'
[0.581s] INFO:colcon.colcon_core.shell:Creating environment descriptor '/root/ros2_ws/install/moveit_msgs/share/moveit_msgs/hook/cmake_prefix_path.dsv'
[0.581s] INFO:colcon.colcon_core.shell:Creating environment hook '/root/ros2_ws/install/moveit_msgs/share/moveit_msgs/hook/cmake_prefix_path.sh'
[0.582s] Level 1:colcon.colcon_core.environment:checking '/root/ros2_ws/install/moveit_msgs/lib'
[0.582s] Level 1:colcon.colcon_core.shell:create_environment_hook('moveit_msgs', 'ld_library_path_lib')
[0.582s] INFO:colcon.colcon_core.shell:Creating environment hook '/root/ros2_ws/install/moveit_msgs/share/moveit_msgs/hook/ld_library_path_lib.ps1'
[0.582s] INFO:colcon.colcon_core.shell:Creating environment descriptor '/root/ros2_ws/install/moveit_msgs/share/moveit_msgs/hook/ld_library_path_lib.dsv'
[0.582s] INFO:colcon.colcon_core.shell:Creating environment hook '/root/ros2_ws/install/moveit_msgs/share/moveit_msgs/hook/ld_library_path_lib.sh'
[0.582s] Level 1:colcon.colcon_core.environment:checking '/root/ros2_ws/install/moveit_msgs/bin'
[0.583s] Level 1:colcon.colcon_core.environment:checking '/root/ros2_ws/install/moveit_msgs/lib/pkgconfig/moveit_msgs.pc'
[0.583s] Level 1:colcon.colcon_core.environment:checking '/root/ros2_ws/install/moveit_msgs/lib/python3.6/site-packages'
[0.583s] Level 1:colcon.colcon_core.shell:create_environment_hook('moveit_msgs', 'pythonpath')
[0.583s] INFO:colcon.colcon_core.shell:Creating environment hook '/root/ros2_ws/install/moveit_msgs/share/moveit_msgs/hook/pythonpath.ps1'
[0.583s] INFO:colcon.colcon_core.shell:Creating environment descriptor '/root/ros2_ws/install/moveit_msgs/share/moveit_msgs/hook/pythonpath.dsv'
[0.583s] INFO:colcon.colcon_core.shell:Creating environment hook '/root/ros2_ws/install/moveit_msgs/share/moveit_msgs/hook/pythonpath.sh'
[0.584s] Level 1:colcon.colcon_core.environment:checking '/root/ros2_ws/install/moveit_msgs/bin'
[0.584s] INFO:colcon.colcon_core.shell:Creating package script '/root/ros2_ws/install/moveit_msgs/share/moveit_msgs/package.ps1'
[0.584s] INFO:colcon.colcon_core.shell:Creating package descriptor '/root/ros2_ws/install/moveit_msgs/share/moveit_msgs/package.dsv'
[0.584s] INFO:colcon.colcon_core.shell:Creating package script '/root/ros2_ws/install/moveit_msgs/share/moveit_msgs/package.sh'
[0.585s] INFO:colcon.colcon_core.shell:Creating package script '/root/ros2_ws/install/moveit_msgs/share/moveit_msgs/package.bash'
[0.585s] INFO:colcon.colcon_core.shell:Creating package script '/root/ros2_ws/install/moveit_msgs/share/moveit_msgs/package.zsh'
[0.585s] Level 1:colcon.colcon_core.environment:create_file_with_runtime_dependencies(/root/ros2_ws/install/moveit_msgs/share/colcon-core/packages/moveit_msgs)
[0.636s] Level 1:colcon.colcon_core.environment:create_environment_scripts_only(realsense_ros)
[0.637s] Level 1:colcon.colcon_core.environment:checking '/root/ros2_ws/install/realsense_ros' for CMake module files
[0.637s] DEBUG:colcon.colcon_core.event_handler.log_command:Invoked command in '/root/ros2_ws/build/realsense_ros' returned '0': AMENT_PREFIX_PATH=/root/ros2_ws/install/realsense_msgs:${AMENT_PREFIX_PATH} CMAKE_PREFIX_PATH=/root/ros2_ws/install/realsense_msgs:/opt/ros/dashing LD_LIBRARY_PATH=/root/ros2_ws/install/realsense_msgs/lib:${LD_LIBRARY_PATH} PYTHONPATH=/root/ros2_ws/install/realsense_msgs/lib/python3.6/site-packages:${PYTHONPATH} /usr/local/bin/cmake --build /root/ros2_ws/build/realsense_ros --target install -- -j16 -l16
[0.637s] Level 1:colcon.colcon_core.environment:checking '/root/ros2_ws/install/realsense_ros' for CMake config files
[0.638s] Level 1:colcon.colcon_core.shell:create_environment_hook('realsense_ros', 'cmake_prefix_path')
[0.638s] INFO:colcon.colcon_core.shell:Creating environment hook '/root/ros2_ws/install/realsense_ros/share/realsense_ros/hook/cmake_prefix_path.ps1'
[0.638s] INFO:colcon.colcon_core.shell:Creating environment descriptor '/root/ros2_ws/install/realsense_ros/share/realsense_ros/hook/cmake_prefix_path.dsv'
[0.638s] INFO:colcon.colcon_core.shell:Creating environment hook '/root/ros2_ws/install/realsense_ros/share/realsense_ros/hook/cmake_prefix_path.sh'
[0.639s] Level 1:colcon.colcon_core.environment:checking '/root/ros2_ws/install/realsense_ros/lib'
[0.639s] Level 1:colcon.colcon_core.shell:create_environment_hook('realsense_ros', 'ld_library_path_lib')
[0.639s] INFO:colcon.colcon_core.shell:Creating environment hook '/root/ros2_ws/install/realsense_ros/share/realsense_ros/hook/ld_library_path_lib.ps1'
[0.639s] INFO:colcon.colcon_core.shell:Creating environment descriptor '/root/ros2_ws/install/realsense_ros/share/realsense_ros/hook/ld_library_path_lib.dsv'
[0.640s] INFO:colcon.colcon_core.shell:Creating environment hook '/root/ros2_ws/install/realsense_ros/share/realsense_ros/hook/ld_library_path_lib.sh'
[0.640s] Level 1:colcon.colcon_core.environment:checking '/root/ros2_ws/install/realsense_ros/bin'
[0.640s] Level 1:colcon.colcon_core.environment:checking '/root/ros2_ws/install/realsense_ros/lib/pkgconfig/realsense_ros.pc'
[0.640s] Level 1:colcon.colcon_core.environment:checking '/root/ros2_ws/install/realsense_ros/lib/python3.6/site-packages'
[0.640s] Level 1:colcon.colcon_core.environment:checking '/root/ros2_ws/install/realsense_ros/bin'
[0.640s] INFO:colcon.colcon_core.shell:Creating package script '/root/ros2_ws/install/realsense_ros/share/realsense_ros/package.ps1'
[0.641s] INFO:colcon.colcon_core.shell:Creating package descriptor '/root/ros2_ws/install/realsense_ros/share/realsense_ros/package.dsv'
[0.641s] INFO:colcon.colcon_core.shell:Creating package script '/root/ros2_ws/install/realsense_ros/share/realsense_ros/package.sh'
[0.641s] INFO:colcon.colcon_core.shell:Creating package script '/root/ros2_ws/install/realsense_ros/share/realsense_ros/package.bash'
[0.641s] INFO:colcon.colcon_core.shell:Creating package script '/root/ros2_ws/install/realsense_ros/share/realsense_ros/package.zsh'
[0.641s] Level 1:colcon.colcon_core.environment:create_file_with_runtime_dependencies(/root/ros2_ws/install/realsense_ros/share/colcon-core/packages/realsense_ros)
[0.661s] Level 1:colcon.colcon_core.environment:create_environment_scripts_only(realsense_ros)
[0.661s] Level 1:colcon.colcon_core.environment:checking '/root/ros2_ws/install/realsense_ros' for CMake module files
[0.662s] Level 1:colcon.colcon_core.environment:checking '/root/ros2_ws/install/realsense_ros' for CMake config files
[0.662s] Level 1:colcon.colcon_core.shell:create_environment_hook('realsense_ros', 'cmake_prefix_path')
[0.662s] INFO:colcon.colcon_core.shell:Creating environment hook '/root/ros2_ws/install/realsense_ros/share/realsense_ros/hook/cmake_prefix_path.ps1'
[0.663s] INFO:colcon.colcon_core.shell:Creating environment descriptor '/root/ros2_ws/install/realsense_ros/share/realsense_ros/hook/cmake_prefix_path.dsv'
[0.663s] INFO:colcon.colcon_core.shell:Creating environment hook '/root/ros2_ws/install/realsense_ros/share/realsense_ros/hook/cmake_prefix_path.sh'
[0.663s] Level 1:colcon.colcon_core.environment:checking '/root/ros2_ws/install/realsense_ros/lib'
[0.663s] Level 1:colcon.colcon_core.shell:create_environment_hook('realsense_ros', 'ld_library_path_lib')
[0.663s] INFO:colcon.colcon_core.shell:Creating environment hook '/root/ros2_ws/install/realsense_ros/share/realsense_ros/hook/ld_library_path_lib.ps1'
[0.664s] INFO:colcon.colcon_core.shell:Creating environment descriptor '/root/ros2_ws/install/realsense_ros/share/realsense_ros/hook/ld_library_path_lib.dsv'
[0.664s] INFO:colcon.colcon_core.shell:Creating environment hook '/root/ros2_ws/install/realsense_ros/share/realsense_ros/hook/ld_library_path_lib.sh'
[0.664s] Level 1:colcon.colcon_core.environment:checking '/root/ros2_ws/install/realsense_ros/bin'
[0.664s] Level 1:colcon.colcon_core.environment:checking '/root/ros2_ws/install/realsense_ros/lib/pkgconfig/realsense_ros.pc'
[0.664s] Level 1:colcon.colcon_core.environment:checking '/root/ros2_ws/install/realsense_ros/lib/python3.6/site-packages'
[0.664s] Level 1:colcon.colcon_core.environment:checking '/root/ros2_ws/install/realsense_ros/bin'
[0.664s] INFO:colcon.colcon_core.shell:Creating package script '/root/ros2_ws/install/realsense_ros/share/realsense_ros/package.ps1'
[0.665s] INFO:colcon.colcon_core.shell:Creating package descriptor '/root/ros2_ws/install/realsense_ros/share/realsense_ros/package.dsv'
[0.665s] INFO:colcon.colcon_core.shell:Creating package script '/root/ros2_ws/install/realsense_ros/share/realsense_ros/package.sh'
[0.665s] INFO:colcon.colcon_core.shell:Creating package script '/root/ros2_ws/install/realsense_ros/share/realsense_ros/package.bash'
[0.666s] INFO:colcon.colcon_core.shell:Creating package script '/root/ros2_ws/install/realsense_ros/share/realsense_ros/package.zsh'
[0.666s] Level 1:colcon.colcon_core.environment:create_file_with_runtime_dependencies(/root/ros2_ws/install/realsense_ros/share/colcon-core/packages/realsense_ros)
[0.666s] INFO:colcon.colcon_ros.task.ament_cmake.build:Building ROS package in '/root/ros2_ws/src/ros2_intel_realsense/realsense_node' with build type 'ament_cmake'
[0.667s] INFO:colcon.colcon_cmake.task.cmake.build:Building CMake package in '/root/ros2_ws/src/ros2_intel_realsense/realsense_node'
[0.667s] INFO:colcon.colcon_core.shell:Skip shell extension 'powershell' for command environment: Not usable outside of PowerShell
[0.667s] DEBUG:colcon.colcon_core.shell:Skip shell extension 'dsv' for command environment
[0.674s] DEBUG:colcon.colcon_core.event_handler.log_command:Invoking command in '/root/ros2_ws/build/realsense_node': AMENT_PREFIX_PATH=/root/ros2_ws/install/realsense_ros:/root/ros2_ws/install/realsense_msgs:${AMENT_PREFIX_PATH} CMAKE_PREFIX_PATH=/root/ros2_ws/install/realsense_ros:/root/ros2_ws/install/realsense_msgs:/opt/ros/dashing LD_LIBRARY_PATH=/root/ros2_ws/install/realsense_ros/lib:/root/ros2_ws/install/realsense_msgs/lib:${LD_LIBRARY_PATH} PYTHONPATH=/root/ros2_ws/install/realsense_msgs/lib/python3.6/site-packages:${PYTHONPATH} /usr/local/bin/cmake --build /root/ros2_ws/build/realsense_node -- -j16 -l16
[0.676s] Level 1:colcon.colcon_core.environment:create_environment_scripts_only(moveit_msgs)
[0.676s] Level 1:colcon.colcon_core.environment:checking '/root/ros2_ws/install/moveit_msgs' for CMake module files
[0.676s] Level 1:colcon.colcon_core.environment:checking '/root/ros2_ws/install/moveit_msgs' for CMake config files
[0.677s] Level 1:colcon.colcon_core.shell:create_environment_hook('moveit_msgs', 'cmake_prefix_path')
[0.677s] INFO:colcon.colcon_core.shell:Creating environment hook '/root/ros2_ws/install/moveit_msgs/share/moveit_msgs/hook/cmake_prefix_path.ps1'
[0.677s] INFO:colcon.colcon_core.shell:Creating environment descriptor '/root/ros2_ws/install/moveit_msgs/share/moveit_msgs/hook/cmake_prefix_path.dsv'
[0.678s] INFO:colcon.colcon_core.shell:Creating environment hook '/root/ros2_ws/install/moveit_msgs/share/moveit_msgs/hook/cmake_prefix_path.sh'
[0.678s] Level 1:colcon.colcon_core.environment:checking '/root/ros2_ws/install/moveit_msgs/lib'
[0.678s] Level 1:colcon.colcon_core.shell:create_environment_hook('moveit_msgs', 'ld_library_path_lib')
[0.678s] INFO:colcon.colcon_core.shell:Creating environment hook '/root/ros2_ws/install/moveit_msgs/share/moveit_msgs/hook/ld_library_path_lib.ps1'
[0.679s] INFO:colcon.colcon_core.shell:Creating environment descriptor '/root/ros2_ws/install/moveit_msgs/share/moveit_msgs/hook/ld_library_path_lib.dsv'
[0.679s] INFO:colcon.colcon_core.shell:Creating environment hook '/root/ros2_ws/install/moveit_msgs/share/moveit_msgs/hook/ld_library_path_lib.sh'
[0.679s] Level 1:colcon.colcon_core.environment:checking '/root/ros2_ws/install/moveit_msgs/bin'
[0.679s] Level 1:colcon.colcon_core.environment:checking '/root/ros2_ws/install/moveit_msgs/lib/pkgconfig/moveit_msgs.pc'
[0.679s] Level 1:colcon.colcon_core.environment:checking '/root/ros2_ws/install/moveit_msgs/lib/python3.6/site-packages'
[0.679s] Level 1:colcon.colcon_core.shell:create_environment_hook('moveit_msgs', 'pythonpath')
[0.679s] INFO:colcon.colcon_core.shell:Creating environment hook '/root/ros2_ws/install/moveit_msgs/share/moveit_msgs/hook/pythonpath.ps1'
[0.679s] INFO:colcon.colcon_core.shell:Creating environment descriptor '/root/ros2_ws/install/moveit_msgs/share/moveit_msgs/hook/pythonpath.dsv'
[0.680s] INFO:colcon.colcon_core.shell:Creating environment hook '/root/ros2_ws/install/moveit_msgs/share/moveit_msgs/hook/pythonpath.sh'
[0.680s] Level 1:colcon.colcon_core.environment:checking '/root/ros2_ws/install/moveit_msgs/bin'
[0.680s] INFO:colcon.colcon_core.shell:Creating package script '/root/ros2_ws/install/moveit_msgs/share/moveit_msgs/package.ps1'
[0.680s] INFO:colcon.colcon_core.shell:Creating package descriptor '/root/ros2_ws/install/moveit_msgs/share/moveit_msgs/package.dsv'
[0.681s] INFO:colcon.colcon_core.shell:Creating package script '/root/ros2_ws/install/moveit_msgs/share/moveit_msgs/package.sh'
[0.681s] INFO:colcon.colcon_core.shell:Creating package script '/root/ros2_ws/install/moveit_msgs/share/moveit_msgs/package.bash'
[0.681s] INFO:colcon.colcon_core.shell:Creating package script '/root/ros2_ws/install/moveit_msgs/share/moveit_msgs/package.zsh'
[0.681s] Level 1:colcon.colcon_core.environment:create_file_with_runtime_dependencies(/root/ros2_ws/install/moveit_msgs/share/colcon-core/packages/moveit_msgs)
[0.682s] INFO:colcon.colcon_ros.task.ament_cmake.build:Building ROS package in '/root/ros2_ws/src/ros2_grasp_library/grasp_ros2' with build type 'ament_cmake'
[0.682s] INFO:colcon.colcon_cmake.task.cmake.build:Building CMake package in '/root/ros2_ws/src/ros2_grasp_library/grasp_ros2'
[0.682s] INFO:colcon.colcon_core.shell:Skip shell extension 'powershell' for command environment: Not usable outside of PowerShell
[0.682s] DEBUG:colcon.colcon_core.shell:Skip shell extension 'dsv' for command environment
[0.692s] DEBUG:colcon.colcon_core.event_handler.log_command:Invoking command in '/root/ros2_ws/build/grasp_ros2': AMENT_PREFIX_PATH=/root/ros2_ws/install/moveit_msgs:/root/ros2_ws/install/grasp_msgs:${AMENT_PREFIX_PATH} CMAKE_PREFIX_PATH=/root/ros2_ws/install/moveit_msgs:/root/ros2_ws/install/grasp_msgs:/opt/ros/dashing LD_LIBRARY_PATH=/root/ros2_ws/install/moveit_msgs/lib:/root/ros2_ws/install/grasp_msgs/lib:${LD_LIBRARY_PATH} PYTHONPATH=/root/ros2_ws/install/moveit_msgs/lib/python3.6/site-packages:/root/ros2_ws/install/grasp_msgs/lib/python3.6/site-packages:${PYTHONPATH} /usr/local/bin/cmake --build /root/ros2_ws/build/grasp_ros2 -- -j16 -l16
[0.704s] DEBUG:colcon.colcon_core.event_handler.log_command:Invoked command in '/root/ros2_ws/build/realsense_node' returned '0': AMENT_PREFIX_PATH=/root/ros2_ws/install/realsense_ros:/root/ros2_ws/install/realsense_msgs:${AMENT_PREFIX_PATH} CMAKE_PREFIX_PATH=/root/ros2_ws/install/realsense_ros:/root/ros2_ws/install/realsense_msgs:/opt/ros/dashing LD_LIBRARY_PATH=/root/ros2_ws/install/realsense_ros/lib:/root/ros2_ws/install/realsense_msgs/lib:${LD_LIBRARY_PATH} PYTHONPATH=/root/ros2_ws/install/realsense_msgs/lib/python3.6/site-packages:${PYTHONPATH} /usr/local/bin/cmake --build /root/ros2_ws/build/realsense_node -- -j16 -l16
[0.717s] DEBUG:colcon.colcon_core.event_handler.log_command:Invoking command in '/root/ros2_ws/build/realsense_node': AMENT_PREFIX_PATH=/root/ros2_ws/install/realsense_ros:/root/ros2_ws/install/realsense_msgs:${AMENT_PREFIX_PATH} CMAKE_PREFIX_PATH=/root/ros2_ws/install/realsense_ros:/root/ros2_ws/install/realsense_msgs:/opt/ros/dashing LD_LIBRARY_PATH=/root/ros2_ws/install/realsense_ros/lib:/root/ros2_ws/install/realsense_msgs/lib:${LD_LIBRARY_PATH} PYTHONPATH=/root/ros2_ws/install/realsense_msgs/lib/python3.6/site-packages:${PYTHONPATH} /usr/local/bin/cmake --build /root/ros2_ws/build/realsense_node --target install -- -j16 -l16
[0.758s] DEBUG:colcon.colcon_core.event_handler.log_command:Invoked command in '/root/ros2_ws/build/grasp_ros2' returned '0': AMENT_PREFIX_PATH=/root/ros2_ws/install/moveit_msgs:/root/ros2_ws/install/grasp_msgs:${AMENT_PREFIX_PATH} CMAKE_PREFIX_PATH=/root/ros2_ws/install/moveit_msgs:/root/ros2_ws/install/grasp_msgs:/opt/ros/dashing LD_LIBRARY_PATH=/root/ros2_ws/install/moveit_msgs/lib:/root/ros2_ws/install/grasp_msgs/lib:${LD_LIBRARY_PATH} PYTHONPATH=/root/ros2_ws/install/moveit_msgs/lib/python3.6/site-packages:/root/ros2_ws/install/grasp_msgs/lib/python3.6/site-packages:${PYTHONPATH} /usr/local/bin/cmake --build /root/ros2_ws/build/grasp_ros2 -- -j16 -l16
[0.761s] Level 1:colcon.colcon_core.environment:create_environment_scripts_only(realsense_node)
[0.761s] Level 1:colcon.colcon_core.environment:checking '/root/ros2_ws/install/realsense_node' for CMake module files
[0.762s] DEBUG:colcon.colcon_core.event_handler.log_command:Invoked command in '/root/ros2_ws/build/realsense_node' returned '0': AMENT_PREFIX_PATH=/root/ros2_ws/install/realsense_ros:/root/ros2_ws/install/realsense_msgs:${AMENT_PREFIX_PATH} CMAKE_PREFIX_PATH=/root/ros2_ws/install/realsense_ros:/root/ros2_ws/install/realsense_msgs:/opt/ros/dashing LD_LIBRARY_PATH=/root/ros2_ws/install/realsense_ros/lib:/root/ros2_ws/install/realsense_msgs/lib:${LD_LIBRARY_PATH} PYTHONPATH=/root/ros2_ws/install/realsense_msgs/lib/python3.6/site-packages:${PYTHONPATH} /usr/local/bin/cmake --build /root/ros2_ws/build/realsense_node --target install -- -j16 -l16
[0.762s] Level 1:colcon.colcon_core.environment:checking '/root/ros2_ws/install/realsense_node' for CMake config files
[0.762s] Level 1:colcon.colcon_core.shell:create_environment_hook('realsense_node', 'cmake_prefix_path')
[0.763s] INFO:colcon.colcon_core.shell:Creating environment hook '/root/ros2_ws/install/realsense_node/share/realsense_node/hook/cmake_prefix_path.ps1'
[0.763s] INFO:colcon.colcon_core.shell:Creating environment descriptor '/root/ros2_ws/install/realsense_node/share/realsense_node/hook/cmake_prefix_path.dsv'
[0.763s] INFO:colcon.colcon_core.shell:Creating environment hook '/root/ros2_ws/install/realsense_node/share/realsense_node/hook/cmake_prefix_path.sh'
[0.764s] Level 1:colcon.colcon_core.environment:checking '/root/ros2_ws/install/realsense_node/lib'
[0.764s] Level 1:colcon.colcon_core.environment:checking '/root/ros2_ws/install/realsense_node/bin'
[0.764s] Level 1:colcon.colcon_core.shell:create_environment_hook('realsense_node', 'path')
[0.764s] INFO:colcon.colcon_core.shell:Creating environment hook '/root/ros2_ws/install/realsense_node/share/realsense_node/hook/path.ps1'
[0.764s] INFO:colcon.colcon_core.shell:Creating environment descriptor '/root/ros2_ws/install/realsense_node/share/realsense_node/hook/path.dsv'
[0.764s] INFO:colcon.colcon_core.shell:Creating environment hook '/root/ros2_ws/install/realsense_node/share/realsense_node/hook/path.sh'
[0.765s] Level 1:colcon.colcon_core.environment:checking '/root/ros2_ws/install/realsense_node/lib/pkgconfig/realsense_node.pc'
[0.765s] Level 1:colcon.colcon_core.environment:checking '/root/ros2_ws/install/realsense_node/lib/python3.6/site-packages'
[0.765s] Level 1:colcon.colcon_core.environment:checking '/root/ros2_ws/install/realsense_node/bin'
[0.765s] Level 1:colcon.colcon_core.shell:create_environment_hook('realsense_node', 'pythonscriptspath')
[0.765s] INFO:colcon.colcon_core.shell:Creating environment hook '/root/ros2_ws/install/realsense_node/share/realsense_node/hook/pythonscriptspath.ps1'
[0.765s] INFO:colcon.colcon_core.shell:Creating environment descriptor '/root/ros2_ws/install/realsense_node/share/realsense_node/hook/pythonscriptspath.dsv'
[0.766s] INFO:colcon.colcon_core.shell:Creating environment hook '/root/ros2_ws/install/realsense_node/share/realsense_node/hook/pythonscriptspath.sh'
[0.766s] INFO:colcon.colcon_core.shell:Creating package script '/root/ros2_ws/install/realsense_node/share/realsense_node/package.ps1'
[0.766s] INFO:colcon.colcon_core.shell:Creating package descriptor '/root/ros2_ws/install/realsense_node/share/realsense_node/package.dsv'
[0.767s] INFO:colcon.colcon_core.shell:Creating package script '/root/ros2_ws/install/realsense_node/share/realsense_node/package.sh'
[0.767s] INFO:colcon.colcon_core.shell:Creating package script '/root/ros2_ws/install/realsense_node/share/realsense_node/package.bash'
[0.767s] INFO:colcon.colcon_core.shell:Creating package script '/root/ros2_ws/install/realsense_node/share/realsense_node/package.zsh'
[0.767s] Level 1:colcon.colcon_core.environment:create_file_with_runtime_dependencies(/root/ros2_ws/install/realsense_node/share/colcon-core/packages/realsense_node)
[0.780s] Level 1:colcon.colcon_core.environment:create_environment_scripts_only(realsense_node)
[0.780s] Level 1:colcon.colcon_core.environment:checking '/root/ros2_ws/install/realsense_node' for CMake module files
[0.780s] Level 1:colcon.colcon_core.environment:checking '/root/ros2_ws/install/realsense_node' for CMake config files
[0.781s] Level 1:colcon.colcon_core.shell:create_environment_hook('realsense_node', 'cmake_prefix_path')
[0.781s] INFO:colcon.colcon_core.shell:Creating environment hook '/root/ros2_ws/install/realsense_node/share/realsense_node/hook/cmake_prefix_path.ps1'
[0.781s] INFO:colcon.colcon_core.shell:Creating environment descriptor '/root/ros2_ws/install/realsense_node/share/realsense_node/hook/cmake_prefix_path.dsv'
[0.781s] INFO:colcon.colcon_core.shell:Creating environment hook '/root/ros2_ws/install/realsense_node/share/realsense_node/hook/cmake_prefix_path.sh'
[0.782s] Level 1:colcon.colcon_core.environment:checking '/root/ros2_ws/install/realsense_node/lib'
[0.782s] Level 1:colcon.colcon_core.environment:checking '/root/ros2_ws/install/realsense_node/bin'
[0.782s] Level 1:colcon.colcon_core.shell:create_environment_hook('realsense_node', 'path')
[0.782s] INFO:colcon.colcon_core.shell:Creating environment hook '/root/ros2_ws/install/realsense_node/share/realsense_node/hook/path.ps1'
[0.782s] INFO:colcon.colcon_core.shell:Creating environment descriptor '/root/ros2_ws/install/realsense_node/share/realsense_node/hook/path.dsv'
[0.782s] INFO:colcon.colcon_core.shell:Creating environment hook '/root/ros2_ws/install/realsense_node/share/realsense_node/hook/path.sh'
[0.783s] Level 1:colcon.colcon_core.environment:checking '/root/ros2_ws/install/realsense_node/lib/pkgconfig/realsense_node.pc'
[0.783s] Level 1:colcon.colcon_core.environment:checking '/root/ros2_ws/install/realsense_node/lib/python3.6/site-packages'
[0.783s] Level 1:colcon.colcon_core.environment:checking '/root/ros2_ws/install/realsense_node/bin'
[0.783s] Level 1:colcon.colcon_core.shell:create_environment_hook('realsense_node', 'pythonscriptspath')
[0.783s] INFO:colcon.colcon_core.shell:Creating environment hook '/root/ros2_ws/install/realsense_node/share/realsense_node/hook/pythonscriptspath.ps1'
[0.783s] INFO:colcon.colcon_core.shell:Creating environment descriptor '/root/ros2_ws/install/realsense_node/share/realsense_node/hook/pythonscriptspath.dsv'
[0.783s] INFO:colcon.colcon_core.shell:Creating environment hook '/root/ros2_ws/install/realsense_node/share/realsense_node/hook/pythonscriptspath.sh'
[0.784s] INFO:colcon.colcon_core.shell:Creating package script '/root/ros2_ws/install/realsense_node/share/realsense_node/package.ps1'
[0.784s] INFO:colcon.colcon_core.shell:Creating package descriptor '/root/ros2_ws/install/realsense_node/share/realsense_node/package.dsv'
[0.785s] INFO:colcon.colcon_core.shell:Creating package script '/root/ros2_ws/install/realsense_node/share/realsense_node/package.sh'
[0.785s] INFO:colcon.colcon_core.shell:Creating package script '/root/ros2_ws/install/realsense_node/share/realsense_node/package.bash'
[0.785s] INFO:colcon.colcon_core.shell:Creating package script '/root/ros2_ws/install/realsense_node/share/realsense_node/package.zsh'
[0.785s] Level 1:colcon.colcon_core.environment:create_file_with_runtime_dependencies(/root/ros2_ws/install/realsense_node/share/colcon-core/packages/realsense_node)
[0.788s] DEBUG:colcon.colcon_core.event_handler.log_command:Invoking command in '/root/ros2_ws/build/grasp_ros2': AMENT_PREFIX_PATH=/root/ros2_ws/install/moveit_msgs:/root/ros2_ws/install/grasp_msgs:${AMENT_PREFIX_PATH} CMAKE_PREFIX_PATH=/root/ros2_ws/install/moveit_msgs:/root/ros2_ws/install/grasp_msgs:/opt/ros/dashing LD_LIBRARY_PATH=/root/ros2_ws/install/moveit_msgs/lib:/root/ros2_ws/install/grasp_msgs/lib:${LD_LIBRARY_PATH} PYTHONPATH=/root/ros2_ws/install/moveit_msgs/lib/python3.6/site-packages:/root/ros2_ws/install/grasp_msgs/lib/python3.6/site-packages:${PYTHONPATH} /usr/local/bin/cmake --build /root/ros2_ws/build/grasp_ros2 --target install -- -j16 -l16
[0.884s] Level 1:colcon.colcon_core.environment:create_environment_scripts_only(grasp_ros2)
[0.884s] Level 1:colcon.colcon_core.environment:checking '/root/ros2_ws/install/grasp_ros2' for CMake module files
[0.885s] DEBUG:colcon.colcon_core.event_handler.log_command:Invoked command in '/root/ros2_ws/build/grasp_ros2' returned '0': AMENT_PREFIX_PATH=/root/ros2_ws/install/moveit_msgs:/root/ros2_ws/install/grasp_msgs:${AMENT_PREFIX_PATH} CMAKE_PREFIX_PATH=/root/ros2_ws/install/moveit_msgs:/root/ros2_ws/install/grasp_msgs:/opt/ros/dashing LD_LIBRARY_PATH=/root/ros2_ws/install/moveit_msgs/lib:/root/ros2_ws/install/grasp_msgs/lib:${LD_LIBRARY_PATH} PYTHONPATH=/root/ros2_ws/install/moveit_msgs/lib/python3.6/site-packages:/root/ros2_ws/install/grasp_msgs/lib/python3.6/site-packages:${PYTHONPATH} /usr/local/bin/cmake --build /root/ros2_ws/build/grasp_ros2 --target install -- -j16 -l16
[0.885s] Level 1:colcon.colcon_core.environment:checking '/root/ros2_ws/install/grasp_ros2' for CMake config files
[0.885s] Level 1:colcon.colcon_core.shell:create_environment_hook('grasp_ros2', 'cmake_prefix_path')
[0.885s] INFO:colcon.colcon_core.shell:Creating environment hook '/root/ros2_ws/install/grasp_ros2/share/grasp_ros2/hook/cmake_prefix_path.ps1'
[0.886s] INFO:colcon.colcon_core.shell:Creating environment descriptor '/root/ros2_ws/install/grasp_ros2/share/grasp_ros2/hook/cmake_prefix_path.dsv'
[0.886s] INFO:colcon.colcon_core.shell:Creating environment hook '/root/ros2_ws/install/grasp_ros2/share/grasp_ros2/hook/cmake_prefix_path.sh'
[0.887s] Level 1:colcon.colcon_core.environment:checking '/root/ros2_ws/install/grasp_ros2/lib'
[0.887s] Level 1:colcon.colcon_core.shell:create_environment_hook('grasp_ros2', 'ld_library_path_lib')
[0.887s] INFO:colcon.colcon_core.shell:Creating environment hook '/root/ros2_ws/install/grasp_ros2/share/grasp_ros2/hook/ld_library_path_lib.ps1'
[0.887s] INFO:colcon.colcon_core.shell:Creating environment descriptor '/root/ros2_ws/install/grasp_ros2/share/grasp_ros2/hook/ld_library_path_lib.dsv'
[0.887s] INFO:colcon.colcon_core.shell:Creating environment hook '/root/ros2_ws/install/grasp_ros2/share/grasp_ros2/hook/ld_library_path_lib.sh'
[0.887s] Level 1:colcon.colcon_core.environment:checking '/root/ros2_ws/install/grasp_ros2/bin'
[0.887s] Level 1:colcon.colcon_core.shell:create_environment_hook('grasp_ros2', 'path')
[0.888s] INFO:colcon.colcon_core.shell:Creating environment hook '/root/ros2_ws/install/grasp_ros2/share/grasp_ros2/hook/path.ps1'
[0.888s] INFO:colcon.colcon_core.shell:Creating environment descriptor '/root/ros2_ws/install/grasp_ros2/share/grasp_ros2/hook/path.dsv'
[0.888s] INFO:colcon.colcon_core.shell:Creating environment hook '/root/ros2_ws/install/grasp_ros2/share/grasp_ros2/hook/path.sh'
[0.888s] Level 1:colcon.colcon_core.environment:checking '/root/ros2_ws/install/grasp_ros2/lib/pkgconfig/grasp_ros2.pc'
[0.888s] Level 1:colcon.colcon_core.environment:checking '/root/ros2_ws/install/grasp_ros2/lib/python3.6/site-packages'
[0.888s] Level 1:colcon.colcon_core.environment:checking '/root/ros2_ws/install/grasp_ros2/bin'
[0.888s] Level 1:colcon.colcon_core.shell:create_environment_hook('grasp_ros2', 'pythonscriptspath')
[0.888s] INFO:colcon.colcon_core.shell:Creating environment hook '/root/ros2_ws/install/grasp_ros2/share/grasp_ros2/hook/pythonscriptspath.ps1'
[0.889s] INFO:colcon.colcon_core.shell:Creating environment descriptor '/root/ros2_ws/install/grasp_ros2/share/grasp_ros2/hook/pythonscriptspath.dsv'
[0.889s] INFO:colcon.colcon_core.shell:Creating environment hook '/root/ros2_ws/install/grasp_ros2/share/grasp_ros2/hook/pythonscriptspath.sh'
[0.889s] INFO:colcon.colcon_core.shell:Creating package script '/root/ros2_ws/install/grasp_ros2/share/grasp_ros2/package.ps1'
[0.890s] INFO:colcon.colcon_core.shell:Creating package descriptor '/root/ros2_ws/install/grasp_ros2/share/grasp_ros2/package.dsv'
[0.890s] INFO:colcon.colcon_core.shell:Creating package script '/root/ros2_ws/install/grasp_ros2/share/grasp_ros2/package.sh'
[0.890s] INFO:colcon.colcon_core.shell:Creating package script '/root/ros2_ws/install/grasp_ros2/share/grasp_ros2/package.bash'
[0.890s] INFO:colcon.colcon_core.shell:Creating package script '/root/ros2_ws/install/grasp_ros2/share/grasp_ros2/package.zsh'
[0.891s] Level 1:colcon.colcon_core.environment:create_file_with_runtime_dependencies(/root/ros2_ws/install/grasp_ros2/share/colcon-core/packages/grasp_ros2)
[0.928s] Level 1:colcon.colcon_core.environment:create_environment_scripts_only(grasp_ros2)
[0.928s] Level 1:colcon.colcon_core.environment:checking '/root/ros2_ws/install/grasp_ros2' for CMake module files
[0.929s] Level 1:colcon.colcon_core.environment:checking '/root/ros2_ws/install/grasp_ros2' for CMake config files
[0.930s] Level 1:colcon.colcon_core.shell:create_environment_hook('grasp_ros2', 'cmake_prefix_path')
[0.931s] INFO:colcon.colcon_core.shell:Creating environment hook '/root/ros2_ws/install/grasp_ros2/share/grasp_ros2/hook/cmake_prefix_path.ps1'
[0.932s] INFO:colcon.colcon_core.shell:Creating environment descriptor '/root/ros2_ws/install/grasp_ros2/share/grasp_ros2/hook/cmake_prefix_path.dsv'
[0.932s] INFO:colcon.colcon_core.shell:Creating environment hook '/root/ros2_ws/install/grasp_ros2/share/grasp_ros2/hook/cmake_prefix_path.sh'
[0.934s] Level 1:colcon.colcon_core.environment:checking '/root/ros2_ws/install/grasp_ros2/lib'
[0.934s] Level 1:colcon.colcon_core.shell:create_environment_hook('grasp_ros2', 'ld_library_path_lib')
[0.934s] INFO:colcon.colcon_core.shell:Creating environment hook '/root/ros2_ws/install/grasp_ros2/share/grasp_ros2/hook/ld_library_path_lib.ps1'
[0.935s] INFO:colcon.colcon_core.shell:Creating environment descriptor '/root/ros2_ws/install/grasp_ros2/share/grasp_ros2/hook/ld_library_path_lib.dsv'
[0.935s] INFO:colcon.colcon_core.shell:Creating environment hook '/root/ros2_ws/install/grasp_ros2/share/grasp_ros2/hook/ld_library_path_lib.sh'
[0.936s] Level 1:colcon.colcon_core.environment:checking '/root/ros2_ws/install/grasp_ros2/bin'
[0.936s] Level 1:colcon.colcon_core.shell:create_environment_hook('grasp_ros2', 'path')
[0.936s] INFO:colcon.colcon_core.shell:Creating environment hook '/root/ros2_ws/install/grasp_ros2/share/grasp_ros2/hook/path.ps1'
[0.937s] INFO:colcon.colcon_core.shell:Creating environment descriptor '/root/ros2_ws/install/grasp_ros2/share/grasp_ros2/hook/path.dsv'
[0.937s] INFO:colcon.colcon_core.shell:Creating environment hook '/root/ros2_ws/install/grasp_ros2/share/grasp_ros2/hook/path.sh'
[0.938s] Level 1:colcon.colcon_core.environment:checking '/root/ros2_ws/install/grasp_ros2/lib/pkgconfig/grasp_ros2.pc'
[0.938s] Level 1:colcon.colcon_core.environment:checking '/root/ros2_ws/install/grasp_ros2/lib/python3.6/site-packages'
[0.938s] Level 1:colcon.colcon_core.environment:checking '/root/ros2_ws/install/grasp_ros2/bin'
[0.938s] Level 1:colcon.colcon_core.shell:create_environment_hook('grasp_ros2', 'pythonscriptspath')
[0.939s] INFO:colcon.colcon_core.shell:Creating environment hook '/root/ros2_ws/install/grasp_ros2/share/grasp_ros2/hook/pythonscriptspath.ps1'
[0.939s] INFO:colcon.colcon_core.shell:Creating environment descriptor '/root/ros2_ws/install/grasp_ros2/share/grasp_ros2/hook/pythonscriptspath.dsv'
[0.939s] INFO:colcon.colcon_core.shell:Creating environment hook '/root/ros2_ws/install/grasp_ros2/share/grasp_ros2/hook/pythonscriptspath.sh'
[0.940s] INFO:colcon.colcon_core.shell:Creating package script '/root/ros2_ws/install/grasp_ros2/share/grasp_ros2/package.ps1'
[0.941s] INFO:colcon.colcon_core.shell:Creating package descriptor '/root/ros2_ws/install/grasp_ros2/share/grasp_ros2/package.dsv'
[0.941s] INFO:colcon.colcon_core.shell:Creating package script '/root/ros2_ws/install/grasp_ros2/share/grasp_ros2/package.sh'
[0.942s] INFO:colcon.colcon_core.shell:Creating package script '/root/ros2_ws/install/grasp_ros2/share/grasp_ros2/package.bash'
[0.942s] INFO:colcon.colcon_core.shell:Creating package script '/root/ros2_ws/install/grasp_ros2/share/grasp_ros2/package.zsh'
[0.942s] Level 1:colcon.colcon_core.environment:create_file_with_runtime_dependencies(/root/ros2_ws/install/grasp_ros2/share/colcon-core/packages/grasp_ros2)
[0.943s] DEBUG:colcon.colcon_parallel_executor.executor.parallel:closing loop
[0.944s] DEBUG:colcon.colcon_parallel_executor.executor.parallel:loop closed
[0.945s] DEBUG:colcon.colcon_parallel_executor.executor.parallel:run_until_complete finished with '0'
[0.945s] DEBUG:colcon.colcon_core.event_reactor:joining thread
[0.948s] INFO:colcon.colcon_core.plugin_system:Skipping extension 'colcon_notification.desktop_notification.notify_send': Could not find 'notify-send'
[0.948s] INFO:colcon.colcon_core.plugin_system:Skipping extension 'colcon_notification.desktop_notification.terminal_notifier': Not used on non-Darwin systems
[0.948s] INFO:colcon.colcon_core.plugin_system:Skipping extension 'colcon_notification.desktop_notification.win32': Not used on non-Windows systems
[0.948s] INFO:colcon.colcon_notification.desktop_notification:Sending desktop notification using 'notify2'
[0.950s] DEBUG:colcon.colcon_notification.desktop_notification.notify2:Failed to initialize notify2: org.freedesktop.DBus.Error.Spawn.ExecFailed: /usr/bin/dbus-launch terminated abnormally without any error message
[0.950s] DEBUG:colcon.colcon_core.event_reactor:joined thread
[0.950s] INFO:colcon.colcon_core.shell:Creating prefix script '/root/ros2_ws/install/local_setup.ps1'
[0.951s] INFO:colcon.colcon_core.shell:Creating prefix util module '/root/ros2_ws/install/_local_setup_util_ps1.py'
[0.952s] INFO:colcon.colcon_core.shell:Creating prefix chain script '/root/ros2_ws/install/setup.ps1'
[0.953s] INFO:colcon.colcon_core.shell:Creating prefix script '/root/ros2_ws/install/local_setup.sh'
[0.953s] INFO:colcon.colcon_core.shell:Creating prefix util module '/root/ros2_ws/install/_local_setup_util_sh.py'
[0.953s] INFO:colcon.colcon_core.shell:Creating prefix chain script '/root/ros2_ws/install/setup.sh'
[0.954s] INFO:colcon.colcon_core.shell:Creating prefix script '/root/ros2_ws/install/local_setup.bash'
[0.954s] INFO:colcon.colcon_core.shell:Creating prefix chain script '/root/ros2_ws/install/setup.bash'
[0.955s] INFO:colcon.colcon_core.shell:Creating prefix script '/root/ros2_ws/install/local_setup.zsh'
[0.955s] INFO:colcon.colcon_core.shell:Creating prefix chain script '/root/ros2_ws/install/setup.zsh'
